season,holiday,workingday,weather,temp,atemp,humidity,windspeed,year,month,day,hour,count
3,0,1,1,27.88,31.82,83,6.0032,2011,7,6,5,35
3,0,0,1,36.9,40.91,39,19.9995,2012,8,4,16,450
3,0,1,1,32.8,35.605,41,16.9979,2012,7,11,15,276
2,0,0,2,14.76,18.18,93,7.0015,2011,4,10,4,5
4,0,0,1,13.12,15.15,45,16.9979,2011,11,19,10,200
1,0,1,1,13.94,16.665,25,8.9981,2012,2,13,19,263
4,0,1,3,13.94,14.395,87,43.0006,2011,12,7,20,26
3,1,0,1,35.26,39.395,41,15.0013,2012,7,4,12,494
4,0,1,2,25.42,27.275,94,7.0015,2012,10,2,22,240
3,0,1,1,29.52,34.09,62,0.0,2012,7,17,4,7
1,0,1,1,9.84,9.85,65,27.9993,2011,2,8,7,100
3,0,1,1,32.8,34.85,31,15.0013,2012,8,16,13,300
1,0,1,1,16.4,20.455,43,19.0012,2012,2,15,13,170
1,1,0,3,6.56,7.575,80,12.998,2011,1,17,21,27
4,0,1,1,22.96,26.515,83,7.0015,2012,10,19,18,233
3,0,0,1,32.8,36.365,46,19.9995,2012,8,11,16,531
1,0,1,2,24.6,31.06,40,30.0026,2012,3,8,19,416
4,0,1,1,22.96,26.515,46,8.9981,2011,11,8,16,289
1,0,1,2,10.66,13.635,48,8.9981,2012,2,10,10,124
2,0,0,1,27.06,31.06,36,8.9981,2011,6,4,11,369
2,0,1,2,23.78,27.275,83,7.0015,2012,5,2,10,175
3,0,1,1,31.98,35.605,49,12.998,2012,7,10,17,872
3,0,1,1,31.16,33.335,35,16.9979,2011,8,11,11,187
3,0,1,1,34.44,38.635,41,0.0,2011,7,7,12,171
2,0,0,2,13.94,17.425,81,6.0032,2012,4,1,5,18
2,0,0,1,27.88,31.82,61,11.0014,2012,6,9,23,230
2,0,1,1,14.76,16.665,40,22.0028,2012,4,6,10,238
3,0,1,1,31.98,34.09,29,6.0032,2011,8,11,18,571
2,0,0,1,30.34,34.09,62,8.9981,2011,6,11,9,230
1,0,1,2,9.02,11.365,82,12.998,2011,1,18,17,125
3,0,1,1,33.62,38.635,52,8.9981,2012,7,6,21,300
2,0,1,1,17.22,21.21,67,11.0014,2011,4,13,21,117
4,0,1,3,18.86,22.725,94,0.0,2011,11,16,7,137
1,0,1,1,9.02,11.365,51,11.0014,2012,3,5,3,1
4,0,1,1,17.22,21.21,44,7.0015,2012,11,9,18,496
4,0,0,1,15.58,19.695,66,11.0014,2011,10,16,6,10
3,0,1,2,26.24,30.305,65,15.0013,2012,9,17,17,842
2,0,0,1,18.86,22.725,82,7.0015,2012,6,3,6,22
3,0,1,1,32.8,37.12,52,19.0012,2011,8,18,12,173
1,0,1,3,18.86,22.725,82,12.998,2012,3,13,6,113
3,0,0,1,27.06,31.06,41,0.0,2012,9,16,17,570
4,0,1,1,23.78,27.275,56,6.0032,2012,12,3,13,321
1,1,0,1,8.2,9.09,55,22.0028,2012,1,16,12,185
3,0,0,1,26.24,30.305,69,7.0015,2011,9,11,19,333
2,0,1,1,21.32,25.0,83,11.0014,2011,5,13,1,20
4,0,1,3,16.4,20.455,82,0.0,2011,10,3,20,204
2,0,1,3,22.14,25.76,68,19.0012,2011,4,12,13,106
4,1,0,1,22.96,26.515,64,15.0013,2012,11,12,12,419
2,0,0,1,18.86,22.725,31,8.9981,2011,4,3,14,349
3,0,0,1,32.8,40.15,66,0.0,2012,7,8,7,52
4,0,1,2,13.12,16.665,57,7.0015,2011,12,12,15,132
2,0,1,2,22.14,25.76,45,23.9994,2011,4,4,10,90
1,0,1,1,13.12,15.91,57,12.998,2011,2,17,4,4
2,0,1,1,22.96,26.515,64,6.0032,2011,5,11,11,141
3,0,0,2,27.88,31.82,83,26.0027,2011,8,13,21,167
3,0,1,1,25.42,29.545,73,12.998,2011,7,15,1,20
4,0,0,1,16.4,20.455,50,11.0014,2012,12,15,14,426
3,0,0,1,29.52,35.605,84,15.0013,2012,7,15,19,312
2,0,0,3,18.04,21.97,94,15.0013,2011,4,16,20,53
3,0,0,2,29.52,34.85,79,30.0026,2011,8,6,18,211
2,0,1,1,22.14,25.76,28,16.9979,2012,4,13,15,352
2,0,0,1,27.06,30.305,78,15.0013,2011,6,12,0,119
4,0,0,1,18.86,22.725,59,27.9993,2011,10,1,3,25
3,0,1,1,27.06,29.545,89,0.0,2011,8,8,2,7
2,0,1,1,27.06,31.06,61,0.0,2012,5,16,10,192
3,0,1,2,28.7,33.335,79,23.9994,2011,9,8,14,120
2,0,1,1,13.94,15.91,66,16.9979,2011,5,5,6,89
2,0,0,1,13.12,15.15,33,19.0012,2012,4,7,7,54
3,0,1,3,27.88,31.82,79,43.0006,2012,9,18,10,160
3,0,0,1,20.5,24.24,77,7.0015,2012,9,16,7,71
1,0,1,1,18.04,21.97,72,6.0032,2012,3,15,7,381
2,0,1,1,28.7,32.575,54,8.9981,2012,5,16,11,267
2,0,0,1,29.52,32.575,37,15.0013,2012,6,16,14,573
3,0,1,1,30.34,34.85,66,7.0015,2012,8,8,21,381
1,0,0,1,22.96,26.515,64,6.0032,2012,3,18,17,541
2,0,1,1,31.16,33.335,27,0.0,2011,6,15,15,164
2,0,0,2,25.42,30.305,61,0.0,2012,5,6,16,544
1,0,1,1,9.84,12.88,52,6.0032,2011,3,8,3,7
3,0,1,2,28.7,32.575,54,12.998,2012,9,14,13,408
4,0,1,1,21.32,25.0,63,22.0028,2011,12,15,23,114
2,0,0,3,21.32,25.0,83,11.0014,2012,5,6,5,11
2,0,1,2,18.86,22.725,100,15.0013,2011,4,11,6,61
1,0,1,3,9.02,10.605,93,15.0013,2011,2,2,8,155
1,0,1,1,15.58,19.695,40,31.0009,2011,2,14,8,256
1,0,1,2,8.2,9.09,40,19.0012,2011,1,10,13,54
4,0,0,2,14.76,16.665,46,26.0027,2012,11,3,11,340
3,0,1,1,26.24,30.305,69,7.0015,2012,8,13,4,11
4,0,1,2,22.14,25.76,100,7.0015,2011,10,13,4,7
1,0,1,1,2.46,7.575,45,0.0,2011,2,9,6,43
2,0,1,1,22.14,25.76,45,19.9995,2011,6,3,6,106
4,0,0,1,12.3,14.395,70,12.998,2012,11,18,1,95
2,0,1,1,25.42,30.305,69,30.0026,2011,5,17,15,210
4,0,0,3,14.76,18.18,93,7.0015,2012,12,9,22,78
4,1,0,1,13.12,15.91,39,12.998,2011,11,11,22,91
1,0,1,2,18.04,21.97,51,32.9975,2012,1,18,3,4
4,0,0,2,16.4,20.455,87,8.9981,2012,12,8,10,287
3,0,1,3,29.52,34.85,79,11.0014,2011,7,19,23,92
1,0,0,3,9.02,9.85,75,27.9993,2012,2,11,16,146
1,0,0,2,10.66,12.88,56,11.0014,2011,1,16,5,2
1,0,1,3,9.02,11.365,93,8.9981,2011,2,2,2,4
1,1,0,2,9.84,10.605,41,22.0028,2012,1,2,21,66
1,0,1,2,7.38,10.605,51,6.0032,2011,1,11,8,217
3,0,1,1,28.7,32.575,48,12.998,2011,7,15,12,238
3,0,1,2,27.88,31.82,65,8.9981,2011,9,15,11,159
3,0,0,2,26.24,28.79,83,15.0013,2012,8,18,0,105
1,0,1,2,13.12,16.665,45,8.9981,2012,2,10,15,191
4,0,1,1,14.76,18.18,40,7.0015,2012,11,6,14,240
1,0,0,1,9.02,10.605,44,19.9995,2012,3,10,8,111
1,0,0,2,9.02,9.85,100,26.0027,2011,3,6,22,10
4,0,1,1,28.7,32.575,48,12.998,2012,10,5,11,304
2,0,0,1,22.96,26.515,73,11.0014,2012,5,6,22,157
2,0,1,2,19.68,23.485,67,0.0,2011,4,19,6,65
2,0,1,2,24.6,29.545,69,8.9981,2011,6,16,8,388
4,0,1,2,25.42,27.275,94,7.0015,2012,10,3,5,34
3,0,0,3,23.78,27.275,83,8.9981,2012,9,8,18,167
1,0,1,3,18.04,21.97,0,19.9995,2011,3,10,14,12
3,0,1,1,22.14,25.76,83,0.0,2012,9,14,5,41
4,0,1,3,18.04,21.97,100,6.0032,2011,12,7,11,50
4,0,1,1,15.58,19.695,43,15.0013,2012,11,16,11,218
1,0,0,2,9.84,11.365,56,16.9979,2012,2,19,9,93
2,0,1,3,27.06,30.305,83,16.9979,2012,6,12,12,95
4,0,1,2,16.4,20.455,58,11.0014,2012,11,1,13,248
4,0,0,1,16.4,20.455,40,15.0013,2012,11,4,15,449
4,1,0,1,21.32,25.0,77,16.9979,2012,11,12,22,112
3,0,1,1,33.62,37.12,43,7.0015,2011,8,8,19,416
3,0,1,2,28.7,32.575,54,0.0,2012,7,13,7,380
3,0,1,2,32.8,37.12,52,16.9979,2012,8,8,14,236
3,0,1,1,31.98,38.635,70,7.0015,2012,9,5,12,266
3,0,1,1,27.06,30.305,83,11.0014,2012,8,3,5,37
1,0,1,1,13.94,15.15,31,26.0027,2011,3,7,15,96
4,0,1,1,10.66,13.635,65,8.9981,2011,12,8,22,92
4,0,1,1,18.04,21.97,82,8.9981,2011,10,5,5,32
3,0,0,1,29.52,33.335,58,12.998,2011,9,10,18,360
4,0,1,1,18.04,21.97,44,19.0012,2012,12,5,11,172
1,0,1,1,9.02,10.605,69,15.0013,2011,3,2,5,5
1,0,0,1,20.5,24.24,29,19.9995,2012,3,11,15,487
2,0,1,1,29.52,34.85,79,6.0032,2012,6,19,22,291
2,0,0,2,17.22,21.21,67,15.0013,2012,4,1,12,445
3,0,1,2,22.14,25.76,45,11.0014,2011,9,16,14,225
2,0,1,1,21.32,25.0,23,27.9993,2012,4,6,17,655
2,0,1,1,21.32,25.0,48,22.0028,2011,6,3,4,6
3,0,1,1,30.34,34.85,66,16.9979,2012,8,10,21,286
4,0,0,1,13.12,15.15,45,19.0012,2011,12,18,15,207
4,0,0,2,14.76,18.94,62,0.0,2012,12,16,0,110
2,0,1,1,21.32,25.0,77,16.9979,2012,5,2,20,338
1,0,0,1,15.58,19.695,46,11.0014,2012,1,7,1,62
3,0,1,1,26.24,29.545,78,8.9981,2011,9,13,22,144
1,0,1,1,10.66,13.635,41,7.0015,2012,3,6,12,138
4,0,0,1,13.94,16.665,53,8.9981,2012,10,13,1,146
3,0,0,1,27.06,31.06,39,8.9981,2012,9,16,14,635
2,0,1,1,24.6,28.79,78,8.9981,2012,5,17,0,79
3,0,0,1,30.34,34.85,70,16.9979,2011,8,13,14,259
2,0,1,1,14.76,18.18,71,7.0015,2011,5,6,3,9
3,0,0,1,29.52,34.09,66,16.9979,2011,7,10,23,72
4,0,1,1,16.4,20.455,76,8.9981,2011,11,2,19,282
2,0,1,2,20.5,24.24,88,15.0013,2011,4,11,7,176
1,0,1,2,10.66,15.15,56,0.0,2012,2,14,1,6
1,0,0,1,12.3,14.395,45,19.0012,2011,1,15,23,44
1,0,1,2,16.4,20.455,76,15.0013,2011,3,16,14,100
1,0,1,1,16.4,20.455,62,19.0012,2011,1,19,13,78
3,0,1,1,29.52,34.09,62,0.0,2012,7,5,5,29
3,0,0,1,33.62,35.605,30,19.0012,2011,7,2,18,383
3,0,0,3,37.72,44.695,42,19.0012,2012,7,8,15,298
4,0,1,2,19.68,23.485,77,6.0032,2012,10,9,22,162
3,0,1,1,31.98,34.85,40,11.0014,2012,7,9,17,849
3,0,1,1,21.32,25.0,63,15.0013,2012,9,19,7,545
1,0,1,1,12.3,13.635,42,27.9993,2011,3,7,12,96
3,0,0,1,26.24,30.305,65,11.0014,2012,8,12,6,16
3,0,1,1,31.16,34.85,52,19.0012,2011,9,14,17,599
1,0,0,1,7.38,10.605,37,6.0032,2012,1,15,22,60
3,0,1,1,27.06,31.06,74,19.0012,2011,8,18,8,420
4,0,0,1,12.3,14.395,56,16.9979,2011,12,3,0,75
1,0,1,1,9.02,9.09,32,31.0009,2011,2,15,5,4
2,0,0,1,21.32,25.0,59,7.0015,2012,6,3,2,89
3,0,1,1,24.6,31.06,53,19.9995,2012,9,10,9,361
4,0,0,1,22.96,26.515,83,12.998,2012,10,6,8,206
1,0,1,2,14.76,17.425,62,12.998,2011,3,15,17,217
4,0,1,1,13.12,15.91,70,11.0014,2011,12,15,0,50
2,0,0,1,22.14,25.76,88,0.0,2011,5,15,20,191
4,0,1,1,20.5,24.24,77,0.0,2011,10,17,22,104
1,0,0,2,16.4,20.455,87,0.0,2012,3,3,10,168
2,0,0,1,18.86,22.725,23,15.0013,2012,4,7,23,118
3,0,1,1,29.52,33.335,64,0.0,2011,8,9,6,101
2,0,1,2,26.24,30.305,69,27.9993,2011,4,11,13,139
1,0,1,2,6.56,9.09,80,8.9981,2011,2,4,9,127
3,0,0,1,32.8,38.635,59,32.9975,2012,7,15,17,436
3,0,1,2,26.24,30.305,73,6.0032,2011,9,2,21,149
2,0,1,1,25.42,31.06,35,0.0,2011,6,3,22,171
3,0,1,1,24.6,28.03,83,12.998,2011,8,15,3,7
3,0,1,3,31.16,34.85,55,8.9981,2011,8,3,12,161
4,0,1,1,12.3,14.395,39,15.0013,2012,11,8,6,124
1,0,1,1,13.12,16.665,76,8.9981,2011,3,17,7,140
4,0,1,1,16.4,20.455,40,19.9995,2012,11,13,15,217
1,0,1,1,20.5,24.24,29,16.9979,2012,1,6,18,419
2,0,1,2,31.16,34.85,52,16.9979,2011,6,7,11,151
1,0,0,1,9.02,11.365,51,8.9981,2011,2,12,23,32
2,0,0,1,23.78,27.275,46,8.9981,2012,6,2,22,228
4,0,1,2,22.14,25.76,77,12.998,2012,10,18,21,283
4,0,1,2,21.32,25.0,77,12.998,2011,10,19,2,7
3,0,1,1,27.06,29.545,89,12.998,2011,7,7,2,8
4,0,1,1,14.76,17.425,43,8.9981,2012,11,14,14,181
2,0,0,1,12.3,15.91,61,7.0015,2011,4,3,1,34
1,0,0,1,8.2,11.365,64,7.0015,2011,2,13,0,39
4,0,0,1,13.94,17.425,76,6.0032,2012,11,11,1,108
2,0,1,1,22.96,26.515,56,11.0014,2012,6,8,1,29
4,0,0,1,14.76,17.425,71,15.0013,2011,10,2,21,88
4,0,1,2,16.4,20.455,87,0.0,2012,12,17,12,232
3,0,1,1,37.72,41.665,33,15.0013,2012,7,5,13,310
2,0,1,1,24.6,31.06,38,7.0015,2011,4,7,15,160
2,0,0,3,21.32,25.0,83,15.0013,2012,5,6,6,17
1,0,1,1,11.48,12.88,61,19.9995,2012,3,7,8,566
1,0,0,2,12.3,15.15,70,8.9981,2012,2,11,0,53
2,0,0,2,20.5,24.24,72,12.998,2011,5,1,16,214
4,0,1,2,16.4,20.455,76,0.0,2011,11,4,2,10
2,0,1,2,25.42,30.305,69,8.9981,2011,5,2,19,314
2,0,0,1,21.32,25.0,72,12.998,2012,5,13,5,12
4,0,0,1,13.94,17.425,61,6.0032,2012,12,15,11,393
3,0,1,2,29.52,34.85,79,15.0013,2012,9,6,12,137
2,0,1,2,22.96,26.515,88,0.0,2012,5,2,8,666
2,0,1,2,22.14,25.76,52,6.0032,2011,4,18,11,123
2,1,0,1,18.04,21.97,67,0.0,2011,4,15,0,27
1,0,1,1,4.92,6.06,50,15.0013,2011,1,10,3,1
4,0,0,2,15.58,19.695,82,12.998,2011,10,1,19,126
1,0,1,1,8.2,11.365,55,6.0032,2012,3,5,5,18
1,0,1,2,7.38,12.12,55,0.0,2011,1,14,23,27
4,0,1,3,18.04,21.97,88,43.0006,2012,11,13,1,5
1,0,1,3,15.58,19.695,0,19.0012,2011,3,10,8,44
4,0,1,1,21.32,25.0,83,7.0015,2012,10,5,7,428
2,0,0,3,13.12,16.665,81,8.9981,2011,4,2,12,184
1,0,0,1,7.38,9.85,59,11.0014,2011,1,15,10,59
1,0,1,1,16.4,20.455,47,15.0013,2012,1,10,5,23
2,0,1,3,16.4,20.455,94,22.0028,2011,4,13,3,2
4,0,1,3,18.86,22.725,94,6.0032,2011,11,16,1,5
1,0,1,1,13.94,15.15,34,19.9995,2011,2,16,11,66
1,0,1,1,5.74,8.335,59,7.0015,2011,1,11,0,12
4,0,1,1,18.86,22.725,59,7.0015,2011,11,7,18,425
2,0,0,1,14.76,18.18,66,7.0015,2012,4,14,5,7
2,0,0,1,21.32,25.0,55,15.0013,2012,4,1,19,346
4,0,0,2,16.4,20.455,82,12.998,2012,12,16,22,89
3,0,1,2,30.34,34.09,58,8.9981,2012,7,9,12,266
1,0,1,1,18.86,22.725,88,7.0015,2012,3,19,8,579
2,0,1,1,18.86,22.725,77,12.998,2012,5,10,4,2
2,0,1,1,26.24,31.06,57,11.0014,2012,4,17,1,11
1,0,1,2,13.12,17.425,66,0.0,2012,2,10,22,113
2,0,0,1,31.16,35.605,62,8.9981,2011,6,11,11,325
2,0,1,1,34.44,37.88,41,12.998,2011,6,8,11,134
4,0,0,1,12.3,14.395,49,19.0012,2011,12,17,0,62
1,0,1,3,13.12,15.91,81,12.998,2012,2,16,14,31
3,0,0,1,26.24,30.305,69,11.0014,2011,9,3,8,89
1,0,0,1,14.76,15.91,25,30.0026,2011,2,19,18,88
2,0,1,1,29.52,34.85,74,11.0014,2011,6,10,23,146
1,0,1,1,18.04,21.97,54,19.0012,2011,3,17,11,86
2,0,1,3,15.58,19.695,94,12.998,2011,4,13,8,164
1,0,1,1,17.22,21.21,38,19.9995,2012,1,10,12,140
3,0,1,1,21.32,25.0,68,15.0013,2012,9,10,7,447
4,1,0,1,13.94,15.15,39,22.0028,2011,11,11,17,310
2,0,1,1,26.24,31.06,27,15.0013,2012,4,4,20,372
1,0,0,1,15.58,19.695,40,15.0013,2012,1,8,17,219
3,0,1,3,28.7,33.335,84,19.0012,2012,8,10,4,7
1,0,1,2,15.58,19.695,43,19.0012,2011,3,15,15,90
2,0,0,1,28.7,33.335,79,8.9981,2011,6,11,0,117
2,0,1,2,22.14,25.76,68,11.0014,2011,4,19,11,72
2,0,1,1,30.34,34.09,62,19.0012,2011,6,17,13,204
3,0,1,2,30.34,34.85,66,23.9994,2012,8,10,12,315
2,0,0,1,25.42,29.545,78,7.0015,2012,5,5,9,284
2,0,1,2,12.3,13.635,93,19.9995,2011,4,8,22,51
3,0,0,1,28.7,33.335,89,12.998,2011,8,7,5,5
3,0,0,1,28.7,33.335,74,8.9981,2011,9,4,10,297
3,0,1,1,22.96,26.515,73,0.0,2012,9,13,8,758
3,0,1,1,29.52,34.85,74,7.0015,2012,8,8,22,233
3,0,1,1,31.16,35.605,62,12.998,2012,7,10,10,190
2,0,1,2,26.24,28.79,83,15.0013,2012,6,1,9,298
3,0,1,1,29.52,34.09,62,15.0013,2011,8,1,20,305
3,0,0,1,30.34,34.09,58,11.0014,2011,7,9,21,238
3,0,1,2,24.6,28.79,78,11.0014,2012,9,14,8,766
2,0,0,3,22.14,25.76,94,8.9981,2011,5,14,20,157
2,0,1,1,27.06,31.06,57,6.0032,2011,6,6,21,189
4,0,1,1,13.12,14.395,45,26.0027,2012,12,5,22,105
3,0,1,1,29.52,34.85,74,8.9981,2011,7,11,22,90
3,0,1,1,31.16,36.365,66,7.0015,2012,7,18,1,16
2,0,1,1,17.22,21.21,35,12.998,2012,4,12,23,94
1,0,1,3,12.3,15.91,61,7.0015,2012,2,8,15,54
3,0,1,1,30.34,34.85,66,8.9981,2012,7,18,3,4
3,0,0,1,27.06,29.545,89,22.0028,2012,9,8,2,77
4,0,1,1,19.68,23.485,63,12.998,2011,10,6,1,22
1,0,1,1,5.74,5.305,33,31.0009,2011,2,8,21,54
2,0,0,1,32.8,37.88,55,12.998,2011,6,11,13,387
4,0,1,2,22.14,25.76,64,12.998,2012,10,9,14,244
4,0,1,2,24.6,28.79,78,15.0013,2011,10,11,18,539
4,0,1,1,10.66,11.365,52,22.0028,2011,12,8,10,110
4,0,1,1,18.86,22.725,88,12.998,2012,10,18,0,57
1,0,1,1,18.04,21.97,33,15.0013,2011,2,14,10,55
3,0,1,1,27.06,30.305,83,7.0015,2011,8,18,20,165
1,0,1,1,9.84,11.365,65,12.998,2012,2,3,9,270
1,0,0,3,9.02,9.09,69,31.0009,2012,2,11,17,144
4,0,1,1,13.12,17.425,93,0.0,2011,12,5,8,404
2,0,0,1,22.96,26.515,43,11.0014,2012,5,19,9,292
4,0,0,1,18.86,22.725,59,8.9981,2012,10,6,21,215
2,0,1,1,14.76,16.665,50,23.9994,2011,4,1,13,110
4,0,0,1,12.3,15.91,70,7.0015,2011,12,4,0,83
4,0,1,1,13.94,16.665,76,8.9981,2011,11,3,2,7
4,0,1,1,9.84,10.605,52,26.0027,2011,12,8,9,225
1,0,1,1,9.84,9.85,44,30.0026,2012,1,13,10,103
3,0,0,2,27.88,31.82,89,11.0014,2012,7,15,2,115
3,0,1,1,29.52,33.335,54,7.0015,2012,8,16,9,337
3,0,1,1,29.52,34.85,74,8.9981,2012,7,10,8,649
2,0,1,1,24.6,28.79,78,7.0015,2012,5,2,0,47
1,0,0,1,20.5,24.24,31,32.9975,2011,3,19,14,312
1,0,0,1,15.58,19.695,43,15.0013,2012,1,8,12,351
4,0,1,1,12.3,15.91,42,6.0032,2012,12,6,14,212
4,0,0,1,12.3,15.15,52,11.0014,2012,11,17,0,106
4,0,1,1,8.2,12.88,69,0.0,2011,12,12,1,9
2,0,1,1,14.76,17.425,46,15.0013,2012,4,5,8,638
3,0,1,1,31.16,34.09,43,15.0013,2012,7,12,17,795
2,0,1,1,22.14,25.76,26,8.9981,2012,4,13,18,671
1,0,1,2,27.06,31.06,41,6.0032,2012,3,15,13,273
3,0,0,1,26.24,28.79,83,8.9981,2011,9,4,5,6
1,0,1,1,5.74,6.06,39,23.9994,2011,2,10,11,45
3,0,1,3,28.7,33.335,84,19.0012,2012,8,10,5,33
2,0,1,1,30.34,32.575,28,26.0027,2011,6,2,11,165
2,0,1,2,23.78,27.275,78,12.998,2012,5,2,13,228
3,0,0,1,29.52,33.335,51,15.0013,2011,7,16,20,296
3,0,0,2,27.06,31.06,74,0.0,2012,8,19,9,270
3,0,1,1,29.52,34.09,70,12.998,2012,8,3,0,71
2,0,0,1,25.42,31.06,41,6.0032,2012,5,12,11,522
1,0,1,1,17.22,21.21,38,23.9994,2012,2,14,17,523
4,0,1,2,13.12,16.665,66,8.9981,2012,11,15,10,153
1,0,1,1,9.02,9.85,35,26.0027,2011,2,8,15,51
4,0,1,2,14.76,17.425,81,8.9981,2011,11,1,3,6
2,0,0,2,21.32,25.0,100,0.0,2011,5,15,0,39
3,0,0,2,26.24,28.03,94,11.0014,2011,8,14,5,10
4,0,1,1,17.22,21.21,38,12.998,2012,11,16,13,278
4,0,1,1,18.04,21.97,88,15.0013,2012,10,18,4,5
1,0,1,1,9.02,11.365,51,11.0014,2011,2,4,11,64
4,0,0,1,6.56,8.335,59,11.0014,2011,12,11,4,5
3,0,0,1,31.16,34.09,45,19.9995,2011,7,16,13,497
4,0,1,1,24.6,31.06,40,11.0014,2012,10,10,15,319
3,0,0,1,29.52,33.335,54,19.0012,2011,7,2,23,154
2,0,0,1,23.78,27.275,64,0.0,2012,6,17,10,436
3,0,1,2,26.24,28.79,83,8.9981,2012,8,1,7,487
2,0,1,1,22.14,25.76,24,11.0014,2012,4,13,19,427
2,0,0,1,14.76,17.425,71,8.9981,2012,4,14,8,160
3,0,1,1,32.8,35.605,41,12.998,2011,8,17,13,176
1,0,0,1,5.74,8.335,54,7.0015,2012,1,14,3,20
4,0,1,1,9.02,10.605,51,19.9995,2012,12,6,8,659
3,0,0,1,34.44,40.15,53,19.9995,2011,7,3,16,414
2,0,1,2,28.7,33.335,74,23.9994,2012,6,1,12,310
4,0,1,1,18.04,21.97,72,7.0015,2011,11,9,19,304
4,0,0,2,10.66,12.88,56,15.0013,2011,12,17,8,59
4,0,0,2,14.76,17.425,57,12.998,2012,12,15,20,201
4,0,0,1,13.94,18.18,53,0.0,2011,11,5,19,204
3,0,1,3,24.6,27.275,88,19.9995,2012,9,18,16,141
1,0,1,3,14.76,16.665,0,22.0028,2011,3,10,20,38
2,0,1,1,22.96,26.515,26,7.0015,2012,4,3,19,558
1,0,1,1,18.04,21.97,72,6.0032,2012,3,15,6,117
1,0,1,1,12.3,14.395,33,15.0013,2011,3,7,19,145
1,0,0,2,16.4,20.455,87,16.9979,2011,1,1,20,36
4,0,0,1,11.48,14.395,81,8.9981,2012,11,18,5,12
3,0,1,1,27.06,31.06,54,7.0015,2011,7,15,21,261
2,0,1,1,27.88,31.82,83,12.998,2012,6,12,19,491
3,0,1,1,32.8,37.12,49,7.0015,2011,8,19,15,222
1,0,1,1,6.56,6.82,37,19.0012,2011,3,3,9,145
4,0,0,1,20.5,24.24,77,0.0,2011,10,9,9,185
3,0,0,3,27.06,31.06,65,16.9979,2011,9,3,10,258
1,1,0,3,5.74,6.06,93,16.9979,2011,1,17,22,13
1,0,1,1,8.2,8.335,40,27.9993,2012,1,18,21,124
2,0,1,1,18.86,22.725,63,0.0,2011,4,18,7,168
2,0,1,3,22.14,25.76,94,16.9979,2011,5,17,3,4
1,0,0,1,13.94,18.18,46,0.0,2011,2,6,13,182
3,0,1,1,32.8,35.605,41,15.0013,2011,8,16,16,303
1,0,0,1,13.94,16.665,76,8.9981,2011,3,13,3,23
4,0,1,2,18.86,22.725,67,0.0,2011,12,5,14,133
4,0,1,1,10.66,14.395,70,6.0032,2011,12,1,23,73
3,0,1,1,25.42,28.79,83,7.0015,2011,9,12,23,69
2,0,0,2,14.76,17.425,81,8.9981,2011,4,9,12,202
1,0,1,1,24.6,31.06,43,12.998,2011,2,18,13,176
4,0,1,1,21.32,25.0,48,11.0014,2011,11,9,14,179
1,0,1,1,9.84,10.605,35,19.0012,2011,1,3,13,61
4,0,0,2,15.58,19.695,76,11.0014,2011,10,2,19,162
4,0,1,2,14.76,17.425,53,11.0014,2011,12,19,19,251
2,0,1,1,23.78,27.275,40,11.0014,2011,6,3,9,230
4,0,1,1,13.94,15.91,46,15.0013,2012,11,5,11,150
2,0,1,3,18.86,22.725,51,7.0015,2012,4,18,12,110
3,0,1,1,25.42,31.06,53,16.9979,2011,7,14,4,6
1,0,1,2,13.94,17.425,81,7.0015,2012,2,16,21,145
1,0,1,2,15.58,19.695,29,26.0027,2012,3,9,13,224
3,0,1,2,31.16,36.365,66,12.998,2012,8,3,21,278
1,0,1,1,14.76,16.665,87,16.9979,2012,1,13,3,7
4,0,1,1,16.4,20.455,82,0.0,2011,11,3,22,137
1,0,1,2,9.84,12.88,92,7.0015,2011,1,19,7,90
4,0,1,1,17.22,21.21,38,8.9981,2012,11,16,15,267
2,0,1,3,17.22,21.21,77,7.0015,2012,4,19,1,13
3,0,1,1,30.34,34.85,70,11.0014,2012,9,5,19,662
3,0,1,3,29.52,33.335,54,16.9979,2011,9,1,14,198
2,0,0,1,20.5,24.24,68,0.0,2012,6,3,5,12
4,0,1,3,18.86,22.725,88,26.0027,2011,11,16,19,111
4,0,0,1,13.12,14.395,53,23.9994,2012,11,4,20,141
3,0,0,2,28.7,33.335,84,19.0012,2011,8,7,0,80
2,0,1,1,30.34,32.575,37,16.9979,2012,6,8,13,416
2,0,1,3,21.32,25.0,94,12.998,2012,5,14,7,75
1,1,0,1,12.3,13.635,36,27.9993,2012,1,2,14,151
2,0,0,1,22.96,26.515,83,7.0015,2011,5,15,19,231
2,0,1,1,18.86,22.725,41,12.998,2011,5,5,23,115
4,0,0,2,13.94,18.18,87,0.0,2012,12,16,6,6
3,0,0,1,23.78,27.275,100,8.9981,2011,9,10,3,37
2,0,1,1,28.7,31.82,37,8.9981,2012,6,8,21,339
3,0,0,1,28.7,31.82,37,16.9979,2012,9,9,17,671
3,0,0,2,28.7,32.575,51,7.0015,2012,7,14,1,118
2,0,1,2,17.22,21.21,58,0.0,2012,4,4,6,126
2,0,1,2,20.5,24.24,82,12.998,2012,5,7,8,639
2,0,1,1,27.06,31.06,61,12.998,2011,5,2,15,155
2,0,0,1,24.6,31.06,38,16.9979,2011,5,7,15,378
3,0,1,1,32.8,34.85,27,0.0,2011,8,12,12,222
2,0,0,2,25.42,30.305,61,8.9981,2011,6,5,5,6
2,0,1,3,20.5,24.24,88,8.9981,2011,5,13,6,82
3,0,1,3,28.7,33.335,89,7.0015,2012,7,9,1,18
2,0,0,1,21.32,25.0,36,12.998,2011,4,17,20,141
1,0,1,1,9.02,13.635,64,0.0,2011,3,8,4,2
4,0,1,2,25.42,28.79,83,0.0,2011,10,13,11,84
3,0,1,2,28.7,33.335,74,8.9981,2012,8,7,7,502
2,0,0,1,30.34,32.575,33,15.0013,2011,6,4,14,451
4,0,0,1,13.12,16.665,87,7.0015,2012,11,11,8,119
3,0,1,1,16.4,20.455,71,19.0012,2011,9,16,4,4
1,0,1,1,8.2,9.09,32,23.9994,2011,2,15,8,223
2,0,1,1,22.14,25.76,60,6.0032,2012,6,8,3,8
1,0,0,1,10.66,12.88,65,11.0014,2011,3,12,8,53
1,0,1,1,17.22,21.21,41,12.998,2012,1,6,20,177
3,0,1,1,29.52,33.335,51,8.9981,2011,9,1,15,174
2,0,1,1,32.8,34.09,21,26.0027,2011,6,2,15,188
3,0,1,1,31.98,36.365,55,32.9975,2011,7,12,9,176
4,0,0,1,13.94,16.665,81,11.0014,2011,12,4,11,254
4,0,0,1,26.24,31.06,41,19.9995,2012,10,14,16,581
1,0,1,3,13.94,18.18,76,0.0,2012,2,16,15,53
2,0,1,3,26.24,28.79,89,19.0012,2012,6,12,10,125
2,0,1,1,23.78,27.275,43,12.998,2011,5,9,19,384
3,0,1,2,31.16,34.85,52,19.9995,2012,8,15,14,255
3,0,0,3,30.34,35.605,74,43.0006,2011,8,7,17,194
1,0,1,1,18.86,22.725,67,19.9995,2011,2,17,23,44
2,0,0,1,24.6,31.06,46,12.998,2012,6,3,9,300
2,1,0,1,22.14,25.76,52,16.9979,2011,4,15,14,163
2,0,0,1,22.14,25.76,68,8.9981,2012,6,16,4,8
3,0,1,1,26.24,29.545,78,7.0015,2011,9,13,23,74
2,0,1,1,15.58,19.695,62,8.9981,2012,4,10,8,692
4,0,1,1,19.68,23.485,77,12.998,2012,12,4,11,207
1,0,1,1,22.14,25.76,34,23.9994,2012,3,1,18,525
2,0,1,1,31.16,32.575,20,35.0008,2011,6,2,17,572
3,0,1,1,33.62,37.12,43,15.0013,2012,8,14,16,458
3,0,0,1,27.06,31.06,74,6.0032,2011,7,10,3,25
2,0,1,1,18.04,21.97,88,8.9981,2011,5,12,3,5
1,0,0,1,16.4,20.455,43,15.0013,2012,1,7,12,376
3,0,1,1,24.6,28.79,78,0.0,2011,9,1,7,342
1,0,0,3,11.48,13.635,75,11.0014,2012,2,4,18,64
1,0,1,1,25.42,31.06,46,8.9981,2011,3,18,20,149
1,0,1,1,7.38,6.82,37,35.0008,2012,1,3,11,75
1,0,1,2,13.12,17.425,70,0.0,2011,2,7,19,128
1,0,1,2,8.2,9.09,40,19.0012,2011,1,10,12,52
3,0,1,2,26.24,28.79,89,22.0028,2012,9,18,6,167
1,0,0,1,19.68,23.485,82,11.0014,2012,3,18,23,46
3,0,1,1,33.62,36.365,34,15.0013,2012,8,13,15,274
1,0,0,1,16.4,20.455,15,22.0028,2011,2,19,5,3
3,0,0,1,28.7,31.82,45,7.0015,2012,8,18,20,341
3,0,0,1,29.52,34.85,79,8.9981,2012,7,15,23,91
1,0,0,1,9.84,12.88,75,7.0015,2012,1,7,8,64
1,0,1,1,20.5,24.24,59,12.998,2011,2,18,12,185
3,0,0,1,34.44,36.365,32,0.0,2011,7,9,17,401
2,0,1,2,22.14,25.76,77,12.998,2012,6,18,4,9
4,0,0,2,10.66,14.395,81,6.0032,2012,12,15,1,95
3,0,1,1,32.8,35.605,36,12.998,2012,7,12,15,271
1,0,0,2,18.04,21.97,72,22.0028,2011,3,5,21,72
4,0,0,1,17.22,21.21,58,19.9995,2012,10,13,23,125
2,0,0,1,20.5,24.24,77,15.0013,2011,4,10,15,297
3,0,1,1,32.8,35.605,36,11.0014,2012,8,13,17,818
3,0,1,1,36.9,38.635,25,19.0012,2011,8,2,14,159
4,0,1,1,13.12,15.15,49,22.0028,2011,11,4,23,89
3,0,0,1,31.16,34.09,45,22.0028,2011,7,16,15,428
3,0,1,1,27.06,30.305,83,15.0013,2011,7,18,2,10
2,0,0,2,26.24,31.06,27,23.9994,2012,4,14,16,582
4,0,0,1,10.66,13.635,65,7.0015,2012,11,4,7,50
2,0,0,2,23.78,27.275,78,15.0013,2012,5,5,21,269
2,0,0,1,32.8,38.635,59,19.9995,2011,6,12,15,360
4,0,1,2,16.4,20.455,87,6.0032,2011,10,4,0,27
3,0,1,1,29.52,33.335,51,12.998,2012,9,14,17,894
3,0,1,1,31.16,35.605,62,11.0014,2012,7,16,9,348
3,0,0,1,25.42,29.545,73,11.0014,2011,9,3,6,23
4,1,0,1,12.3,14.395,61,12.998,2011,11,11,4,8
1,0,1,3,8.2,11.365,93,6.0032,2012,1,9,19,190
2,0,1,1,19.68,23.485,94,0.0,2011,5,19,23,72
3,0,1,1,30.34,33.335,48,11.0014,2012,7,12,10,214
1,0,1,2,9.02,11.365,87,12.998,2011,1,18,16,61
4,0,1,3,22.96,26.515,100,8.9981,2011,10,13,10,69
2,0,1,2,20.5,24.24,39,19.0012,2012,4,18,6,134
4,0,1,1,13.94,18.18,87,0.0,2011,11,1,23,72
4,0,1,1,11.48,13.635,56,11.0014,2012,12,12,2,9
3,0,1,1,30.34,33.335,51,0.0,2011,8,16,20,280
2,0,1,1,26.24,30.305,73,11.0014,2012,5,16,22,286
3,0,1,1,30.34,12.12,55,11.0014,2012,8,17,10,231
1,0,1,1,10.66,12.12,30,19.0012,2011,1,3,14,77
1,0,1,2,17.22,21.21,94,0.0,2012,3,1,0,11
4,1,0,1,13.12,14.395,45,30.0026,2011,11,11,9,201
4,0,1,2,16.4,20.455,66,7.0015,2011,10,3,10,101
4,0,0,1,13.12,16.665,57,7.0015,2012,11,3,22,146
2,0,1,3,9.84,11.365,93,15.0013,2011,4,1,5,12
1,0,1,1,16.4,20.455,37,6.0032,2012,2,3,17,488
1,0,1,3,14.76,17.425,87,12.998,2012,3,2,18,160
3,0,1,1,27.06,31.06,36,19.0012,2012,9,10,14,340
3,0,0,2,22.14,25.76,68,6.0032,2011,9,18,22,84
2,0,0,2,16.4,20.455,87,8.9981,2011,4,10,11,202
1,0,0,2,18.86,22.725,94,23.9994,2011,3,6,13,105
2,0,1,1,23.78,27.275,49,26.0027,2011,6,14,8,486
2,0,1,3,16.4,20.455,100,19.9995,2011,4,13,2,2
4,0,1,2,22.14,25.76,68,8.9981,2011,10,18,21,206
4,0,1,2,14.76,18.94,56,7.0015,2012,11,1,8,680
2,0,1,1,21.32,25.0,34,23.9994,2012,4,9,19,421
1,0,1,2,4.92,6.06,54,19.0012,2011,2,10,6,26
1,0,1,1,9.84,10.605,65,26.0027,2011,3,1,2,4
3,0,0,1,28.7,32.575,65,0.0,2011,9,11,12,411
2,0,1,1,26.24,31.06,29,7.0015,2011,6,3,21,247
4,0,1,1,15.58,19.695,50,12.998,2011,12,9,13,168
2,0,1,2,17.22,21.21,77,16.9979,2011,4,13,14,106
1,0,0,1,10.66,11.365,60,22.0028,2011,2,6,2,20
3,0,1,1,29.52,33.335,58,0.0,2012,7,3,2,10
4,0,1,3,25.42,30.305,69,23.9994,2012,10,19,16,565
3,0,1,2,36.9,39.395,27,8.9981,2011,8,2,17,556
3,0,1,1,27.06,31.06,74,0.0,2012,8,9,23,156
1,0,1,1,4.92,6.06,50,15.0013,2011,1,10,2,3
1,0,1,1,13.94,15.15,46,27.9993,2012,2,2,21,148
4,0,1,1,14.76,18.94,87,0.0,2011,11,8,22,108
4,0,1,2,13.12,15.91,76,11.0014,2012,12,7,10,166
2,0,0,1,25.42,31.06,50,26.0027,2012,6,3,22,226
2,0,0,1,20.5,24.24,72,6.0032,2012,6,3,4,13
2,0,1,1,14.76,16.665,43,19.9995,2011,4,5,19,160
2,0,0,3,27.88,31.82,83,19.0012,2011,6,12,17,252
1,0,0,1,21.32,25.0,77,8.9981,2012,3,18,20,198
3,0,0,1,31.98,34.09,35,7.0015,2012,8,12,18,491
1,0,0,1,5.74,7.575,86,8.9981,2011,2,12,8,30
2,0,1,3,24.6,27.275,88,8.9981,2012,6,1,22,23
1,0,1,1,12.3,14.395,49,16.9979,2012,1,5,12,120
1,0,1,1,18.04,21.97,82,8.9981,2012,3,14,5,27
3,0,1,1,24.6,31.06,43,16.9979,2012,9,19,12,313
1,0,0,1,20.5,24.24,29,27.9993,2011,3,19,15,313
1,0,0,1,16.4,20.455,37,19.9995,2012,1,8,16,314
3,0,1,1,27.06,31.06,74,8.9981,2011,7,11,5,26
3,0,0,1,27.06,31.06,65,11.0014,2011,7,16,8,127
1,0,0,1,17.22,21.21,77,19.0012,2011,1,1,12,84
3,0,1,1,28.7,32.575,65,12.998,2011,7,11,0,35
2,0,1,1,22.96,26.515,52,22.0028,2012,5,18,22,251
2,0,1,1,12.3,15.91,61,6.0032,2011,4,1,23,53
3,0,0,1,23.78,27.275,60,8.9981,2012,9,16,9,296
1,0,1,3,8.2,9.85,93,12.998,2011,2,1,23,16
3,0,1,2,32.8,37.88,55,8.9981,2012,8,7,12,283
4,0,1,2,12.3,14.395,56,16.9979,2012,11,6,21,151
3,0,1,1,27.88,31.82,83,12.998,2011,7,13,22,184
3,0,1,1,19.68,23.485,67,6.0032,2012,9,19,23,123
2,0,0,1,25.42,31.06,43,23.9994,2012,6,2,12,668
1,0,0,3,14.76,17.425,76,12.998,2011,1,2,14,59
1,0,1,1,10.66,14.395,48,6.0032,2011,3,8,0,10
4,0,0,1,9.02,12.12,55,7.0015,2011,12,18,2,41
1,0,1,1,9.84,14.395,23,0.0,2011,3,3,15,68
1,0,1,1,13.12,17.425,57,0.0,2012,2,15,0,22
3,0,1,1,34.44,36.365,32,6.0032,2012,7,6,11,233
4,0,0,1,17.22,21.21,94,6.0032,2011,10,8,7,73
1,0,0,3,9.02,13.635,100,0.0,2011,2,5,14,55
4,0,0,1,20.5,24.24,48,8.9981,2011,10,15,20,179
3,0,1,1,28.7,33.335,79,6.0032,2011,7,6,6,121
2,0,1,1,16.4,20.455,62,16.9979,2011,4,4,5,7
4,0,1,2,20.5,24.24,72,12.998,2011,11,15,17,451
4,0,1,2,22.14,25.76,60,19.0012,2011,11,14,11,128
2,0,1,1,29.52,31.82,26,23.9994,2011,6,2,9,225
3,0,0,1,24.6,31.06,53,7.0015,2012,9,16,20,324
3,0,1,1,29.52,32.575,37,8.9981,2012,9,12,15,318
2,0,1,1,31.16,35.605,62,7.0015,2011,6,10,20,250
4,0,1,3,18.86,22.725,100,15.0013,2011,12,6,12,55
1,0,1,1,14.76,18.18,46,0.0,2012,2,3,13,198
4,0,0,1,14.76,18.18,81,6.0032,2011,10,2,23,25
4,0,1,1,18.86,22.725,63,23.9994,2011,11,14,2,17
2,0,1,1,21.32,25.0,23,27.9993,2012,4,4,23,131
3,0,0,1,30.34,34.09,48,12.998,2011,7,16,19,406
2,0,1,2,32.8,36.365,43,12.998,2012,6,11,12,261
1,0,1,3,18.04,21.97,0,39.0007,2011,3,10,19,56
2,0,1,1,18.86,22.725,88,15.0013,2012,5,10,3,3
4,0,1,2,24.6,29.545,73,26.0027,2012,10,15,11,263
1,1,0,1,10.66,10.605,44,30.0026,2012,1,16,15,192
4,0,1,1,14.76,16.665,37,26.0027,2012,11,8,21,233
1,0,0,1,12.3,15.15,52,11.0014,2012,1,8,20,126
2,0,1,2,20.5,24.24,55,7.0015,2011,4,18,9,169
4,0,0,1,22.14,25.76,83,19.9995,2012,10,6,7,84
1,0,1,1,5.74,4.545,26,35.0008,2012,1,3,18,224
1,0,1,1,10.66,15.15,56,0.0,2011,3,1,21,63
3,0,0,1,31.16,35.605,58,16.9979,2011,7,17,20,262
2,0,1,1,17.22,21.21,28,12.998,2012,4,9,7,331
1,0,0,1,22.96,26.515,68,11.0014,2012,3,17,12,651
4,0,1,2,13.94,18.18,55,0.0,2011,12,14,11,115
4,0,1,2,15.58,19.695,54,6.0032,2011,12,14,14,151
4,0,1,2,11.48,14.395,61,8.9981,2012,12,12,9,285
2,0,1,1,19.68,23.485,88,22.0028,2011,4,11,0,23
4,0,1,1,13.94,16.665,49,12.998,2012,11,16,21,178
4,0,1,3,18.04,21.97,88,26.0027,2011,11,16,20,99
2,0,1,1,26.24,31.06,38,15.0013,2012,5,18,18,669
4,0,0,1,19.68,23.485,51,12.998,2011,11,6,15,306
2,0,1,2,25.42,31.06,46,12.998,2012,4,4,14,258
3,0,1,1,31.16,36.365,70,16.9979,2012,8,3,22,202
4,0,1,2,22.96,26.515,49,11.0014,2012,10,10,18,844
4,0,1,1,10.66,12.88,60,11.0014,2012,11,6,9,363
1,0,1,3,14.76,18.18,87,6.0032,2012,3,2,21,101
4,0,0,2,13.12,17.425,81,0.0,2012,12,1,23,126
4,0,1,2,17.22,21.21,77,0.0,2012,10,17,9,382
4,0,1,3,24.6,29.545,73,7.0015,2011,10,11,14,171
3,0,1,2,26.24,30.305,73,11.0014,2011,9,2,23,98
3,0,1,2,26.24,30.305,69,16.9979,2012,9,17,16,453
4,0,1,1,7.38,12.12,80,0.0,2011,12,13,3,3
4,0,0,1,14.76,17.425,50,11.0014,2012,11,3,19,239
2,0,1,1,19.68,23.485,100,0.0,2011,5,19,3,4
1,0,1,1,18.86,22.725,67,16.9979,2011,2,18,4,1
2,0,1,1,23.78,27.275,53,0.0,2012,6,4,0,49
3,0,1,1,27.06,31.06,29,6.0032,2012,9,11,13,328
4,0,1,1,20.5,24.24,63,0.0,2011,10,7,23,136
2,0,1,2,25.42,29.545,73,6.0032,2012,6,18,19,463
1,0,1,1,13.12,16.665,49,0.0,2012,2,7,9,289
4,0,1,1,16.4,20.455,76,0.0,2011,11,8,20,181
4,0,1,1,17.22,21.21,67,7.0015,2012,10,16,3,2
2,0,1,2,22.96,26.515,49,11.0014,2011,4,18,13,169
4,0,0,1,10.66,13.635,65,8.9981,2011,12,10,8,73
3,0,1,1,26.24,29.545,78,0.0,2011,8,17,3,5
4,0,1,1,14.76,16.665,57,22.0028,2012,12,11,10,154
2,0,0,1,33.62,37.12,41,19.0012,2012,6,10,17,521
4,0,1,2,22.96,26.515,73,16.9979,2012,10,15,0,48
3,0,1,1,29.52,33.335,54,0.0,2012,7,3,0,53
3,0,1,2,35.26,40.15,47,0.0,2012,7,17,11,206
2,0,1,1,26.24,31.06,41,16.9979,2011,6,13,21,218
1,0,1,1,5.74,6.06,33,19.9995,2011,3,3,5,8
3,0,1,1,28.7,31.82,45,8.9981,2011,8,11,1,26
1,0,1,1,15.58,19.695,37,11.0014,2011,3,14,15,101
2,0,0,1,33.62,34.85,24,19.0012,2012,6,9,13,585
4,0,1,1,26.24,28.79,89,0.0,2012,10,4,2,13
2,0,1,2,23.78,27.275,88,12.998,2012,5,14,20,189
2,0,1,3,13.94,15.15,81,26.0027,2011,4,5,10,28
2,0,1,1,22.14,25.76,77,16.9979,2012,5,2,19,504
3,0,0,1,30.34,33.335,42,11.0014,2012,8,12,11,449
1,0,0,1,18.86,22.725,44,22.0028,2011,3,12,17,213
1,0,1,3,9.02,12.88,87,6.0032,2012,1,9,16,49
3,0,1,2,26.24,30.305,65,16.9979,2012,9,17,14,332
3,1,0,1,27.06,30.305,83,8.9981,2011,7,4,7,36
2,0,1,2,23.78,27.275,88,6.0032,2012,5,15,8,409
3,0,0,1,25.42,29.545,73,7.0015,2011,9,11,20,226
1,0,0,1,9.02,10.605,44,16.9979,2012,3,10,7,40
1,0,1,1,14.76,16.665,40,19.9995,2011,3,4,15,106
2,0,1,2,26.24,28.79,89,12.998,2012,6,1,7,402
4,1,0,1,23.78,27.275,60,19.0012,2012,11,12,14,444
3,0,1,2,27.06,30.305,83,15.0013,2012,7,9,5,28
3,0,1,1,28.7,31.82,42,11.0014,2011,7,1,8,492
1,0,1,1,17.22,21.21,32,22.0028,2012,2,17,17,465
1,0,1,1,15.58,19.695,46,26.0027,2012,2,17,12,198
2,0,1,1,24.6,31.06,35,0.0,2011,4,7,16,213
2,0,1,1,22.96,26.515,52,16.9979,2012,5,17,10,205
4,0,1,1,16.4,20.455,76,0.0,2011,10,3,19,315
2,0,1,2,18.86,22.725,88,8.9981,2012,5,3,2,17
1,0,1,1,11.48,12.88,61,22.0028,2012,3,7,4,3
2,0,1,2,19.68,23.485,88,22.0028,2011,4,5,7,134
2,0,1,1,25.42,31.06,46,15.0013,2011,6,13,22,134
4,0,1,2,28.7,32.575,70,7.0015,2012,10,3,12,358
1,0,1,1,9.84,12.12,70,8.9981,2012,1,6,8,447
3,0,1,1,27.06,29.545,89,0.0,2011,9,9,21,203
2,0,1,1,25.42,30.305,61,22.0028,2011,5,17,16,290
1,0,0,1,25.42,31.06,53,6.0032,2012,3,17,14,690
2,0,0,1,25.42,31.06,35,19.0012,2012,6,2,20,399
1,0,1,2,15.58,19.695,20,0.0,2011,3,8,14,72
4,0,1,2,12.3,15.15,56,11.0014,2012,11,5,2,6
4,0,0,1,18.86,22.725,44,8.9981,2012,10,13,18,473
3,0,0,1,18.04,21.97,77,15.0013,2011,9,18,5,6
3,0,1,1,20.5,24.24,72,6.0032,2012,9,12,5,48
3,0,1,3,29.52,34.85,79,6.0032,2012,8,6,3,5
3,0,1,1,28.7,33.335,84,8.9981,2012,8,7,1,18
2,0,0,2,14.76,18.18,93,6.0032,2011,4,10,5,4
4,0,1,1,10.66,14.395,60,6.0032,2012,12,13,22,148
2,0,0,1,18.04,21.97,67,7.0015,2012,5,12,4,9
1,0,0,1,18.04,21.97,30,8.9981,2012,3,3,20,149
4,0,1,3,19.68,23.485,94,7.0015,2011,11,16,15,66
1,0,0,1,15.58,19.695,29,23.9994,2011,2,13,13,154
3,0,0,1,29.52,34.85,79,16.9979,2012,7,15,20,294
1,0,1,2,10.66,15.15,56,0.0,2012,2,14,6,90
1,0,0,1,9.02,11.365,69,8.9981,2012,3,11,8,72
1,0,1,2,13.94,15.91,53,16.9979,2011,3,11,15,85
3,0,1,1,20.5,24.24,63,0.0,2012,9,11,1,10
1,0,1,1,14.76,17.425,27,8.9981,2012,2,13,15,155
1,0,0,2,6.56,6.82,47,22.0028,2012,1,15,5,5
2,0,1,2,25.42,31.06,50,7.0015,2011,4,12,0,24
3,0,1,2,28.7,33.335,84,11.0014,2012,8,9,7,475
3,0,0,1,32.8,36.365,46,19.9995,2011,7,17,16,317
1,0,0,2,12.3,13.635,49,22.0028,2012,2,19,18,167
2,0,0,1,18.04,21.97,94,16.9979,2011,4,10,22,57
4,0,1,1,22.14,25.76,49,0.0,2011,10,7,20,197
1,0,1,1,9.84,12.12,70,11.0014,2012,1,6,9,241
3,0,0,1,31.16,36.365,66,11.0014,2011,9,4,12,435
3,0,0,2,29.52,34.85,79,23.9994,2012,7,14,16,566
4,0,0,1,13.94,17.425,53,7.0015,2012,10,13,8,174
1,0,0,1,9.02,12.12,80,7.0015,2012,2,18,9,138
3,0,1,2,31.16,35.605,62,7.0015,2012,7,18,19,516
3,0,0,1,22.96,26.515,49,27.9993,2012,9,15,8,212
3,0,1,1,28.7,32.575,65,0.0,2011,8,15,19,397
3,0,0,1,27.88,31.82,69,6.0032,2011,7,10,2,96
4,0,0,1,14.76,17.425,46,11.0014,2011,11,5,12,372
2,0,1,1,23.78,27.275,56,22.0028,2012,5,7,19,546
4,0,1,1,15.58,19.695,76,0.0,2012,10,17,2,16
3,0,0,1,30.34,32.575,40,12.998,2012,8,18,13,644
3,0,1,1,28.7,32.575,65,12.998,2011,8,5,21,173
3,0,1,1,30.34,34.09,62,6.0032,2012,7,18,20,366
2,0,1,2,27.88,31.82,61,19.9995,2011,6,16,11,150
4,0,1,1,18.04,21.97,67,19.0012,2011,11,14,3,7
2,0,0,2,17.22,21.21,44,15.0013,2011,4,3,21,45
2,0,1,1,22.14,25.76,52,19.0012,2012,5,7,20,323
1,0,1,1,18.86,22.725,33,40.9973,2011,2,14,17,243
1,1,0,2,12.3,13.635,49,23.9994,2012,1,16,22,43
4,1,0,1,13.94,15.91,39,16.9979,2011,11,11,18,208
4,0,1,2,21.32,25.0,63,11.0014,2012,10,9,15,254
4,0,1,2,22.96,26.515,83,7.0015,2012,10,19,0,56
2,0,1,1,18.86,22.725,88,6.0032,2011,4,19,23,52
1,0,0,2,18.04,21.97,82,19.0012,2011,1,1,17,67
2,0,1,1,22.96,26.515,52,19.9995,2011,4,19,16,192
2,0,1,1,22.14,25.76,28,30.0026,2011,5,5,14,154
4,0,1,1,17.22,21.21,32,31.0009,2011,11,4,18,374
2,0,1,1,17.22,21.21,58,11.0014,2011,4,14,8,337
3,0,1,1,22.96,26.515,60,19.0012,2012,9,10,8,730
2,0,0,1,26.24,31.06,38,7.0015,2011,6,4,10,317
3,0,0,2,23.78,27.275,73,11.0014,2012,9,8,23,133
1,0,1,1,9.02,11.365,51,8.9981,2011,1,6,18,163
1,0,1,1,18.86,22.725,63,27.9993,2012,1,17,19,308
4,0,1,3,22.14,25.76,88,23.9994,2011,10,14,10,125
3,0,1,1,30.34,35.605,79,8.9981,2012,8,3,23,196
4,0,1,2,18.86,22.725,88,0.0,2012,10,10,2,8
3,0,1,1,31.16,36.365,66,8.9981,2012,8,6,11,260
1,0,1,3,14.76,16.665,0,22.0028,2011,3,10,6,12
3,0,1,2,32.8,37.12,49,19.0012,2012,8,8,16,441
3,0,0,1,28.7,32.575,70,11.0014,2012,9,2,21,171
1,0,0,2,9.84,12.12,75,11.0014,2011,2,5,3,11
3,0,0,1,33.62,38.635,52,35.0008,2012,9,8,13,668
2,0,1,2,20.5,24.24,51,7.0015,2011,5,10,8,425
4,0,1,1,12.3,16.665,87,0.0,2011,11,2,2,2
1,0,0,2,6.56,9.09,74,7.0015,2011,1,8,7,9
2,0,0,1,27.06,31.06,39,19.9995,2012,6,3,12,684
4,0,0,1,17.22,21.21,54,11.0014,2011,10,16,5,7
3,0,0,2,21.32,25.0,72,15.0013,2011,9,17,18,329
2,0,1,1,19.68,23.485,67,8.9981,2011,5,6,21,152
1,0,0,1,12.3,13.635,39,27.9993,2011,2,12,13,135
2,0,1,1,13.94,15.15,42,22.0028,2012,4,6,9,376
1,0,1,1,18.86,22.725,72,26.0027,2012,1,17,22,90
2,0,0,1,23.78,27.275,53,0.0,2012,6,16,2,67
2,0,1,2,21.32,25.0,72,6.0032,2012,5,1,4,8
4,0,0,1,16.4,20.455,58,12.998,2012,10,13,21,204
3,0,0,1,27.88,31.82,65,15.0013,2011,7,17,8,118
1,0,0,3,9.84,12.12,93,8.9981,2012,2,4,21,78
3,1,0,2,27.06,30.305,78,6.0032,2011,7,4,4,12
1,0,1,1,14.76,16.665,32,19.0012,2012,3,6,16,250
1,0,1,1,13.94,15.91,19,15.0013,2011,2,15,14,79
1,0,1,2,24.6,31.06,53,15.0013,2011,3,18,23,86
4,0,1,1,9.02,11.365,69,11.0014,2012,11,6,8,588
2,0,0,2,9.84,12.12,75,11.0014,2011,4,2,5,5
3,0,0,1,31.16,34.85,55,12.998,2011,7,10,20,268
3,0,0,1,31.98,37.12,62,0.0,2012,7,8,5,6
3,0,0,2,29.52,34.85,79,0.0,2012,7,15,9,221
1,0,1,2,22.96,26.515,49,23.9994,2011,3,18,12,195
3,0,1,1,31.16,33.335,33,22.0028,2011,7,14,13,177
2,0,0,1,26.24,31.06,53,11.0014,2012,6,17,13,614
4,0,1,1,23.78,27.275,78,15.0013,2012,10,5,23,171
4,0,0,3,14.76,17.425,87,11.0014,2011,10,2,17,167
2,0,1,2,22.14,25.76,45,8.9981,2012,4,4,10,167
2,0,1,1,24.6,31.06,43,15.0013,2011,5,10,19,434
4,0,1,2,16.4,20.455,62,27.9993,2011,11,17,4,4
4,0,1,2,22.14,25.76,88,0.0,2011,10,11,0,30
4,0,0,1,9.02,13.635,55,0.0,2011,12,11,21,63
3,0,1,1,32.8,37.88,55,16.9979,2011,8,4,15,165
4,0,0,3,14.76,16.665,81,16.9979,2011,10,2,15,173
2,0,1,1,24.6,29.545,69,12.998,2011,5,16,9,194
2,0,1,1,20.5,24.24,36,0.0,2012,4,13,21,189
3,0,1,1,29.52,33.335,54,15.0013,2011,9,1,18,531
2,0,1,1,29.52,32.575,32,32.9975,2012,6,13,17,857
2,0,1,2,24.6,31.06,43,23.9994,2012,4,4,11,213
4,0,1,1,9.02,10.605,55,19.0012,2011,12,8,6,71
1,0,1,2,9.84,12.12,81,8.9981,2011,2,1,19,108
3,0,1,1,30.34,34.85,66,6.0032,2012,7,19,0,66
1,0,1,1,13.12,16.665,57,8.9981,2012,2,7,23,51
1,0,1,1,18.86,22.725,63,22.0028,2012,3,8,1,21
4,0,0,1,9.84,12.12,87,8.9981,2011,11,6,5,5
4,0,1,1,14.76,18.94,87,0.0,2011,11,9,0,13
2,0,1,1,19.68,23.485,77,0.0,2012,6,6,6,172
1,0,1,1,13.12,16.665,66,6.0032,2011,2,17,5,12
4,0,1,2,22.14,25.76,88,26.0027,2011,10,12,7,259
4,0,0,3,17.22,21.21,67,8.9981,2012,10,7,8,62
4,0,1,1,18.86,22.725,82,7.0015,2012,12,4,9,336
4,0,1,1,14.76,17.425,50,12.998,2012,12,14,12,273
2,0,1,3,20.5,24.24,88,11.0014,2011,5,13,7,157
2,0,1,1,17.22,21.21,35,26.0027,2012,4,11,17,579
2,0,1,1,22.14,25.76,94,6.0032,2012,5,16,6,158
2,0,0,1,22.14,25.76,64,11.0014,2012,6,2,8,210
2,0,1,2,17.22,21.21,67,7.0015,2011,4,7,10,95
2,0,0,2,19.68,23.485,77,7.0015,2011,5,1,12,281
2,0,0,2,25.42,30.305,65,11.0014,2011,6,5,3,47
2,0,1,2,25.42,31.06,33,0.0,2011,5,10,14,176
1,0,1,1,11.48,15.91,28,0.0,2011,2,11,18,174
3,0,1,2,22.96,26.515,68,8.9981,2011,9,19,18,540
2,0,1,1,18.86,22.725,31,19.9995,2012,4,12,19,433
3,0,1,1,29.52,34.85,79,0.0,2011,7,8,1,34
4,0,1,1,21.32,25.0,83,6.0032,2011,10,11,6,123
1,0,1,1,9.02,10.605,35,19.9995,2011,1,3,12,61
3,0,1,1,28.7,31.82,42,15.0013,2011,7,14,20,348
2,0,1,1,18.04,21.97,30,30.0026,2012,4,10,21,206
1,0,1,1,8.2,11.365,51,6.0032,2012,1,5,2,4
2,0,1,1,29.52,34.09,70,8.9981,2011,6,7,21,218
4,0,1,1,21.32,25.0,42,12.998,2011,10,14,20,196
1,0,0,1,9.02,11.365,47,11.0014,2011,1,2,23,8
1,0,0,2,16.4,20.455,76,12.998,2011,1,2,7,1
2,0,0,1,22.14,25.76,56,8.9981,2012,6,3,1,121
4,0,0,1,14.76,18.94,46,0.0,2011,12,3,14,343
1,0,1,2,10.66,12.88,75,15.0013,2012,1,13,6,73
2,0,1,1,17.22,21.21,47,8.9981,2011,4,7,1,13
2,1,0,1,16.4,20.455,71,11.0014,2011,4,15,7,149
2,0,1,2,28.7,31.82,30,30.0026,2011,4,4,21,95
2,0,1,1,18.04,21.97,33,19.9995,2012,4,11,16,307
2,0,1,1,22.96,26.515,94,7.0015,2011,6,6,4,8
1,0,1,3,13.12,16.665,81,7.0015,2012,1,11,14,73
1,0,1,1,9.02,9.09,37,39.0007,2012,3,5,23,31
3,0,0,1,36.08,40.91,42,19.9995,2012,8,4,13,527
3,0,1,1,32.8,36.365,43,19.0012,2011,8,17,12,189
3,0,0,1,28.7,33.335,74,26.0027,2012,9,8,9,348
3,0,1,1,24.6,28.79,78,0.0,2011,9,13,2,2
1,0,1,1,12.3,15.15,52,11.0014,2011,1,19,22,59
4,0,0,2,13.12,15.15,49,16.9979,2012,11,3,7,59
3,0,1,1,30.34,33.335,42,16.9979,2011,7,15,17,587
1,1,0,2,7.38,9.85,47,8.9981,2011,1,17,13,93
2,0,0,1,20.5,24.24,59,7.0015,2011,5,7,23,119
1,0,1,1,22.96,26.515,46,11.0014,2012,2,1,18,526
4,0,1,1,17.22,21.21,88,0.0,2011,10,7,6,87
3,0,0,1,30.34,33.335,48,15.0013,2011,7,16,11,396
1,0,1,1,11.48,12.12,45,32.9975,2011,2,2,19,91
1,0,1,2,14.76,18.18,50,6.0032,2012,2,14,23,57
3,0,0,1,29.52,33.335,54,12.998,2011,7,16,10,322
4,0,1,1,20.5,24.24,63,30.0026,2012,12,5,4,10
2,0,1,2,21.32,25.0,94,19.0012,2012,5,1,8,557
2,0,1,1,22.96,26.515,73,19.9995,2012,6,6,19,538
1,0,1,1,7.38,12.12,93,0.0,2011,2,7,6,30
1,0,1,2,14.76,18.94,23,0.0,2011,3,8,12,99
2,0,1,1,25.42,31.06,35,15.0013,2011,6,2,23,112
2,0,1,1,29.52,32.575,34,16.9979,2012,6,7,17,869
1,0,0,2,18.04,21.97,94,6.0032,2012,3,17,0,100
4,0,1,3,12.3,13.635,75,26.0027,2012,11,13,10,94
3,0,1,1,31.16,34.09,48,19.9995,2011,8,16,13,192
2,0,0,1,18.04,21.97,26,15.0013,2012,4,8,9,179
2,0,0,1,22.14,25.76,60,11.0014,2012,6,3,0,169
1,0,1,1,12.3,15.15,70,8.9981,2011,2,17,6,47
1,1,0,2,9.02,10.605,44,19.0012,2012,1,2,22,39
4,0,1,2,22.14,25.76,83,0.0,2012,10,18,23,117
2,0,0,1,24.6,28.03,83,0.0,2012,5,5,0,153
4,0,0,1,9.02,10.605,55,15.0013,2011,12,18,3,18
2,0,0,2,22.14,25.76,68,11.0014,2012,5,13,2,82
2,0,1,3,22.96,26.515,88,11.0014,2012,5,9,3,2
1,0,1,1,9.02,11.365,47,11.0014,2011,1,5,20,89
1,0,0,1,4.92,5.305,42,23.9994,2012,2,12,10,91
4,0,1,3,14.76,17.425,87,15.0013,2012,10,9,1,13
3,0,1,1,33.62,37.12,43,19.9995,2011,8,8,14,150
4,0,1,1,13.12,15.15,53,15.0013,2012,12,11,19,433
2,0,1,2,24.6,31.06,43,12.998,2011,4,18,15,176
4,0,1,2,25.42,27.275,94,0.0,2012,10,2,23,98
2,0,1,1,14.76,16.665,46,16.9979,2011,4,6,9,165
2,0,1,1,26.24,31.06,57,0.0,2011,5,16,11,185
1,0,1,1,6.56,9.85,59,6.0032,2011,1,14,19,92
4,0,1,1,26.24,30.305,65,7.0015,2012,10,4,20,441
4,0,1,2,11.48,13.635,56,15.0013,2012,12,12,23,79
2,0,0,2,27.06,30.305,78,11.0014,2011,6,19,7,71
2,0,0,1,17.22,21.21,82,8.9981,2011,5,7,0,86
2,0,1,1,21.32,25.0,23,11.0014,2012,4,10,13,283
4,0,1,2,14.76,16.665,46,23.9994,2012,11,2,21,156
2,0,1,1,13.12,16.665,66,6.0032,2012,4,3,7,341
4,0,0,1,10.66,12.88,65,15.0013,2012,11,17,8,168
3,0,1,2,29.52,33.335,58,27.9993,2011,9,14,20,261
2,0,0,1,27.06,31.06,69,16.9979,2011,5,15,15,459
3,0,1,1,30.34,33.335,51,7.0015,2012,7,2,7,398
1,0,1,1,17.22,21.21,38,19.9995,2012,3,7,11,161
3,0,1,1,31.16,34.09,48,12.998,2012,8,15,16,431
3,0,0,2,27.06,31.06,74,12.998,2011,8,13,7,44
3,0,1,2,33.62,38.635,49,15.0013,2012,7,17,9,320
4,0,1,1,27.06,30.305,78,11.0014,2012,10,3,10,175
1,0,1,3,13.94,17.425,93,6.0032,2012,1,12,5,16
2,0,1,2,17.22,21.21,77,8.9981,2012,4,18,19,368
1,0,1,1,10.66,12.88,41,11.0014,2011,3,8,9,151
1,0,1,1,14.76,17.425,46,12.998,2012,2,7,11,129
4,0,0,1,15.58,19.695,46,8.9981,2011,11,19,18,208
1,0,1,1,15.58,19.695,46,26.0027,2012,2,15,12,163
1,0,1,1,8.2,9.09,40,19.9995,2011,1,5,8,195
2,0,1,1,26.24,31.06,31,12.998,2012,5,17,19,537
2,0,1,1,18.86,22.725,38,32.9975,2011,4,6,13,112
1,0,0,1,10.66,11.365,35,19.9995,2011,1,16,13,118
1,0,1,1,13.12,16.665,57,7.0015,2011,2,17,7,126
1,0,1,3,13.94,15.91,0,16.9979,2011,3,10,1,2
4,0,1,2,16.4,20.455,87,8.9981,2012,12,4,3,4
4,0,0,1,18.86,22.725,44,8.9981,2011,10,16,0,107
4,0,1,1,13.12,17.425,87,0.0,2011,11,9,4,4
2,0,0,1,33.62,35.605,28,19.0012,2012,6,10,19,375
2,0,0,2,22.14,25.76,83,12.998,2012,5,6,3,28
2,0,1,3,28.7,32.575,70,16.9979,2012,6,1,17,227
3,0,1,1,22.96,26.515,49,11.0014,2012,9,10,21,285
2,0,1,1,28.7,31.82,24,31.0009,2011,4,4,19,278
1,0,0,3,9.02,11.365,100,8.9981,2011,2,5,16,71
4,0,1,1,27.06,31.06,57,7.0015,2012,10,4,19,534
4,1,0,1,12.3,14.395,49,16.9979,2011,11,11,5,13
1,0,0,1,13.12,15.15,66,15.0013,2011,3,12,10,99
3,0,1,2,25.42,27.275,94,6.0032,2011,9,8,4,3
1,0,1,1,15.58,19.695,43,32.9975,2011,2,14,19,98
4,0,1,2,21.32,25.0,88,8.9981,2011,10,11,4,5
3,0,1,3,25.42,25.76,100,6.0032,2011,9,8,22,70
4,0,0,1,9.84,14.395,44,0.0,2011,12,11,10,194
3,0,1,3,30.34,34.09,58,6.0032,2011,8,3,10,68
2,0,1,1,22.14,25.76,64,6.0032,2012,6,4,4,8
4,0,1,1,12.3,16.665,87,0.0,2011,11,9,6,98
4,0,0,1,16.4,20.455,40,11.0014,2012,11,17,12,476
3,0,1,2,28.7,33.335,79,0.0,2011,7,12,3,8
4,1,0,1,19.68,23.485,88,0.0,2011,10,10,2,19
2,0,1,1,24.6,30.305,64,22.0028,2012,5,17,4,16
4,1,0,1,13.94,14.395,42,31.0009,2011,11,11,12,239
2,0,1,2,23.78,27.275,83,12.998,2012,5,9,0,35
3,0,0,2,22.96,26.515,64,11.0014,2011,9,18,16,369
2,0,1,2,29.52,33.335,54,22.0028,2011,6,16,14,153
3,0,0,1,18.04,21.97,82,12.998,2011,9,18,3,36
4,0,1,1,22.14,25.76,88,11.0014,2012,10,19,19,232
3,0,1,1,26.24,31.06,53,8.9981,2011,8,12,1,23
3,0,0,1,28.7,33.335,79,22.0028,2012,9,8,8,230
1,0,1,1,6.56,9.09,59,7.0015,2012,3,6,8,501
3,0,1,1,32.8,38.635,59,15.0013,2011,8,9,11,149
4,0,1,1,9.02,13.635,80,0.0,2011,12,13,0,17
4,0,1,1,13.94,16.665,46,8.9981,2012,11,6,13,278
1,0,1,1,10.66,11.365,81,22.0028,2011,2,8,5,2
3,0,0,1,27.88,31.82,51,7.0015,2011,8,13,0,84
4,0,1,2,19.68,23.485,69,12.998,2012,10,9,11,193
4,0,1,1,13.12,14.395,49,23.9994,2012,11,13,19,356
3,0,1,1,25.42,31.06,53,11.0014,2011,8,12,3,9
3,0,1,2,31.16,35.605,58,12.998,2012,7,2,1,17
1,0,1,1,20.5,24.24,59,7.0015,2012,3,15,1,23
2,0,1,1,26.24,30.305,23,19.0012,2012,5,11,18,596
1,0,1,1,9.84,12.12,52,8.9981,2011,3,8,1,4
3,0,0,2,26.24,29.545,78,6.0032,2012,7,14,6,35
2,0,0,1,20.5,24.24,77,12.998,2011,4,10,18,240
3,0,0,1,28.7,33.335,79,12.998,2012,7,14,22,225
2,0,1,1,18.04,21.97,62,11.0014,2011,4,7,20,203
2,0,1,2,28.7,33.335,74,19.0012,2012,6,1,11,235
1,0,0,1,5.74,6.06,36,16.9979,2011,1,8,19,30
4,0,1,1,15.58,19.695,27,23.9994,2012,11,8,19,373
4,0,1,2,18.86,22.725,77,0.0,2011,12,5,19,308
2,0,0,2,21.32,25.0,100,7.0015,2011,5,15,1,47
2,0,0,3,20.5,24.24,88,39.0007,2011,4,16,17,15
2,0,0,1,13.94,16.665,57,11.0014,2011,4,3,8,62
3,0,1,1,32.8,34.85,29,12.998,2011,8,12,14,186
2,0,1,1,26.24,28.79,89,6.0032,2011,6,8,2,7
2,0,1,1,16.4,20.455,50,15.0013,2011,4,4,0,6
4,0,0,2,10.66,15.15,75,0.0,2012,12,15,5,3
1,0,1,1,4.92,5.305,33,23.9994,2011,2,8,22,29
4,0,1,1,14.76,18.18,81,6.0032,2011,10,3,1,6
4,0,1,1,10.66,12.12,56,16.9979,2012,12,13,6,114
2,0,1,2,20.5,24.24,82,19.0012,2011,4,12,14,44
2,0,1,1,18.86,22.725,51,0.0,2012,4,4,2,5
3,0,1,3,26.24,28.79,83,12.998,2012,8,14,6,64
2,0,1,3,15.58,19.695,94,16.9979,2011,4,13,5,5
2,0,1,1,16.4,20.455,37,16.9979,2012,4,13,0,55
1,0,1,3,6.56,11.365,93,0.0,2011,2,1,8,135
4,0,0,3,16.4,20.455,82,15.0013,2012,10,7,17,157
2,0,1,3,21.32,25.0,88,11.0014,2011,5,13,17,491
3,0,0,1,25.42,29.545,78,19.0012,2012,7,14,8,151
4,0,0,1,20.5,24.24,77,0.0,2011,10,8,22,149
3,1,0,1,27.06,30.305,83,8.9981,2012,7,4,2,93
4,0,1,1,22.14,25.76,41,22.0028,2012,10,16,15,346
3,0,0,1,29.52,33.335,51,0.0,2012,8,18,11,536
4,0,1,1,13.94,17.425,39,7.0015,2012,12,13,16,406
2,0,1,2,24.6,28.79,78,11.0014,2012,6,19,1,14
3,0,1,1,27.06,31.06,69,0.0,2011,8,5,2,19
2,0,1,1,25.42,31.06,46,12.998,2011,6,13,23,89
1,0,0,2,10.66,12.88,65,12.998,2012,2,5,12,248
3,0,0,3,31.98,37.12,62,0.0,2012,9,1,19,392
4,0,1,1,13.94,16.665,53,12.998,2012,11,16,10,198
2,0,1,1,21.32,25.0,48,7.0015,2011,5,6,20,190
3,0,0,1,29.52,32.575,32,16.9979,2012,9,9,15,696
1,0,0,1,9.84,14.395,87,0.0,2012,2,4,8,90
2,0,1,1,18.86,22.725,31,11.0014,2012,4,2,20,329
3,0,1,2,27.06,30.305,83,8.9981,2012,7,11,0,44
4,0,1,1,19.68,23.485,51,11.0014,2011,11,2,15,187
4,0,1,2,22.14,25.76,77,7.0015,2012,10,2,2,2
2,0,1,1,23.78,27.275,60,15.0013,2011,5,12,12,207
1,0,1,1,13.12,17.425,36,0.0,2012,2,9,20,199
4,0,0,2,14.76,16.665,50,22.0028,2012,11,3,14,455
2,0,1,1,26.24,30.305,73,6.0032,2011,6,6,8,438
3,0,1,1,30.34,32.575,35,16.9979,2011,7,14,12,223
2,0,1,1,22.96,26.515,78,11.0014,2011,5,19,15,188
1,0,1,1,18.86,22.725,67,31.0009,2012,1,17,21,180
4,0,0,1,18.04,21.97,44,22.0028,2011,11,13,10,241
1,0,1,2,14.76,16.665,50,23.9994,2011,3,11,14,89
4,0,1,1,13.12,15.15,53,19.0012,2011,12,2,23,95
1,0,1,1,2.46,5.305,45,0.0,2012,1,4,10,64
4,0,0,2,14.76,17.425,62,8.9981,2011,11,13,4,6
1,0,0,2,14.76,17.425,93,8.9981,2012,3,3,7,16
2,0,1,1,36.08,40.15,39,19.0012,2011,6,9,18,466
4,0,1,2,14.76,18.18,71,7.0015,2011,10,3,8,372
1,0,0,1,15.58,19.695,40,19.9995,2011,3,19,23,50
2,0,1,3,18.04,21.97,77,15.0013,2011,4,12,17,291
1,0,1,2,22.14,25.76,32,16.9979,2012,3,12,13,250
3,0,1,1,27.88,31.82,79,7.0015,2012,7,16,4,12
3,0,1,2,29.52,33.335,48,8.9981,2012,9,14,15,367
4,0,1,1,11.48,15.91,81,0.0,2011,12,9,23,94
2,0,0,1,33.62,34.85,24,15.0013,2012,6,9,18,451
1,0,1,1,9.02,10.605,80,19.0012,2012,2,9,3,4
4,0,1,1,14.76,17.425,40,12.998,2011,12,13,17,398
1,0,0,2,9.84,12.12,75,11.0014,2012,2,5,8,62
2,0,1,2,22.96,26.515,43,22.0028,2011,6,3,8,502
4,0,1,1,18.86,22.725,38,12.998,2012,11,9,14,274
1,0,1,1,13.94,16.665,46,8.9981,2012,2,3,12,216
2,0,1,2,13.12,15.15,93,16.9979,2011,4,8,16,60
4,0,1,1,15.58,19.695,50,23.9994,2012,12,19,18,569
2,0,0,1,18.86,22.725,82,8.9981,2011,4,10,20,92
2,0,0,1,21.32,25.0,72,6.0032,2012,6,17,7,48
2,0,0,1,31.16,33.335,35,15.0013,2012,6,9,20,363
3,0,1,3,23.78,27.275,83,31.0009,2012,9,18,22,151
3,0,1,1,26.24,30.305,69,7.0015,2012,8,13,5,36
3,0,1,1,21.32,25.0,83,0.0,2012,9,13,4,6
2,0,1,2,26.24,30.305,69,23.9994,2011,5,3,10,127
4,0,1,1,12.3,16.665,87,0.0,2011,11,8,6,99
3,0,0,2,26.24,30.305,69,15.0013,2011,9,3,2,41
1,0,0,2,12.3,13.635,100,19.9995,2011,3,5,8,45
3,1,0,1,29.52,34.09,76,7.0015,2012,9,3,21,184
2,0,0,2,10.66,13.635,70,7.0015,2011,4,2,7,18
3,0,1,2,31.16,36.365,70,19.0012,2011,7,8,12,213
1,0,0,1,9.84,10.605,44,19.9995,2011,1,2,22,9
2,0,1,1,26.24,31.06,44,16.9979,2011,6,13,20,331
1,0,0,1,26.24,31.06,50,8.9981,2012,3,17,17,648
1,0,1,1,23.78,27.275,19,26.0027,2011,2,14,13,120
1,1,0,2,5.74,6.82,59,12.998,2012,1,16,10,126
3,0,1,1,25.42,29.545,73,6.0032,2011,9,15,3,8
4,0,0,1,22.96,26.515,37,15.0013,2012,11,11,15,724
3,0,1,3,22.96,26.515,94,11.0014,2011,9,7,4,4
4,0,0,2,14.76,18.18,93,7.0015,2012,12,8,6,20
1,0,0,1,9.02,11.365,87,12.998,2012,1,7,7,20
3,0,1,3,26.24,28.03,94,19.0012,2011,9,8,17,113
1,0,0,3,9.02,11.365,100,8.9981,2011,2,5,11,47
3,0,0,1,27.88,31.82,61,0.0,2012,8,12,23,110
3,0,1,1,26.24,30.305,65,8.9981,2012,9,13,19,674
3,0,0,2,27.06,31.06,65,0.0,2012,8,19,16,356
1,0,1,1,18.04,21.97,82,0.0,2012,3,14,8,662
2,0,1,1,35.26,40.15,47,19.9995,2011,6,1,17,486
1,0,1,1,8.2,9.09,75,26.0027,2011,3,7,6,34
3,0,0,1,26.24,28.79,84,15.0013,2011,9,4,6,3
1,0,1,2,17.22,21.21,67,8.9981,2012,2,2,3,2
4,1,0,1,16.4,20.455,87,0.0,2012,11,12,7,264
1,0,0,1,8.2,9.85,47,15.0013,2012,1,14,19,102
3,0,1,1,25.42,31.06,57,12.998,2011,8,12,2,15
4,0,0,1,15.58,19.695,40,11.0014,2012,11,17,17,403
3,0,1,1,30.34,32.575,37,16.9979,2011,8,11,10,132
1,0,0,2,22.96,26.515,37,19.0012,2012,1,7,16,401
4,0,1,3,14.76,17.425,81,15.0013,2011,11,10,16,73
4,0,1,1,17.22,21.21,82,7.0015,2012,12,3,22,144
1,0,1,1,10.66,12.88,60,15.0013,2012,2,3,5,17
1,0,1,1,4.92,9.85,39,0.0,2011,2,10,22,51
3,0,1,1,25.42,28.79,83,11.0014,2011,9,14,8,429
3,0,0,1,27.06,30.305,78,12.998,2011,7,9,7,71
2,0,1,1,19.68,23.485,41,19.9995,2012,5,11,9,322
3,0,1,1,35.26,39.395,44,19.0012,2011,7,12,16,202
4,0,1,2,22.96,26.515,68,16.9979,2012,10,18,20,387
4,0,0,1,7.38,10.605,59,7.0015,2011,12,11,5,6
4,0,1,1,25.42,31.06,43,23.9994,2011,10,14,14,156
4,0,1,2,18.86,22.725,100,8.9981,2011,11,16,14,61
4,0,0,2,10.66,15.15,93,0.0,2012,12,2,5,8
3,0,1,1,26.24,31.06,38,15.0013,2012,9,10,13,323
4,0,1,2,9.84,11.365,70,12.998,2012,12,7,1,28
1,0,1,1,9.02,11.365,47,8.9981,2011,2,11,11,64
4,0,0,1,11.48,12.88,45,23.9994,2011,12,17,14,237
3,1,0,1,32.8,36.365,46,0.0,2012,7,4,10,447
4,0,0,1,10.66,15.15,35,0.0,2011,12,11,12,288
3,0,1,2,36.9,38.635,24,0.0,2012,7,3,15,401
1,0,1,1,16.4,20.455,76,22.0028,2012,1,12,23,67
3,0,1,1,27.88,31.82,54,12.998,2011,7,15,9,207
2,0,0,1,24.6,31.06,46,7.0015,2011,5,8,16,385
2,0,1,2,28.7,32.575,58,35.0008,2011,5,3,14,158
3,0,1,3,31.16,36.365,66,19.0012,2012,8,7,16,445
4,0,1,3,22.14,25.76,88,15.0013,2011,10,12,13,101
3,0,1,3,26.24,28.79,89,19.9995,2012,8,10,6,44
1,0,0,1,22.14,25.76,68,6.0032,2012,3,18,15,554
3,0,0,1,29.52,34.09,70,11.0014,2011,9,3,18,339
4,0,0,2,16.4,20.455,82,7.0015,2012,10,7,19,114
4,0,1,2,13.12,15.91,76,12.998,2012,12,7,11,203
3,0,1,2,27.88,31.82,83,26.0027,2011,9,8,13,126
1,0,1,2,9.84,12.88,52,6.0032,2012,1,5,10,86
2,0,1,2,23.78,27.275,68,27.9993,2012,5,8,10,157
1,0,1,1,18.86,22.725,67,12.998,2012,1,12,16,281
3,0,0,1,33.62,41.665,63,12.998,2012,7,7,8,152
1,0,1,3,9.02,11.365,93,8.9981,2011,1,19,4,2
1,0,1,1,9.02,9.09,32,39.0007,2011,2,8,17,176
3,0,0,1,22.14,25.76,68,12.998,2011,9,18,23,54
3,0,1,1,26.24,28.79,83,0.0,2011,8,19,4,8
4,0,1,1,9.02,11.365,69,8.9981,2012,11,6,6,149
2,0,1,3,13.12,14.395,81,30.0026,2011,4,5,11,19
3,0,1,1,33.62,37.88,46,11.0014,2012,8,1,15,295
4,0,1,1,13.12,15.15,49,16.9979,2012,11,14,11,151
4,0,0,2,9.84,12.12,93,8.9981,2012,12,2,7,31
3,0,1,1,29.52,34.09,66,7.0015,2012,7,17,6,213
4,0,0,1,22.14,25.76,52,26.0027,2011,10,16,21,102
4,0,0,1,18.04,21.97,88,0.0,2011,10,9,6,21
4,0,1,2,22.96,26.515,94,15.0013,2011,10,14,9,180
2,0,1,2,27.88,31.82,36,31.0009,2011,4,4,22,75
2,1,0,1,24.6,30.305,64,16.9979,2012,4,16,2,14
1,0,1,1,9.84,9.85,56,32.9975,2011,2,8,8,243
1,0,1,1,17.22,21.21,67,15.0013,2011,3,17,20,137
1,0,1,1,10.66,13.635,60,8.9981,2012,1,5,21,97
2,0,1,1,22.14,25.76,94,8.9981,2012,5,16,4,4
3,0,0,1,29.52,33.335,51,8.9981,2011,9,11,17,380
2,0,1,1,21.32,25.0,77,8.9981,2012,6,7,0,59
4,0,1,1,7.38,10.605,74,7.0015,2011,12,19,7,191
1,0,1,2,6.56,7.575,86,15.0013,2011,1,11,16,76
4,0,1,1,15.58,19.695,46,19.0012,2011,12,9,15,189
3,0,0,1,33.62,36.365,36,7.0015,2011,7,9,18,378
2,0,1,1,24.6,31.06,43,12.998,2011,5,9,12,195
4,0,1,1,24.6,30.305,60,8.9981,2011,10,18,17,625
1,0,0,2,18.86,22.725,44,23.9994,2012,3,3,14,430
1,0,0,1,9.02,9.09,32,31.0009,2011,1,9,14,72
1,0,0,1,11.48,14.395,56,7.0015,2012,2,5,21,66
1,0,1,1,5.74,6.06,50,23.9994,2011,2,3,8,188
3,0,1,2,27.06,30.305,83,16.9979,2011,7,8,21,204
2,0,1,2,25.42,31.06,59,19.9995,2012,5,9,11,201
2,0,1,1,22.96,26.515,83,0.0,2012,5,2,2,16
4,0,1,1,15.58,19.695,87,0.0,2012,12,3,3,8
3,0,1,2,30.34,34.85,70,7.0015,2011,7,6,13,140
1,0,1,3,9.02,11.365,93,12.998,2011,2,2,1,3
4,0,1,2,18.86,22.725,94,12.998,2012,12,10,21,245
4,0,1,1,27.06,31.06,54,0.0,2012,10,5,10,260
3,0,1,1,26.24,29.545,78,6.0032,2011,8,5,3,6
3,0,0,1,39.36,42.425,26,0.0,2012,7,7,15,306
2,0,0,1,22.14,25.76,32,35.0008,2011,4,17,15,388
2,0,0,2,25.42,29.545,73,22.0028,2012,5,5,19,405
1,0,1,1,13.94,17.425,23,7.0015,2012,2,13,14,135
4,0,1,1,22.96,26.515,49,12.998,2011,10,17,3,2
4,0,1,1,13.94,16.665,66,8.9981,2012,11,1,5,40
3,0,1,1,29.52,34.09,62,8.9981,2011,7,5,8,432
3,0,0,1,25.42,29.545,73,15.0013,2012,8,18,4,13
2,0,0,1,18.04,21.97,24,15.0013,2012,4,8,0,85
1,0,0,2,9.84,12.12,70,11.0014,2011,2,5,0,39
1,0,0,1,16.4,20.455,16,43.9989,2011,2,19,9,55
2,0,0,2,20.5,24.24,82,11.0014,2011,5,14,4,5
1,0,1,1,8.2,12.88,40,0.0,2011,3,3,22,53
3,0,0,2,18.86,22.725,77,16.9979,2011,9,17,8,108
2,0,1,1,10.66,13.635,60,8.9981,2011,4,6,1,2
1,0,1,1,15.58,19.695,66,11.0014,2011,3,18,5,10
4,1,0,1,16.4,20.455,76,11.0014,2012,11,12,1,30
1,0,1,1,6.56,11.365,59,0.0,2011,1,6,8,219
1,0,1,1,8.2,9.09,75,19.0012,2012,2,9,6,76
2,0,0,2,26.24,31.06,36,11.0014,2012,5,12,19,439
3,0,0,3,27.06,30.305,83,19.9995,2011,8,14,0,90
3,0,1,1,34.44,12.12,36,26.0027,2012,8,17,13,357
4,0,1,1,17.22,21.21,88,0.0,2011,10,7,2,5
2,0,1,1,26.24,31.06,29,11.0014,2011,6,3,20,293
1,0,0,1,12.3,15.15,52,8.9981,2012,1,8,8,57
3,0,1,2,35.26,37.12,30,11.0014,2012,7,3,17,722
2,0,1,2,22.96,26.515,37,6.0032,2011,5,10,10,127
4,0,0,1,13.12,14.395,45,23.9994,2011,11,5,0,52
3,0,1,2,24.6,27.275,88,11.0014,2012,9,18,18,281
1,0,0,2,17.22,21.21,100,19.0012,2011,3,6,9,22
3,0,1,1,35.26,38.635,39,19.0012,2011,8,9,15,164
2,0,0,2,27.88,31.82,44,23.9994,2012,5,13,18,389
2,0,0,1,24.6,31.06,53,19.9995,2012,6,2,10,493
3,0,0,1,23.78,27.275,78,6.0032,2011,7,16,5,10
3,0,0,1,26.24,28.79,89,8.9981,2011,7,9,3,30
3,0,0,2,27.06,30.305,83,22.0028,2011,8,13,23,120
2,0,0,1,22.96,26.515,78,16.9979,2011,5,15,18,237
4,0,1,3,18.86,22.725,88,15.0013,2011,12,6,4,7
3,1,0,1,27.06,29.545,89,8.9981,2012,9,3,3,28
4,0,0,2,15.58,19.695,66,0.0,2012,12,1,16,443
4,0,1,2,25.42,31.06,41,11.0014,2011,10,18,14,169
2,0,1,2,26.24,31.06,53,16.9979,2011,5,12,15,217
1,0,0,1,4.1,3.79,46,27.9993,2011,1,9,3,4
1,0,1,1,6.56,8.335,50,11.0014,2011,1,10,20,74
1,0,0,2,17.22,21.21,94,12.998,2012,3,17,6,30
2,0,1,1,17.22,21.21,67,6.0032,2012,4,4,5,27
4,0,1,2,22.96,26.515,83,0.0,2012,10,19,3,5
2,0,1,1,26.24,31.06,41,23.9994,2012,6,4,13,274
1,0,1,1,14.76,16.665,53,19.0012,2012,2,15,11,138
3,0,1,1,24.6,31.06,56,15.0013,2011,7,14,5,28
2,0,1,1,25.42,31.06,41,12.998,2012,5,17,13,327
4,0,1,1,17.22,21.21,41,27.9993,2012,11,2,11,221
1,0,1,1,4.92,6.06,50,19.0012,2011,1,10,0,5
4,0,1,1,9.02,12.88,75,6.0032,2011,12,9,7,199
3,0,0,1,32.8,37.88,55,7.0015,2011,7,3,12,404
4,0,1,1,14.76,17.425,46,15.0013,2011,12,1,12,148
4,0,1,1,26.24,31.06,41,19.0012,2011,10,5,14,190
4,0,1,2,13.94,16.665,46,8.9981,2012,12,12,16,329
1,0,1,1,5.74,6.06,50,22.0028,2011,1,13,3,3
3,0,1,1,35.26,41.665,53,19.0012,2011,7,11,14,134
4,0,1,2,10.66,12.88,81,12.998,2012,12,7,3,5
4,0,0,3,16.4,20.455,62,15.0013,2011,10,2,13,308
1,0,1,1,14.76,16.665,50,16.9979,2012,1,6,12,191
2,0,1,3,26.24,29.545,78,16.9979,2012,6,1,21,85
4,0,0,1,16.4,20.455,40,15.0013,2011,11,5,16,335
2,0,0,1,20.5,24.24,39,7.0015,2011,4,17,22,70
4,0,1,1,14.76,18.18,43,7.0015,2011,12,1,18,405
1,0,0,1,11.48,12.88,38,19.9995,2011,1,15,13,101
1,0,0,3,12.3,14.395,70,12.998,2012,2,4,17,67
2,0,1,1,19.68,23.485,82,6.0032,2012,6,7,5,34
2,0,0,1,27.06,30.305,78,6.0032,2011,6,18,8,131
3,0,0,1,26.24,30.305,69,16.9979,2012,8,18,8,189
3,0,1,1,25.42,31.06,43,19.9995,2012,9,10,11,236
3,0,1,1,29.52,33.335,58,16.9979,2012,7,11,22,244
1,0,1,1,13.12,16.665,33,7.0015,2012,2,9,19,295
4,1,0,1,13.12,15.91,39,12.998,2011,11,11,20,109
3,0,1,1,31.16,34.09,40,7.0015,2012,8,16,19,677
1,0,1,3,13.12,16.665,81,7.0015,2011,3,15,21,55
4,0,1,2,12.3,14.395,52,15.0013,2012,12,12,22,122
4,0,1,1,9.84,12.88,70,7.0015,2011,12,8,23,61
2,0,1,1,21.32,25.0,88,11.0014,2011,5,16,6,104
4,0,1,2,25.42,27.275,94,0.0,2012,10,3,1,19
4,0,1,2,12.3,15.15,65,8.9981,2012,11,16,3,6
2,0,0,3,22.14,25.76,94,15.0013,2011,5,14,21,59
4,0,1,1,14.76,16.665,57,16.9979,2011,11,10,21,136
1,0,1,3,19.68,23.485,77,0.0,2012,3,16,16,129
4,1,0,1,22.96,26.515,88,6.0032,2011,10,10,21,175
2,0,1,1,24.6,29.545,69,12.998,2012,5,3,13,265
3,0,1,1,32.8,38.635,59,12.998,2011,7,18,12,165
4,0,1,1,9.02,11.365,44,8.9981,2011,11,18,5,22
1,0,0,3,9.84,9.09,93,40.9973,2011,3,6,21,7
1,0,0,3,9.02,11.365,93,11.0014,2012,2,11,5,2
4,0,1,3,22.96,26.515,94,11.0014,2011,10,19,16,201
1,0,0,1,9.84,10.605,52,22.0028,2012,2,19,6,5
2,0,0,1,17.22,21.21,77,6.0032,2011,5,7,6,13
4,0,1,1,10.66,11.365,60,22.0028,2011,12,1,8,477
1,0,0,1,10.66,14.395,56,6.0032,2011,1,16,2,16
3,0,1,1,18.04,21.97,67,15.0013,2011,9,15,23,69
2,0,1,1,24.6,28.79,78,16.9979,2011,5,18,15,167
4,0,1,1,16.4,20.455,47,8.9981,2011,12,2,13,207
2,0,0,1,24.6,31.06,40,12.998,2011,5,7,12,373
1,0,0,1,12.3,14.395,56,15.0013,2012,2,5,16,296
3,0,1,1,22.96,26.515,73,6.0032,2012,9,14,0,87
1,0,0,1,8.2,9.09,32,23.9994,2012,1,15,14,188
3,0,1,1,28.7,33.335,74,15.0013,2012,8,14,0,60
1,0,0,1,10.66,15.15,70,0.0,2012,2,18,4,7
1,0,0,2,12.3,13.635,61,19.9995,2012,2,11,15,124
1,0,0,1,13.94,17.425,49,7.0015,2011,2,6,16,157
2,0,1,1,27.88,31.82,57,35.0008,2011,4,11,20,166
4,0,1,2,16.4,20.455,76,12.998,2011,11,3,10,110
2,0,1,2,22.96,26.515,88,22.0028,2011,5,17,13,172
1,0,1,1,11.48,12.88,52,22.0028,2012,1,18,9,202
2,0,1,1,28.7,31.82,37,23.9994,2011,6,13,18,586
3,0,1,1,32.8,39.395,63,11.0014,2012,8,2,19,607
1,0,0,1,4.92,6.06,54,15.0013,2012,1,15,8,36
4,0,1,1,18.86,22.725,63,19.9995,2011,11,14,1,11
3,0,1,1,33.62,34.85,21,12.998,2011,7,1,17,461
3,0,1,1,32.8,36.365,43,15.0013,2011,8,10,10,113
4,0,1,1,8.2,11.365,69,7.0015,2012,12,14,5,34
2,0,1,1,24.6,31.06,55,11.0014,2011,5,19,18,513
1,0,1,3,13.94,17.425,100,7.0015,2011,3,11,2,5
4,0,1,1,21.32,25.0,52,11.0014,2011,11,3,14,152
3,0,0,1,30.34,34.85,70,19.9995,2011,9,4,20,229
4,0,0,1,17.22,21.21,54,8.9981,2011,10,16,3,42
1,0,1,1,10.66,15.15,65,0.0,2012,2,8,2,1
2,0,1,1,19.68,23.485,29,26.0027,2012,4,6,14,490
1,0,0,1,20.5,24.24,27,19.9995,2012,3,3,16,467
3,0,1,1,37.72,40.91,31,12.998,2012,7,17,13,221
3,0,1,1,30.34,33.335,42,15.0013,2011,8,12,19,385
1,0,1,2,22.96,26.515,35,19.9995,2011,2,17,16,146
2,0,1,1,22.96,26.515,83,8.9981,2011,5,12,21,223
2,0,1,1,31.98,33.335,24,22.0028,2011,6,2,14,185
4,0,1,1,18.04,21.97,41,23.9994,2012,10,11,10,204
1,0,1,1,9.84,11.365,56,12.998,2011,1,4,13,97
2,0,1,3,10.66,12.88,100,11.0014,2011,4,1,0,6
2,0,1,1,24.6,31.06,49,15.0013,2012,6,4,8,665
4,0,1,1,18.04,21.97,72,16.9979,2011,11,14,7,322
2,0,1,3,16.4,20.455,94,22.0028,2011,4,13,4,3
3,0,1,1,27.06,31.06,54,7.0015,2011,7,1,7,243
1,0,1,1,18.04,21.97,72,19.0012,2011,2,18,2,7
2,0,0,1,19.68,23.485,59,0.0,2012,5,12,3,34
1,0,1,1,4.1,5.305,54,12.998,2012,2,13,7,195
2,0,1,1,36.9,40.91,37,15.0013,2011,6,8,18,459
4,0,1,2,13.94,15.15,39,23.9994,2011,12,16,13,137
3,0,0,2,27.06,29.545,89,12.998,2011,8,14,7,24
3,0,1,1,27.88,31.82,83,15.0013,2011,7,6,23,98
1,0,1,2,17.22,21.21,50,19.9995,2012,3,2,15,78
4,1,0,1,18.86,22.725,94,0.0,2011,10,10,4,6
3,0,1,2,29.52,34.09,62,8.9981,2012,7,11,10,195
2,0,1,1,24.6,31.06,31,6.0032,2011,4,14,15,142
4,0,1,2,18.04,21.97,100,15.0013,2011,11,16,4,4
1,0,1,3,11.48,11.365,55,43.9989,2012,3,5,18,375
3,0,1,1,32.8,37.88,55,19.0012,2012,9,7,16,470
3,0,0,1,26.24,28.79,83,11.0014,2011,9,4,4,4
2,0,1,1,28.7,32.575,48,16.9979,2012,6,14,19,579
3,0,1,1,22.14,25.76,52,8.9981,2012,9,10,22,159
3,1,0,3,27.06,29.545,94,7.0015,2011,9,5,19,175
3,0,1,1,36.08,37.88,28,12.998,2012,7,3,12,272
1,0,1,2,12.3,15.91,70,6.0032,2012,2,10,23,65
2,0,0,1,27.06,30.305,78,12.998,2011,6,19,23,92
1,0,1,1,14.76,17.425,46,15.0013,2012,2,3,14,170
3,0,1,3,24.6,27.275,88,6.0032,2011,8,15,0,25
1,0,1,1,24.6,29.545,15,32.9975,2011,2,14,14,90
1,0,0,2,12.3,14.395,49,12.998,2012,2,19,15,253
2,0,1,1,29.52,33.335,54,12.998,2011,6,6,19,407
2,0,1,1,37.72,41.665,33,8.9981,2011,6,9,16,200
1,0,0,1,11.48,13.635,56,15.0013,2012,1,8,21,91
1,0,1,1,5.74,10.605,59,0.0,2012,1,19,10,108
3,0,0,3,27.06,30.305,83,0.0,2011,7,3,20,176
4,0,1,1,12.3,15.91,70,7.0015,2012,11,2,4,7
4,0,0,1,18.86,22.725,59,8.9981,2012,11,11,11,504
3,1,0,1,27.88,31.82,85,0.0,2012,9,3,7,43
1,0,1,1,12.3,15.15,65,8.9981,2012,2,6,23,46
4,0,0,1,9.02,11.365,75,12.998,2011,12,18,22,49
2,0,1,1,17.22,21.21,67,6.0032,2012,4,4,4,1
1,0,1,1,21.32,25.0,27,16.9979,2012,1,6,15,222
4,0,0,3,14.76,18.18,93,6.0032,2012,12,9,18,198
4,0,1,2,15.58,19.695,62,16.9979,2012,11,19,20,259
4,0,1,3,13.94,15.15,61,19.9995,2011,11,17,8,355
2,0,1,2,30.34,33.335,45,15.0013,2012,5,1,15,234
1,0,0,1,9.84,11.365,41,16.9979,2012,1,14,17,144
4,0,1,1,13.94,16.665,57,11.0014,2012,11,2,0,50
2,0,0,1,26.24,30.305,19,22.0028,2012,4,8,16,476
1,0,0,1,9.84,11.365,65,16.9979,2011,3,12,3,7
3,0,1,1,30.34,34.85,66,11.0014,2012,8,1,20,513
2,0,1,1,22.14,25.76,77,19.0012,2011,5,19,21,209
2,0,1,3,22.96,26.515,88,0.0,2011,5,17,2,8
3,0,0,1,26.24,28.79,83,15.0013,2011,7,9,4,6
4,0,1,1,23.78,27.275,56,8.9981,2011,10,5,19,374
2,0,1,1,27.06,31.06,31,8.9981,2012,5,17,17,852
3,1,0,1,33.62,37.12,43,6.0032,2011,7,4,15,408
2,0,0,1,16.4,20.455,40,0.0,2012,4,8,4,7
2,0,0,1,27.06,31.06,50,15.0013,2012,6,17,15,463
2,0,1,2,21.32,25.0,88,19.0012,2011,4,11,8,314
1,0,0,2,8.2,9.09,69,26.0027,2011,1,8,11,62
1,0,1,3,5.74,7.575,86,11.0014,2011,2,9,20,84
3,0,1,1,31.98,34.09,38,16.9979,2012,7,11,18,814
2,0,1,2,21.32,25.0,84,11.0014,2011,5,13,21,154
3,0,1,2,29.52,34.85,74,7.0015,2011,7,19,6,134
2,0,0,1,26.24,31.06,44,19.0012,2012,4,15,12,635
3,1,0,1,35.26,40.15,47,15.0013,2012,7,4,20,551
1,0,0,1,9.84,11.365,70,12.998,2011,3,12,7,23
2,0,1,2,25.42,29.545,73,11.0014,2012,5,14,15,196
3,0,1,1,30.34,34.85,70,16.9979,2012,9,6,17,808
3,0,1,1,31.16,35.605,58,6.0032,2012,8,1,11,234
3,1,0,2,28.7,33.335,84,16.9979,2012,9,3,23,70
3,0,1,1,26.24,28.79,89,8.9981,2012,7,11,3,5
2,0,1,2,21.32,25.0,94,11.0014,2011,5,3,6,109
1,0,0,3,9.84,11.365,87,15.0013,2012,2,11,4,4
4,0,0,1,25.42,30.305,61,7.0015,2011,10,9,17,438
4,0,0,2,10.66,15.15,81,0.0,2012,12,1,2,50
3,0,1,1,35.26,38.635,39,7.0015,2012,7,6,20,336
4,0,1,1,13.94,15.91,42,15.0013,2011,12,13,18,382
2,0,1,1,25.42,30.305,23,15.0013,2012,5,11,14,334
4,0,0,1,13.12,15.91,61,11.0014,2012,12,15,10,273
2,1,0,1,25.42,30.305,61,23.9994,2012,4,16,1,28
1,0,1,2,18.86,22.725,67,7.0015,2011,2,18,5,7
2,0,0,1,32.8,37.88,55,15.0013,2011,6,11,12,347
2,0,1,1,31.98,37.12,59,11.0014,2012,6,19,15,259
4,0,1,1,23.78,27.275,46,7.0015,2011,11,8,15,188
1,0,0,1,11.48,15.15,81,6.0032,2012,1,1,4,8
2,0,0,1,20.5,24.24,20,15.0013,2012,4,7,20,208
4,0,0,2,10.66,12.88,56,15.0013,2011,12,17,7,20
4,1,0,1,13.94,16.665,87,11.0014,2012,10,8,1,37
1,0,1,1,24.6,31.06,31,15.0013,2011,2,17,14,81
1,0,1,1,8.2,11.365,47,7.0015,2011,1,3,20,52
1,0,1,1,19.68,23.485,88,11.0014,2012,3,1,5,18
1,0,0,1,22.96,26.515,64,12.998,2012,3,17,20,271
2,0,1,1,18.86,22.725,82,8.9981,2011,5,11,6,99
3,0,1,1,24.6,31.06,49,0.0,2012,9,11,9,358
1,0,0,2,10.66,12.88,56,11.0014,2011,1,16,6,1
3,0,1,2,32.8,37.12,52,0.0,2012,8,8,11,239
4,0,1,1,22.96,26.515,64,19.9995,2011,11,15,4,7
3,0,0,2,22.96,26.515,64,12.998,2011,9,18,17,325
2,0,1,1,18.04,21.97,88,7.0015,2011,5,2,6,62
2,0,1,1,29.52,32.575,39,12.998,2012,6,15,15,377
4,0,0,1,18.86,22.725,59,12.998,2011,10,15,2,56
4,0,1,1,12.3,15.15,36,8.9981,2011,11,18,11,140
3,0,0,3,26.24,29.545,78,12.998,2012,8,11,2,85
2,0,1,2,20.5,24.24,94,16.9979,2012,5,1,7,169
4,0,1,1,9.84,14.395,65,0.0,2011,12,9,1,14
4,0,0,2,14.76,16.665,76,16.9979,2011,10,2,20,87
2,0,0,1,28.7,32.575,48,8.9981,2012,5,13,14,552
1,0,1,1,13.94,14.395,42,36.9974,2011,2,2,18,182
3,0,1,1,29.52,33.335,58,0.0,2012,7,3,1,14
3,0,1,2,28.7,33.335,74,7.0015,2011,7,19,5,19
3,0,1,1,24.6,28.79,78,0.0,2011,9,1,6,105
1,0,0,1,18.86,22.725,38,19.9995,2012,2,18,18,246
2,0,0,1,18.86,22.725,51,11.0014,2012,4,14,10,406
4,0,1,1,10.66,15.15,60,0.0,2012,12,12,4,4
3,0,1,1,34.44,40.15,53,15.0013,2012,7,16,11,182
1,0,0,1,18.04,21.97,16,50.0021,2011,2,19,15,171
4,0,1,1,9.84,10.605,65,19.0012,2012,11,14,7,415
4,0,1,1,14.76,18.94,87,0.0,2011,11,8,9,191
3,0,1,2,28.7,32.575,51,15.0013,2012,7,12,23,211
2,0,1,3,13.94,15.91,87,15.0013,2011,4,8,15,25
1,0,1,1,13.94,15.91,25,16.9979,2012,2,13,18,405
3,0,1,1,26.24,30.305,73,0.0,2012,8,16,1,21
2,0,0,2,26.24,31.06,27,30.0026,2012,4,14,14,660
2,0,1,1,27.06,31.06,44,15.0013,2012,4,17,4,9
2,0,0,2,29.52,32.575,37,7.0015,2012,6,16,16,542
3,1,0,1,28.7,33.335,74,7.0015,2011,7,4,8,86
4,0,1,1,13.94,15.15,49,22.0028,2012,11,9,0,55
1,0,0,1,22.96,26.515,64,11.0014,2012,3,18,19,352
4,0,1,1,18.04,21.97,82,12.998,2012,12,3,21,221
3,0,1,1,30.34,33.335,51,0.0,2012,7,5,2,18
1,0,1,2,9.84,12.12,87,8.9981,2011,3,9,8,249
3,0,1,3,24.6,27.275,88,8.9981,2011,9,7,10,66
1,0,1,1,10.66,11.365,48,22.0028,2012,1,19,23,56
4,0,0,2,15.58,19.695,87,19.0012,2012,12,9,13,285
3,0,1,2,28.7,33.335,79,8.9981,2011,8,3,15,118
1,0,0,1,21.32,25.0,42,7.0015,2012,1,7,19,215
2,0,0,1,22.14,25.76,68,12.998,2012,6,16,7,78
2,0,0,2,22.96,26.515,83,7.0015,2012,6,2,1,76
4,0,1,1,9.84,12.12,70,8.9981,2012,11,14,23,87
1,0,1,1,13.12,15.91,81,12.998,2012,1,12,8,508
4,0,1,1,13.12,17.425,93,0.0,2011,11,7,3,3
4,0,1,3,18.04,21.97,100,6.0032,2011,12,7,10,33
2,0,1,1,25.42,30.305,69,8.9981,2011,6,7,1,4
2,0,1,1,13.12,15.15,66,22.0028,2012,4,12,8,624
2,0,1,2,19.68,23.485,77,26.0027,2011,4,12,16,99
1,0,1,1,4.92,7.575,68,7.0015,2011,1,4,5,4
4,0,0,2,9.84,12.12,87,8.9981,2012,12,1,7,63
4,0,1,3,21.32,25.0,55,15.0013,2011,12,15,15,82
4,0,0,1,9.02,12.12,55,7.0015,2011,12,11,20,72
3,0,1,1,33.62,39.395,56,0.0,2012,7,18,9,297
3,0,1,1,31.16,34.09,40,19.9995,2011,8,12,18,465
2,0,1,1,22.96,26.515,30,27.9993,2012,4,9,16,391
1,0,1,3,17.22,21.21,0,15.0013,2011,3,10,12,34
4,0,1,1,21.32,25.0,59,7.0015,2011,10,6,19,343
4,0,0,1,11.48,13.635,81,12.998,2012,11,18,7,42
2,0,0,1,25.42,30.305,22,19.9995,2012,4,8,17,411
1,0,1,1,9.02,9.85,37,26.0027,2011,1,14,13,77
1,0,1,1,15.58,19.695,43,15.0013,2012,2,7,19,338
3,0,1,1,27.06,31.06,69,19.0012,2011,8,18,3,6
4,0,0,1,11.48,12.88,56,22.0028,2011,11,5,8,84
1,0,1,1,8.2,10.605,80,8.9981,2012,1,11,5,22
1,0,1,2,6.56,9.85,64,6.0032,2011,1,6,4,1
2,0,1,2,19.68,23.485,88,8.9981,2011,5,11,4,2
4,0,1,1,14.76,17.425,46,8.9981,2012,12,14,18,455
4,0,1,1,9.84,12.88,87,7.0015,2012,12,19,8,678
3,0,1,1,25.42,30.305,69,7.0015,2012,9,13,20,463
2,0,1,1,27.06,31.06,39,0.0,2011,5,11,16,289
2,0,1,2,18.86,22.725,72,0.0,2012,4,19,9,301
3,0,1,1,30.34,34.09,62,11.0014,2011,7,7,22,182
3,0,0,1,22.96,26.515,68,6.0032,2012,9,16,22,127
1,0,1,1,9.02,11.365,37,12.998,2012,2,13,11,90
1,0,1,2,15.58,19.695,46,19.9995,2011,3,15,14,88
2,0,0,1,29.52,32.575,45,23.9994,2012,5,13,15,499
3,0,0,1,31.16,35.605,58,15.0013,2012,8,11,12,546
4,0,1,2,16.4,20.455,87,7.0015,2011,10,4,1,9
4,0,0,2,14.76,17.425,81,12.998,2011,10,2,18,174
2,0,0,1,33.62,37.88,46,0.0,2011,6,12,12,420
2,0,1,1,13.94,15.15,57,26.0027,2012,4,11,21,165
3,0,1,1,34.44,36.365,32,11.0014,2012,7,2,18,730
1,0,0,3,17.22,21.21,67,26.0027,2012,1,1,19,105
4,0,0,1,8.2,10.605,75,11.0014,2011,12,17,21,96
3,0,1,3,19.68,23.485,82,31.0009,2011,9,15,17,261
3,0,1,1,29.52,34.85,79,6.0032,2012,8,6,1,11
1,0,0,2,14.76,18.18,93,6.0032,2012,3,3,5,2
1,0,0,1,7.38,6.82,29,30.0026,2011,1,8,16,76
2,0,1,1,18.86,22.725,51,8.9981,2011,4,14,9,170
4,0,1,2,11.48,12.88,52,22.0028,2012,11,7,3,11
4,0,0,3,16.4,20.455,76,23.9994,2011,10,1,10,121
4,0,1,1,18.86,22.725,72,7.0015,2012,10,1,0,45
2,0,0,1,12.3,16.665,61,0.0,2011,4,3,3,11
2,0,0,1,21.32,25.0,34,26.0027,2011,4,17,14,361
4,0,0,1,13.12,16.665,57,6.0032,2011,12,3,11,275
4,0,0,1,20.5,24.24,34,16.9979,2011,11,12,17,285
2,0,1,1,27.06,31.06,39,8.9981,2011,6,2,6,113
1,0,1,1,9.84,12.88,48,7.0015,2011,1,4,19,112
4,0,1,1,25.42,31.06,46,27.9993,2011,11,14,16,315
4,0,0,3,14.76,17.425,87,12.998,2011,10,2,16,206
3,0,1,1,31.16,33.335,31,8.9981,2011,8,10,20,312
3,0,1,2,23.78,27.275,60,6.0032,2011,9,19,12,189
3,0,1,3,24.6,25.76,94,16.9979,2012,9,18,0,13
1,0,1,2,9.02,11.365,80,8.9981,2011,1,18,19,99
3,0,1,2,27.06,31.06,65,6.0032,2012,7,12,2,9
3,0,1,1,33.62,39.395,56,12.998,2011,8,9,12,185
4,0,1,3,13.12,15.15,87,16.9979,2012,11,13,8,211
4,0,1,2,13.12,16.665,70,8.9981,2011,12,15,2,7
2,0,1,1,27.06,31.06,61,11.0014,2012,5,1,20,335
4,0,1,2,24.6,30.305,60,12.998,2012,10,18,15,353
2,0,1,1,22.14,25.76,56,6.0032,2012,6,5,23,113
2,0,1,1,16.4,20.455,47,12.998,2012,4,5,22,149
4,0,1,2,18.04,21.97,58,19.0012,2012,12,5,8,759
2,0,1,1,27.06,30.305,78,6.0032,2011,6,10,6,104
3,0,1,2,25.42,29.545,78,12.998,2011,9,15,7,338
1,0,1,2,13.12,15.91,87,11.0014,2012,2,16,19,258
2,0,1,1,19.68,23.485,94,0.0,2011,5,19,4,5
1,0,1,1,8.2,9.09,75,26.0027,2011,3,7,8,211
4,0,1,1,11.48,13.635,45,11.0014,2012,12,6,18,565
2,0,1,2,22.14,25.76,73,22.0028,2011,4,5,2,5
2,0,1,1,35.26,40.91,50,19.0012,2011,6,9,10,94
3,0,1,1,28.7,32.575,65,8.9981,2012,7,3,6,154
2,0,1,2,22.96,26.515,88,8.9981,2012,5,9,5,28
4,0,1,1,16.4,20.455,71,6.0032,2012,10,16,22,181
1,0,1,1,16.4,20.455,62,12.998,2011,3,18,2,14
4,0,0,1,13.94,15.15,34,27.9993,2011,12,10,13,286
2,0,1,3,25.42,28.03,88,23.9994,2012,6,1,18,110
3,0,0,2,27.06,30.305,78,7.0015,2011,7,3,22,162
1,0,1,2,18.86,22.725,77,6.0032,2012,3,16,13,260
2,0,1,3,24.6,27.275,88,8.9981,2012,6,12,5,29
2,0,1,1,26.24,31.06,57,11.0014,2012,6,8,23,215
2,0,1,1,21.32,25.0,55,15.0013,2011,5,9,8,374
1,0,1,1,13.94,16.665,27,12.998,2011,3,8,18,235
4,0,1,1,12.3,14.395,56,15.0013,2012,11,6,19,371
2,0,1,2,19.68,23.485,88,22.0028,2011,4,5,6,38
1,0,0,1,18.04,21.97,44,11.0014,2012,2,18,19,188
3,0,1,2,30.34,34.85,70,12.998,2012,7,6,3,7
3,0,0,1,27.88,31.82,79,7.0015,2012,7,1,5,10
2,0,1,2,16.4,20.455,62,26.0027,2011,4,8,11,98
4,0,0,2,15.58,19.695,94,6.0032,2012,12,8,8,111
4,0,1,2,18.86,22.725,88,19.0012,2012,12,10,18,564
3,0,1,1,22.96,26.515,88,0.0,2011,9,13,4,8
4,0,1,1,18.86,22.725,44,26.0027,2011,11,4,15,237
3,0,1,1,21.32,25.0,83,0.0,2012,9,13,5,57
1,0,1,1,16.4,20.455,62,8.9981,2012,2,1,10,133
1,0,1,1,12.3,14.395,26,16.9979,2011,2,11,14,84
2,0,1,1,22.14,25.76,60,8.9981,2011,6,15,7,370
4,0,0,3,13.94,15.15,87,19.9995,2011,10,2,2,30
3,0,1,1,28.7,33.335,74,8.9981,2011,7,18,0,51
2,0,1,2,16.4,20.455,40,23.9994,2012,4,11,13,163
3,0,1,1,34.44,38.635,47,8.9981,2012,7,19,13,254
3,0,1,2,26.24,30.305,69,7.0015,2011,9,14,23,72
4,0,0,1,14.76,18.18,46,7.0015,2011,11,5,11,238
1,0,1,1,10.66,11.365,33,22.0028,2011,1,5,11,46
1,0,1,1,7.38,9.85,74,8.9981,2011,3,4,8,228
4,0,1,2,13.12,17.425,57,0.0,2011,12,14,10,142
4,0,1,1,19.68,23.485,55,8.9981,2011,11,8,18,462
3,1,0,1,27.06,29.545,89,7.0015,2012,9,3,2,40
1,0,1,1,9.84,12.88,70,6.0032,2011,3,9,3,3
4,0,0,1,22.14,25.76,73,15.0013,2012,10,14,20,246
2,0,0,1,27.06,30.305,78,15.0013,2011,6,19,22,152
3,0,1,3,25.42,25.76,100,22.0028,2011,9,8,19,52
2,0,0,1,25.42,29.545,73,0.0,2012,6,10,6,30
3,0,0,1,27.88,31.82,79,0.0,2012,9,1,6,36
3,0,1,1,25.42,30.305,65,11.0014,2011,8,11,6,106
2,0,1,1,14.76,17.425,57,12.998,2012,4,11,14,135
4,0,0,3,16.4,20.455,82,23.9994,2011,10,1,9,129
3,0,0,3,30.34,35.605,79,11.0014,2011,8,6,16,343
4,0,1,1,8.2,11.365,75,6.0032,2012,12,14,4,10
1,0,1,1,17.22,21.21,38,12.998,2012,2,15,16,231
1,0,1,2,11.48,15.15,87,6.0032,2011,1,19,11,52
3,0,1,1,32.8,39.395,63,7.0015,2012,7,6,23,164
3,0,1,1,33.62,37.12,41,8.9981,2012,8,6,18,843
4,0,1,1,23.78,27.275,43,6.0032,2011,10,6,14,195
2,0,0,2,21.32,25.0,55,0.0,2011,5,8,1,64
2,0,0,1,28.7,31.82,32,11.0014,2011,6,4,12,420
2,0,1,1,23.78,27.275,46,16.9979,2012,6,5,19,513
2,0,1,1,29.52,31.82,25,19.0012,2011,6,3,17,558
4,0,1,1,16.4,20.455,40,11.0014,2011,12,19,20,206
4,0,1,1,14.76,17.425,53,11.0014,2011,12,19,23,60
4,0,1,1,6.56,11.365,80,0.0,2011,12,12,5,21
1,0,0,1,4.92,6.82,50,12.998,2011,1,9,23,6
3,0,0,1,26.24,30.305,65,6.0032,2012,8,18,23,235
1,0,1,1,16.4,20.455,35,11.0014,2012,2,6,14,140
4,0,1,2,22.96,26.515,90,11.0014,2011,10,14,8,209
4,0,1,3,16.4,20.455,100,22.0028,2011,12,7,17,52
1,0,0,3,9.02,11.365,93,8.9981,2011,2,5,4,8
1,0,1,2,12.3,15.91,93,7.0015,2011,3,16,5,3
1,0,1,1,9.84,14.395,52,0.0,2011,2,15,21,66
1,0,0,1,13.12,14.395,39,30.0026,2011,2,13,11,112
3,0,1,2,21.32,25.0,68,19.0012,2012,9,19,5,56
2,0,1,1,24.6,31.06,46,11.0014,2012,6,7,22,228
1,0,0,1,20.5,24.24,42,19.0012,2012,1,7,14,512
2,0,1,2,13.94,15.91,93,19.0012,2011,5,4,10,31
3,0,1,2,28.7,33.335,84,12.998,2012,9,6,5,38
4,0,1,2,14.76,16.665,66,19.9995,2012,11,19,7,386
4,0,1,1,13.94,15.15,53,27.9993,2012,11,9,9,327
3,0,1,2,22.14,25.76,88,26.0027,2011,9,6,18,373
2,0,1,1,21.32,25.0,68,6.0032,2011,5,9,22,116
2,0,0,2,26.24,31.06,61,11.0014,2011,6,5,2,64
1,0,0,1,4.1,3.79,49,26.0027,2012,2,12,5,3
4,0,1,1,17.22,21.21,67,11.0014,2012,10,16,6,172
4,0,1,1,18.86,22.725,63,15.0013,2012,10,15,23,81
3,0,1,2,35.26,37.12,30,0.0,2012,7,3,18,627
2,0,1,2,24.6,28.79,78,8.9981,2012,6,19,7,480
3,0,0,3,26.24,28.79,89,15.0013,2011,8,14,1,73
3,0,1,2,27.06,31.06,61,0.0,2012,7,12,1,21
2,0,1,1,31.16,36.365,66,8.9981,2011,6,10,21,218
2,0,1,1,27.88,31.82,57,11.0014,2012,5,3,16,370
1,0,1,1,16.4,20.455,40,22.0028,2012,2,7,12,172
4,0,1,2,20.5,24.24,51,16.9979,2011,10,17,8,414
2,0,0,1,22.96,26.515,68,11.0014,2012,6,17,9,274
1,0,1,1,9.02,12.12,64,7.0015,2012,1,9,4,4
2,0,1,1,16.4,20.455,56,23.9994,2011,4,4,1,11
2,0,1,2,16.4,20.455,76,12.998,2011,4,7,22,81
1,0,0,1,13.12,15.15,49,16.9979,2012,1,8,4,6
3,0,0,1,26.24,28.79,89,11.0014,2011,7,9,2,55
4,0,1,1,13.12,16.665,87,6.0032,2011,12,5,0,24
1,0,1,1,11.48,15.91,48,0.0,2011,3,7,23,22
1,0,0,1,10.66,13.635,93,7.0015,2012,1,1,9,40
1,0,1,1,9.02,13.635,75,0.0,2011,2,7,1,5
3,0,0,1,27.06,29.545,89,0.0,2012,9,2,5,12
1,0,1,1,5.74,7.575,86,8.9981,2011,1,12,2,1
3,0,0,1,28.7,32.575,51,11.0014,2012,8,12,10,328
3,0,1,1,29.52,33.335,51,11.0014,2012,7,12,22,318
3,0,1,1,27.88,31.82,57,11.0014,2012,9,14,19,579
3,0,0,1,29.52,34.85,79,7.0015,2012,8,5,21,208
3,0,1,1,27.06,29.545,89,12.998,2011,7,7,1,16
4,0,1,2,16.4,20.455,54,11.0014,2012,11,1,15,214
2,0,1,3,20.5,24.24,88,11.0014,2011,5,13,23,119
3,0,1,1,26.24,30.305,65,16.9979,2011,9,1,23,126
1,0,0,1,13.94,15.91,31,19.0012,2011,2,12,14,120
3,0,1,1,32.8,36.365,43,16.9979,2012,7,2,10,174
1,0,1,2,5.74,8.335,63,7.0015,2011,2,4,2,1
4,0,0,1,13.12,14.395,31,26.0027,2011,12,10,16,241
4,0,1,1,25.42,30.305,69,0.0,2012,10,4,21,321
2,0,1,1,12.3,15.15,56,11.0014,2011,4,1,22,74
1,0,0,2,17.22,21.21,88,6.0032,2012,3,18,9,178
2,0,0,1,19.68,23.485,59,6.0032,2012,5,19,4,14
2,0,1,1,36.9,40.91,37,16.9979,2011,6,1,14,145
1,0,1,1,28.7,31.82,37,7.0015,2012,3,13,17,676
1,0,0,2,13.12,15.15,66,15.0013,2012,2,4,14,276
4,0,1,1,12.3,16.665,75,0.0,2011,11,2,3,2
1,1,0,2,8.2,9.85,47,15.0013,2011,1,17,0,17
3,0,1,1,26.24,28.79,89,11.0014,2012,9,6,22,217
4,0,1,1,22.14,25.76,56,22.0028,2011,10,17,0,37
2,0,1,2,24.6,31.06,38,0.0,2011,5,10,12,217
3,0,1,1,28.7,32.575,58,7.0015,2012,7,2,6,136
4,0,1,1,13.12,17.425,93,0.0,2011,11,7,2,2
2,0,0,1,22.14,25.76,19,27.9993,2012,4,7,17,567
4,0,0,1,10.66,15.15,81,0.0,2012,12,15,2,69
2,0,1,1,22.14,25.76,28,27.9993,2011,4,6,16,169
4,0,0,2,13.12,16.665,81,6.0032,2012,12,1,12,446
2,0,0,3,21.32,25.0,100,6.0032,2011,5,14,12,279
1,0,0,2,17.22,21.21,77,23.9994,2011,3,6,0,52
3,0,1,2,27.88,31.82,83,12.998,2012,8,14,4,5
4,0,0,1,16.4,20.455,40,22.0028,2012,11,4,16,435
1,0,0,1,18.04,21.97,41,23.9994,2011,3,13,17,241
4,0,1,1,12.3,13.635,49,26.0027,2012,12,5,23,74
1,0,0,1,10.66,14.395,60,6.0032,2011,2,6,3,13
1,0,1,1,16.4,20.455,37,26.0027,2011,2,14,9,130
3,0,0,1,29.52,34.85,79,12.998,2011,8,7,8,89
3,0,1,1,25.42,28.03,88,0.0,2012,9,7,5,40
3,0,1,3,30.34,34.09,55,19.9995,2011,8,15,15,182
1,0,1,1,13.94,16.665,34,8.9981,2012,2,9,17,399
2,0,1,1,24.6,28.79,78,11.0014,2012,5,17,2,16
3,0,1,1,22.96,26.515,83,0.0,2011,9,12,6,109
4,0,1,3,22.96,26.515,100,11.0014,2011,10,19,18,140
2,1,0,1,21.32,25.0,83,11.0014,2012,4,16,6,133
3,0,0,2,27.88,31.82,89,8.9981,2012,7,15,1,168
3,0,1,1,29.52,34.09,66,6.0032,2012,8,1,10,236
3,0,1,1,19.68,23.485,67,8.9981,2012,9,11,3,8
2,0,1,1,24.6,29.545,69,11.0014,2012,6,15,8,653
2,0,1,1,25.42,31.06,50,19.9995,2012,6,13,22,238
1,0,0,1,10.66,12.12,41,16.9979,2012,3,4,22,62
1,0,1,2,14.76,16.665,34,23.9994,2012,3,9,11,187
4,0,1,1,16.4,20.455,40,16.9979,2011,12,19,16,208
1,0,0,2,12.3,14.395,70,12.998,2012,2,4,13,302
4,1,0,1,24.6,30.305,60,15.0013,2012,11,12,13,420
1,0,0,1,4.92,8.335,74,6.0032,2011,2,12,5,1
2,0,1,1,27.06,31.06,41,19.9995,2011,6,13,11,159
3,0,0,2,27.88,31.82,83,6.0032,2012,7,14,23,211
3,0,0,2,28.7,33.335,74,11.0014,2011,8,13,9,208
1,0,0,2,13.12,15.15,93,15.0013,2011,3,5,9,63
2,0,1,1,22.96,26.515,22,11.0014,2012,4,4,22,181
4,0,1,3,22.14,25.76,94,8.9981,2011,10,12,18,172
1,0,1,1,9.02,10.605,51,19.9995,2011,1,4,11,57
4,0,1,2,18.86,22.725,88,7.0015,2011,11,15,22,128
1,0,1,1,8.2,11.365,69,6.0032,2011,1,4,23,11
2,0,0,1,20.5,24.24,68,7.0015,2012,6,3,7,35
2,0,1,1,28.7,31.82,32,19.9995,2011,6,2,8,467
1,1,0,1,10.66,10.605,35,32.9975,2012,1,2,11,175
4,0,1,2,16.4,20.455,94,6.0032,2011,11,10,8,436
2,0,1,1,26.24,30.305,69,12.998,2012,5,4,21,235
1,0,1,1,6.56,8.335,59,11.0014,2011,1,12,8,128
2,0,1,1,20.5,24.24,100,8.9981,2011,5,16,4,6
3,0,1,1,30.34,34.85,66,7.0015,2011,8,8,23,72
3,0,0,1,31.16,36.365,66,15.0013,2011,9,4,17,376
2,0,0,1,21.32,25.0,68,11.0014,2012,5,13,7,60
4,0,0,1,16.4,20.455,82,8.9981,2012,10,7,20,116
2,0,1,1,29.52,32.575,28,32.9975,2011,6,2,10,139
1,0,1,2,9.84,14.395,75,0.0,2011,2,1,15,52
2,0,1,1,21.32,25.0,55,30.0026,2012,5,17,8,634
3,0,0,1,36.08,39.395,37,19.9995,2012,8,4,17,492
4,0,1,2,22.14,25.76,60,19.0012,2011,11,15,14,147
3,0,1,3,22.14,25.76,94,19.9995,2011,9,6,3,1
2,0,0,1,25.42,29.545,78,6.0032,2012,6,10,4,10
3,0,1,1,30.34,34.09,55,19.0012,2012,8,15,17,851
3,0,1,2,27.06,31.06,65,11.0014,2011,8,18,1,24
2,0,0,1,34.44,36.365,30,8.9981,2012,6,10,14,500
2,0,1,2,22.96,26.515,64,31.0009,2011,4,12,12,92
4,0,1,1,12.3,15.15,45,11.0014,2012,12,13,19,348
2,0,0,2,21.32,25.0,94,27.9993,2011,4,16,19,71
4,0,0,2,10.66,12.12,56,16.9979,2011,12,17,9,100
1,0,1,3,13.94,16.665,87,12.998,2012,1,11,22,49
3,0,1,2,28.7,33.335,74,8.9981,2012,8,7,9,327
2,0,1,1,22.96,26.515,64,19.9995,2011,6,13,4,4
4,0,1,1,8.2,10.605,69,11.0014,2012,11,6,7,387
3,0,1,2,26.24,30.305,65,27.9993,2011,9,15,14,170
4,0,0,1,12.3,15.15,61,11.0014,2011,11,12,9,160
1,0,1,1,7.38,10.605,55,7.0015,2011,1,3,23,12
1,0,0,1,16.4,20.455,50,27.9993,2011,3,13,9,44
3,0,0,1,26.24,29.545,78,0.0,2011,9,11,8,94
1,0,1,1,8.2,8.335,44,27.9993,2011,1,3,1,2
2,0,1,1,21.32,25.0,59,7.0015,2012,5,18,0,70
1,0,1,2,12.3,14.395,33,12.998,2011,3,8,10,71
1,0,1,1,12.3,14.395,49,16.9979,2011,1,4,16,83
3,0,1,1,28.7,33.335,79,11.0014,2011,8,1,3,4
2,0,0,1,22.96,26.515,43,0.0,2012,5,19,10,452
1,0,1,1,9.02,10.605,69,19.0012,2011,3,1,3,2
2,0,0,1,28.7,32.575,61,15.0013,2011,6,18,9,218
3,0,1,1,25.42,31.06,50,19.0012,2012,9,10,10,210
2,0,1,1,36.9,40.91,37,6.0032,2011,6,9,13,136
4,0,0,1,17.22,21.21,82,15.0013,2012,10,14,7,51
4,0,1,1,14.76,17.425,81,8.9981,2011,11,1,1,11
4,0,1,1,22.14,25.76,56,15.0013,2012,10,10,12,390
2,0,1,1,18.86,22.725,41,19.0012,2011,4,7,0,20
2,0,1,2,22.14,25.76,56,15.0013,2012,6,5,12,247
4,0,1,1,21.32,25.0,68,6.0032,2011,10,7,10,174
2,0,1,1,38.54,41.665,31,11.0014,2011,6,9,15,104
1,0,0,1,15.58,19.695,40,19.0012,2012,1,8,0,91
1,0,1,1,5.74,6.82,59,12.998,2011,1,10,21,38
1,0,0,1,16.4,20.455,37,19.9995,2011,3,19,21,93
1,0,0,2,14.76,16.665,46,22.0028,2011,1,2,18,53
3,0,1,1,28.7,32.575,54,12.998,2011,7,15,13,247
1,0,1,1,11.48,14.395,26,8.9981,2011,2,15,19,145
4,0,1,1,20.5,24.24,51,23.9994,2012,10,10,21,269
2,0,1,1,31.16,33.335,31,8.9981,2011,6,6,18,556
2,0,0,1,18.04,21.97,67,11.0014,2011,4,17,23,56
4,0,1,1,14.76,18.94,93,0.0,2012,12,3,4,5
3,0,1,3,27.88,31.82,69,12.998,2011,8,19,0,62
1,0,1,1,7.38,12.12,86,0.0,2011,2,7,7,95
2,0,1,3,22.96,26.515,94,0.0,2012,5,15,4,5
2,0,1,1,18.04,21.97,30,12.998,2012,4,9,8,617
4,0,1,1,14.76,17.425,93,8.9981,2012,12,18,7,355
3,0,0,1,25.42,29.545,73,11.0014,2011,7,17,4,10
2,0,1,1,27.88,31.82,57,11.0014,2012,6,14,13,284
2,0,0,1,26.24,31.06,50,15.0013,2012,6,9,2,89
4,0,0,1,18.86,22.725,82,0.0,2011,10,8,1,65
3,0,1,2,31.16,36.365,70,19.9995,2011,7,8,9,241
2,0,1,2,14.76,17.425,76,15.0013,2011,4,8,0,25
3,0,1,1,33.62,37.88,46,0.0,2012,8,6,14,287
1,0,0,2,21.32,25.0,77,8.9981,2012,3,17,11,585
1,0,1,1,10.66,12.12,30,16.9979,2011,1,3,16,76
4,0,1,1,7.38,12.12,86,0.0,2011,12,13,5,20
3,0,0,1,30.34,34.85,66,12.998,2011,8,14,15,331
4,1,0,1,12.3,15.15,45,11.0014,2011,11,11,21,83
4,0,0,2,10.66,15.15,93,0.0,2012,12,2,3,25
1,0,1,2,9.02,11.365,80,11.0014,2011,1,18,18,133
1,0,0,1,5.74,7.575,63,8.9981,2011,1,15,8,23
2,0,1,3,21.32,25.0,88,11.0014,2011,5,13,18,398
3,0,0,1,25.42,29.545,73,8.9981,2011,7,16,7,52
1,0,1,2,12.3,16.665,56,0.0,2012,2,9,22,107
3,0,0,1,30.34,34.85,70,0.0,2012,7,1,7,50
4,0,1,2,14.76,18.18,87,6.0032,2011,12,5,9,190
1,0,0,3,7.38,9.85,55,11.0014,2011,1,8,3,7
3,0,0,1,35.26,40.91,50,7.0015,2012,7,8,9,242
3,0,0,1,27.06,31.06,54,0.0,2011,7,2,1,78
4,0,1,2,20.5,24.24,72,11.0014,2012,10,9,16,424
1,0,1,1,11.48,14.395,70,7.0015,2012,2,15,4,1
2,0,1,1,26.24,30.305,65,11.0014,2012,6,14,21,337
3,0,1,1,27.06,29.545,89,0.0,2011,8,8,3,1
1,0,0,2,18.04,21.97,88,0.0,2012,3,17,2,42
1,0,0,1,18.04,21.97,44,22.0028,2012,2,18,16,404
2,0,1,1,26.24,30.305,73,12.998,2012,5,3,20,420
3,0,0,3,32.8,37.12,49,56.9969,2011,7,3,17,358
1,0,1,2,13.94,14.395,36,32.9975,2012,3,9,10,159
3,0,0,1,30.34,35.605,74,12.998,2012,7,7,5,14
2,0,1,1,13.12,14.395,61,23.9994,2011,4,1,11,89
3,0,1,2,27.06,30.305,83,7.0015,2012,7,11,7,497
3,0,1,1,28.7,33.335,74,7.0015,2011,7,8,6,102
2,1,0,1,18.04,21.97,62,0.0,2011,4,15,1,15
3,0,1,1,28.7,33.335,74,11.0014,2012,9,7,21,301
1,0,1,1,16.4,20.455,40,40.9973,2011,2,14,18,205
3,0,0,1,30.34,33.335,45,19.9995,2011,7,16,14,433
2,0,1,1,22.96,26.515,56,0.0,2012,6,8,2,19
3,0,0,1,31.16,34.85,55,11.0014,2011,7,9,19,306
4,0,1,2,24.6,27.275,88,8.9981,2011,10,19,19,197
2,0,1,1,20.5,24.24,42,7.0015,2012,5,10,22,232
1,0,0,1,11.48,12.88,38,22.0028,2011,2,12,18,64
4,0,1,2,14.76,17.425,66,15.0013,2012,11,19,5,39
3,0,1,1,34.44,37.88,44,19.0012,2011,7,12,19,337
4,0,1,1,21.32,25.0,68,11.0014,2012,12,3,12,268
3,0,0,1,29.52,32.575,45,0.0,2012,8,12,20,300
3,0,1,1,21.32,25.0,72,7.0015,2012,9,12,0,49
3,0,1,1,26.24,30.305,73,0.0,2011,8,17,5,28
3,0,1,1,29.52,34.85,74,12.998,2012,8,9,0,67
3,0,1,1,26.24,29.545,78,7.0015,2012,8,15,5,39
2,0,1,1,25.42,31.06,43,6.0032,2012,6,6,11,226
4,0,1,1,8.2,11.365,69,6.0032,2012,12,14,8,636
1,0,1,3,13.94,18.18,81,0.0,2012,2,16,16,118
4,0,0,2,13.12,16.665,76,7.0015,2012,12,1,11,392
3,0,1,1,27.06,30.305,83,7.0015,2011,8,1,5,26
3,0,0,1,28.7,33.335,79,6.0032,2012,7,1,6,27
4,0,1,2,14.76,17.425,66,15.0013,2012,11,19,4,12
4,0,1,1,20.5,24.24,39,19.9995,2012,10,12,9,400
3,0,1,3,25.42,25.76,100,16.9979,2011,9,9,7,108
2,0,0,1,21.32,25.0,42,11.0014,2012,5,12,0,136
2,0,1,2,22.96,26.515,83,19.0012,2011,5,3,8,459
1,0,1,2,9.84,12.12,87,11.0014,2011,3,9,7,141
1,0,1,1,17.22,21.21,77,23.9994,2012,3,8,7,334
1,0,1,2,21.32,25.0,59,15.0013,2012,3,13,1,16
3,0,0,2,26.24,30.305,73,8.9981,2011,8,13,4,10
4,0,0,1,8.2,10.605,59,11.0014,2011,12,18,7,12
1,0,1,1,26.24,31.06,47,15.0013,2012,3,13,19,479
1,0,1,1,13.94,16.665,31,11.0014,2012,2,9,18,417
2,0,1,2,29.52,35.605,84,7.0015,2011,6,9,3,2
1,0,1,2,6.56,9.85,80,6.0032,2011,1,11,15,47
3,0,1,1,25.42,27.275,94,6.0032,2011,9,9,23,148
1,0,1,1,18.86,22.725,63,36.9974,2012,1,17,16,219
3,0,1,1,24.6,28.03,83,8.9981,2011,9,2,6,76
1,0,1,1,10.66,12.88,41,11.0014,2012,3,6,11,130
2,0,1,1,27.06,31.06,41,12.998,2011,6,2,4,3
2,0,1,1,35.26,41.665,53,0.0,2011,6,1,12,169
1,0,1,2,18.04,21.97,72,11.0014,2011,2,18,6,50
3,0,1,2,29.52,34.85,79,15.0013,2012,9,4,9,323
4,0,1,1,18.04,21.97,62,12.998,2011,11,2,17,553
1,0,1,2,6.56,9.09,69,7.0015,2011,2,1,1,3
4,0,1,1,18.86,22.725,82,12.998,2012,10,17,21,329
1,0,0,1,18.86,22.725,41,19.9995,2011,3,13,14,250
3,0,0,3,25.42,28.79,83,11.0014,2012,8,11,3,21
1,0,1,1,22.96,26.515,60,8.9981,2012,3,15,11,211
4,0,1,1,22.14,25.76,64,6.0032,2011,10,6,18,538
2,0,1,3,15.58,19.695,46,15.0013,2012,4,11,15,202
4,0,0,1,23.78,27.275,35,36.9974,2011,10,15,12,456
4,0,0,1,18.86,22.725,51,11.0014,2011,11,6,13,314
1,0,1,1,14.76,16.665,40,16.9979,2011,3,14,11,71
1,0,0,2,9.84,12.88,87,6.0032,2012,2,4,22,95
4,0,1,1,28.7,32.575,65,0.0,2012,10,3,20,497
3,0,0,1,28.7,32.575,61,11.0014,2011,7,10,0,154
1,0,1,1,14.76,16.665,34,22.0028,2012,3,9,21,141
4,0,1,1,20.5,24.24,68,6.0032,2012,12,3,19,471
1,0,0,1,6.56,6.82,40,19.0012,2012,2,12,19,80
1,0,0,1,20.5,24.24,23,22.0028,2012,3,3,17,385
4,0,1,2,15.58,19.695,94,16.9979,2012,12,10,7,294
3,0,1,2,28.7,33.335,74,12.998,2011,8,4,20,286
4,1,0,1,15.58,19.695,87,0.0,2012,11,12,5,24
3,0,1,2,29.52,34.09,62,8.9981,2012,7,9,11,216
4,0,1,1,20.5,24.24,68,0.0,2011,10,7,21,166
2,0,1,2,27.06,31.06,69,16.9979,2012,6,12,3,12
4,0,1,3,14.76,16.665,87,19.0012,2011,11,10,14,64
2,0,1,2,17.22,21.21,71,0.0,2012,4,19,4,4
2,0,1,3,19.68,23.485,41,27.9993,2012,4,9,21,165
3,0,0,1,35.26,36.365,19,11.0014,2011,7,2,15,331
4,0,0,1,10.66,13.635,75,7.0015,2012,12,15,9,220
4,0,1,1,22.14,25.76,64,11.0014,2011,10,18,20,227
1,0,1,2,6.56,11.365,69,0.0,2011,2,1,2,2
1,0,1,1,13.12,14.395,49,27.9993,2011,1,19,21,59
4,0,1,1,16.4,20.455,82,8.9981,2011,10,4,5,27
1,0,0,1,11.48,13.635,36,15.0013,2012,3,4,21,79
1,0,0,1,8.2,9.85,40,12.998,2012,1,14,11,178
3,0,1,1,31.98,34.85,46,8.9981,2012,7,6,7,353
4,0,1,1,20.5,24.24,68,6.0032,2012,12,3,18,692
1,0,1,1,11.48,12.88,30,19.9995,2011,1,5,13,71
1,0,1,1,13.12,15.15,39,19.9995,2012,2,9,14,144
2,0,1,1,19.68,23.485,55,7.0015,2011,4,14,22,104
2,0,1,2,25.42,30.305,69,11.0014,2012,6,18,18,642
2,0,0,2,15.58,19.695,82,7.0015,2011,4,9,18,177
3,0,0,1,21.32,25.0,68,8.9981,2011,9,17,19,256
3,0,1,1,32.8,37.12,49,16.9979,2011,7,13,8,449
4,0,1,1,20.5,24.24,59,19.0012,2012,12,5,0,37
2,0,1,1,13.12,14.395,70,23.9994,2011,4,1,9,173
1,0,1,1,17.22,21.21,35,27.9993,2012,2,17,15,221
4,0,0,3,13.94,15.91,87,16.9979,2011,10,2,1,24
2,0,1,1,22.14,25.76,37,23.9994,2012,5,10,19,553
1,0,1,1,9.02,9.85,37,22.0028,2011,1,5,9,115
2,0,1,1,12.3,15.91,49,7.0015,2011,4,6,0,15
4,0,0,1,22.96,26.515,64,15.0013,2012,10,14,19,336
2,0,1,1,12.3,13.635,49,22.0028,2012,4,6,8,508
1,0,1,1,4.1,5.305,54,16.9979,2011,1,10,5,3
3,0,1,1,35.26,39.395,44,19.0012,2011,8,9,14,148
1,0,0,1,11.48,13.635,38,16.9979,2012,3,4,20,88
1,0,1,1,26.24,31.06,33,22.0028,2011,2,18,18,224
1,0,1,1,3.28,3.03,42,22.0028,2012,1,4,0,9
3,0,0,1,27.06,31.06,69,6.0032,2011,7,10,4,5
1,0,1,1,14.76,16.665,34,19.0012,2012,1,5,15,119
3,0,1,1,30.34,34.85,66,16.9979,2012,8,1,19,652
2,0,1,1,25.42,31.06,50,7.0015,2011,4,5,0,22
2,0,1,1,22.96,26.515,68,15.0013,2011,6,14,23,110
3,0,0,1,27.06,29.545,89,16.9979,2012,9,8,0,150
1,0,0,1,4.92,6.06,36,16.9979,2011,1,8,20,28
3,0,0,1,29.52,34.09,70,12.998,2011,9,3,16,374
2,0,1,2,22.14,25.76,73,19.9995,2012,5,8,8,641
3,0,1,3,24.6,25.76,94,31.0009,2012,9,18,14,143
2,0,1,2,32.8,36.365,43,12.998,2011,6,9,20,254
3,0,0,1,30.34,36.365,72,12.998,2012,8,4,8,181
4,0,1,2,16.4,20.455,71,8.9981,2011,10,3,12,147
2,0,0,2,20.5,24.24,59,15.0013,2012,4,1,20,232
2,0,1,3,25.42,28.03,88,8.9981,2012,6,1,6,141
2,0,1,3,21.32,25.0,94,19.9995,2012,5,14,6,65
1,0,1,2,22.96,26.515,60,30.0026,2012,3,8,12,251
3,0,1,1,34.44,37.88,44,7.0015,2012,8,9,12,277
3,0,1,1,27.88,31.82,69,0.0,2011,8,2,2,8
1,0,1,2,14.76,16.665,62,19.9995,2011,3,15,18,225
2,0,0,1,17.22,21.21,67,8.9981,2012,5,12,5,13
4,0,1,1,13.12,17.425,93,0.0,2011,11,9,8,456
1,0,1,1,6.56,9.09,59,7.0015,2011,1,4,1,2
1,0,0,1,12.3,14.395,87,16.9979,2011,2,5,20,69
1,0,1,1,13.12,16.665,49,7.0015,2011,3,14,22,47
4,0,1,2,21.32,25.0,77,12.998,2011,10,18,23,70
4,0,0,1,9.84,12.88,75,6.0032,2011,12,3,8,63
4,0,1,1,20.5,24.24,72,12.998,2012,10,17,19,516
3,0,1,1,29.52,34.09,70,15.0013,2011,8,1,0,29
2,0,1,3,26.24,28.79,83,16.9979,2011,6,17,19,328
4,0,1,1,18.04,21.97,35,19.0012,2012,12,5,17,605
4,0,1,2,23.78,27.275,88,12.998,2011,10,13,23,47
3,0,1,2,22.96,26.515,83,15.0013,2012,9,18,23,78
4,0,1,1,9.02,13.635,69,0.0,2012,12,14,2,9
1,0,1,3,14.76,18.94,90,0.0,2012,2,2,6,74
3,0,1,2,21.32,25.0,68,23.9994,2012,9,19,4,10
3,0,0,1,28.7,33.335,84,12.998,2011,8,7,7,39
1,0,1,1,12.3,13.635,70,31.0009,2011,3,1,0,7
3,0,0,1,30.34,34.85,66,11.0014,2012,8,11,11,499
1,0,0,1,6.56,6.06,40,35.0008,2011,1,9,11,49
4,0,0,2,16.4,20.455,87,11.0014,2012,12,8,13,547
3,0,1,1,31.16,33.335,33,7.0015,2011,8,10,21,209
4,0,0,1,18.86,22.725,55,16.9979,2011,10,15,1,73
3,0,0,1,26.24,30.305,65,0.0,2012,8,19,1,131
2,0,1,1,22.96,26.515,35,15.0013,2012,5,11,22,234
3,0,1,1,28.7,33.335,79,7.0015,2011,7,13,19,419
1,0,1,1,7.38,10.605,80,7.0015,2012,2,6,4,2
2,0,1,1,22.14,25.76,64,19.0012,2011,6,15,1,14
3,0,1,1,31.98,36.365,55,12.998,2011,8,19,14,220
4,0,1,1,14.76,18.18,81,6.0032,2011,11,7,22,108
2,0,1,1,28.7,32.575,65,8.9981,2011,6,7,22,153
3,0,0,1,22.14,25.76,52,19.0012,2012,9,15,7,73
4,0,0,1,20.5,24.24,45,12.998,2012,11,10,17,501
2,0,0,2,27.88,31.82,65,19.9995,2012,5,5,17,502
4,0,0,1,18.04,21.97,77,12.998,2012,10,14,8,132
3,0,1,2,20.5,24.24,55,0.0,2011,9,16,20,225
1,0,0,1,18.04,21.97,21,8.9981,2012,3,3,22,134
4,0,1,2,23.78,27.275,64,23.9994,2012,10,15,2,6
4,0,1,1,9.84,10.605,41,19.0012,2011,11,18,3,2
3,0,1,2,30.34,34.85,70,23.9994,2011,7,8,10,138
3,0,0,1,25.42,30.305,61,0.0,2011,7,2,4,11
4,0,1,1,13.94,15.91,53,16.9979,2012,11,13,13,218
3,0,1,2,36.9,41.665,39,22.0028,2012,7,5,18,607
4,0,1,2,22.96,26.515,83,7.0015,2011,10,11,8,406
4,0,1,2,14.76,17.425,71,8.9981,2011,10,3,7,249
3,0,1,1,30.34,34.09,62,6.0032,2012,7,3,8,646
2,0,0,2,31.16,34.09,48,0.0,2011,6,19,16,378
2,0,0,1,31.16,35.605,58,6.0032,2011,6,12,10,311
4,1,0,2,27.06,31.06,54,7.0015,2011,10,10,17,459
2,0,1,1,26.24,29.545,78,7.0015,2012,6,11,3,6
3,0,0,1,31.16,33.335,37,15.0013,2012,8,18,15,596
1,0,1,2,16.4,20.455,76,11.0014,2011,3,16,16,151
4,0,0,1,17.22,21.21,54,8.9981,2011,10,16,2,65
4,0,1,1,27.06,31.06,57,7.0015,2012,10,4,18,887
2,0,0,1,18.86,22.725,67,7.0015,2012,5,19,7,95
4,0,1,2,24.6,31.06,49,7.0015,2011,10,18,11,147
3,0,1,1,27.06,30.305,83,15.0013,2012,8,3,6,163
4,0,0,1,13.12,14.395,53,27.9993,2011,12,10,11,236
1,0,1,3,6.56,9.85,93,6.0032,2011,1,11,23,19
4,0,1,1,13.12,16.665,93,7.0015,2011,11,8,1,11
2,0,0,2,22.96,26.515,43,8.9981,2012,4,14,21,220
3,0,1,2,29.52,12.12,58,15.0013,2012,8,17,20,359
1,0,1,1,12.3,13.635,49,27.9993,2011,2,15,0,19
1,0,1,1,6.56,6.82,34,26.0027,2011,2,10,12,69
4,0,1,2,20.5,24.24,82,15.0013,2012,12,10,22,126
3,0,1,1,32.8,34.85,29,19.9995,2011,8,11,15,178
2,0,1,3,25.42,31.06,57,27.9993,2011,4,5,1,15
3,0,1,1,29.52,32.575,45,15.0013,2011,7,15,18,496
3,0,1,1,29.52,34.85,74,16.9979,2011,7,6,20,312
4,0,1,1,13.94,17.425,66,7.0015,2012,11,19,22,113
1,0,0,2,6.56,11.365,59,0.0,2011,1,15,4,5
4,0,0,3,16.4,20.455,87,15.0013,2012,12,9,7,23
4,0,1,2,20.5,24.24,63,19.0012,2011,11,14,10,111
3,0,1,1,30.34,32.575,37,8.9981,2011,7,14,17,595
3,0,1,1,24.6,29.545,73,12.998,2011,7,15,3,7
2,0,1,3,31.16,34.09,40,12.998,2011,6,17,18,450
4,0,0,2,11.48,12.88,45,19.0012,2011,12,17,12,244
3,0,1,1,31.16,33.335,33,8.9981,2011,7,14,16,274
3,0,1,1,35.26,42.425,56,27.9993,2011,7,11,15,146
3,0,0,2,27.06,31.06,69,16.9979,2011,9,3,9,201
2,0,1,1,22.96,26.515,73,8.9981,2012,5,3,12,301
1,0,1,1,18.86,22.725,72,26.0027,2012,1,17,23,61
4,0,1,2,18.86,22.725,94,7.0015,2011,11,16,2,10
2,0,0,2,29.52,34.09,66,7.0015,2011,6,18,21,183
1,0,1,1,17.22,21.21,54,32.9975,2012,2,2,17,450
2,0,0,3,13.94,15.15,76,26.0027,2011,4,2,15,136
4,0,1,2,18.86,22.725,67,12.998,2011,11,14,8,452
3,0,0,3,24.6,28.03,83,0.0,2011,8,14,23,27
4,0,1,1,19.68,23.485,77,8.9981,2012,12,3,11,233
3,0,0,2,27.06,29.545,89,15.0013,2012,9,8,3,43
4,0,0,1,27.06,31.06,39,0.0,2011,10,8,15,496
1,0,1,1,28.7,31.82,39,16.9979,2012,3,15,17,713
3,0,1,2,27.06,30.305,78,12.998,2011,7,8,22,169
3,0,1,1,32.8,34.85,26,16.9979,2011,8,10,19,413
1,0,0,2,22.14,25.76,39,22.0028,2011,3,19,3,8
4,0,0,2,13.94,18.18,76,0.0,2012,12,1,18,297
4,0,1,1,16.4,20.455,40,12.998,2011,12,1,16,201
1,0,1,3,15.58,19.695,87,0.0,2012,2,2,9,228
4,1,0,1,22.96,26.515,73,11.0014,2011,10,10,10,265
3,0,1,1,36.08,38.635,32,15.0013,2012,8,9,14,247
3,0,1,1,31.16,35.605,62,22.0028,2011,8,4,17,555
3,0,1,1,31.16,34.85,55,16.9979,2011,8,5,15,210
4,0,0,1,16.4,20.455,58,0.0,2012,11,10,10,350
2,0,1,1,24.6,28.03,83,12.998,2012,6,13,5,40
1,0,0,1,8.2,8.335,32,30.0026,2011,1,8,15,74
1,0,1,3,5.74,10.605,93,0.0,2011,2,1,5,3
4,0,1,1,24.6,31.06,53,11.0014,2011,10,5,18,593
1,0,1,1,4.92,8.335,68,0.0,2011,1,14,8,158
2,0,1,1,18.86,22.725,94,19.0012,2011,4,11,2,9
3,0,1,1,15.58,19.695,76,12.998,2011,9,16,5,32
4,0,0,2,11.48,13.635,93,11.0014,2012,12,2,9,172
4,0,1,2,13.12,15.91,70,11.0014,2011,12,15,1,20
3,0,1,3,31.16,36.365,66,16.9979,2012,8,14,17,812
1,0,1,2,12.3,16.665,81,0.0,2011,2,7,23,25
4,0,1,3,22.96,26.515,88,12.998,2011,10,14,7,147
3,0,0,2,30.34,34.09,58,8.9981,2012,9,1,7,66
2,0,1,1,22.14,25.76,100,0.0,2011,6,17,5,13
3,0,1,1,36.9,40.15,33,16.9979,2012,7,6,18,560
4,0,1,1,20.5,24.24,77,0.0,2012,10,19,21,206
1,0,1,1,5.74,7.575,59,11.0014,2011,1,10,22,24
1,0,0,1,5.74,6.06,39,19.9995,2011,1,8,18,55
1,0,1,1,14.76,16.665,40,19.9995,2011,2,14,2,2
2,0,1,3,18.04,21.97,72,7.0015,2012,4,18,14,51
2,0,1,1,26.24,31.06,38,0.0,2012,6,6,14,302
3,0,1,1,30.34,34.09,55,11.0014,2012,7,9,19,631
3,0,0,1,34.44,40.15,53,8.9981,2012,7,8,8,130
1,0,0,2,10.66,12.12,81,16.9979,2012,2,11,14,243
4,0,0,1,17.22,21.21,58,6.0032,2011,11,6,11,320
1,0,0,1,16.4,20.455,37,22.0028,2011,3,19,22,72
2,0,1,1,18.86,22.725,59,6.0032,2011,5,10,1,15
4,0,1,1,24.6,28.79,78,8.9981,2012,10,5,20,372
4,0,1,1,10.66,11.365,44,22.0028,2011,11,18,1,10
1,0,1,1,13.94,15.91,53,15.0013,2011,2,16,19,161
3,0,1,1,30.34,34.85,66,15.0013,2012,7,6,4,6
2,0,0,2,18.04,21.97,62,12.998,2012,4,1,13,464
1,0,1,1,18.86,22.725,59,8.9981,2012,2,2,0,31
1,0,1,1,6.56,9.09,55,7.0015,2011,1,4,0,5
4,0,1,1,16.4,20.455,43,26.0027,2012,10,11,9,355
1,0,1,2,16.4,20.455,87,19.0012,2012,3,16,3,3
2,1,0,2,15.58,19.695,82,26.0027,2011,4,15,22,80
1,1,0,2,7.38,9.85,43,11.0014,2011,1,17,5,1
2,0,1,1,17.22,21.21,54,0.0,2011,4,7,2,7
2,0,1,2,25.42,30.305,65,12.998,2011,6,16,9,261
4,0,1,1,16.4,20.455,66,12.998,2011,10,6,6,114
2,0,0,1,26.24,31.06,41,16.9979,2012,6,3,11,511
3,0,0,1,32.8,37.12,49,26.0027,2011,7,17,17,369
3,0,0,1,33.62,35.605,30,8.9981,2011,7,2,12,374
1,0,1,1,8.2,8.335,44,30.0026,2011,2,2,23,32
2,0,1,3,9.84,11.365,93,15.0013,2011,4,1,6,28
2,0,1,1,24.6,31.06,38,23.9994,2011,6,3,1,22
4,0,1,1,13.94,16.665,46,11.0014,2012,11,6,16,402
4,0,1,1,17.22,21.21,88,6.0032,2012,12,4,2,8
1,0,1,1,21.32,25.0,27,31.0009,2011,2,14,16,118
4,0,1,2,18.86,22.725,94,0.0,2011,11,16,0,31
2,0,1,3,18.86,22.725,59,0.0,2012,4,18,13,64
4,0,1,1,17.22,21.21,58,6.0032,2012,10,11,23,186
1,0,0,2,12.3,14.395,52,19.0012,2012,2,19,20,103
2,0,0,2,14.76,18.18,93,6.0032,2011,4,10,6,4
2,0,0,1,22.96,26.515,64,11.0014,2012,5,13,8,156
4,0,1,1,13.94,16.665,61,11.0014,2012,11,1,6,148
2,0,0,1,30.34,33.335,51,0.0,2011,6,19,17,397
3,0,1,1,32.8,36.365,43,15.0013,2012,7,10,16,435
3,0,1,2,31.98,36.365,55,11.0014,2012,8,8,18,862
1,0,1,1,8.2,11.365,59,7.0015,2012,3,5,8,428
3,0,1,1,31.16,34.09,48,22.0028,2011,8,16,12,162
4,0,1,2,17.22,21.21,100,16.9979,2012,12,10,8,584
2,0,1,1,25.42,29.545,78,8.9981,2011,6,6,0,29
1,0,1,1,13.94,16.665,19,11.0014,2011,2,15,15,85
4,0,0,1,17.22,21.21,88,7.0015,2011,10,8,5,8
4,0,1,1,28.7,32.575,54,19.0012,2012,10,4,16,497
3,0,1,1,34.44,37.88,44,8.9981,2012,8,2,12,286
1,0,1,3,6.56,8.335,80,11.0014,2011,2,9,22,46
4,0,0,1,14.76,17.425,81,11.0014,2011,12,4,12,329
4,0,1,3,18.04,21.97,100,0.0,2011,12,7,8,86
3,0,1,2,32.8,37.12,52,0.0,2012,8,8,13,313
3,0,0,1,34.44,37.12,39,8.9981,2012,7,1,20,332
1,0,0,1,18.04,21.97,18,32.9975,2011,2,19,12,119
4,0,1,2,22.14,25.76,49,8.9981,2012,10,17,13,310
1,0,1,1,18.04,21.97,38,19.0012,2012,2,1,0,31
4,0,1,1,12.3,15.15,75,11.0014,2012,12,14,21,172
3,0,0,2,26.24,30.305,73,8.9981,2012,8,12,0,120
2,0,1,1,18.86,22.725,72,19.9995,2012,5,10,5,24
1,0,0,1,21.32,25.0,29,19.0012,2012,3,11,18,389
1,0,1,1,13.94,15.91,42,15.0013,2011,3,4,13,87
2,0,1,2,27.06,31.06,61,15.0013,2012,6,14,12,265
2,0,0,1,21.32,25.0,59,0.0,2012,4,15,8,97
4,0,0,1,17.22,21.21,54,12.998,2011,10,16,4,12
3,0,0,1,29.52,34.85,79,11.0014,2011,8,7,19,228
2,0,1,3,22.14,25.76,94,16.9979,2011,5,17,4,4
1,0,0,1,10.66,12.12,38,16.9979,2011,1,16,15,113
3,0,1,3,22.14,25.76,94,16.9979,2011,9,6,2,2
3,0,1,1,31.16,36.365,70,19.0012,2011,7,6,15,185
3,0,1,3,25.42,29.545,73,31.0009,2011,8,19,19,165
1,0,0,1,10.66,13.635,93,8.9981,2011,2,5,22,45
3,0,1,1,32.8,37.88,55,23.9994,2011,7,11,10,117
1,0,1,1,14.76,15.91,53,35.0008,2011,2,2,17,190
2,0,1,1,15.58,19.695,66,0.0,2011,4,14,7,193
3,0,1,1,29.52,34.85,79,8.9981,2011,8,9,0,35
4,0,1,2,22.96,26.515,94,11.0014,2011,10,14,5,17
1,0,0,1,18.86,22.725,38,26.0027,2011,3,13,13,221
4,0,0,1,8.2,11.365,75,7.0015,2011,12,18,23,37
2,0,1,2,23.78,27.275,73,8.9981,2012,6,18,13,225
4,0,1,2,14.76,17.425,53,8.9981,2011,12,19,21,127
1,1,0,1,9.84,11.365,35,16.9979,2012,1,2,8,53
4,0,1,3,22.14,25.76,94,15.0013,2011,10,12,17,251
3,0,1,1,37.72,40.91,29,7.0015,2012,7,6,16,369
2,0,1,1,31.16,33.335,23,36.9974,2011,4,4,15,143
4,0,0,2,16.4,20.455,82,12.998,2012,12,2,19,174
4,0,0,1,24.6,31.06,35,19.9995,2011,10,16,13,438
2,0,0,1,22.14,25.76,68,7.0015,2012,6,16,5,23
2,0,0,1,23.78,27.275,56,8.9981,2012,6,16,0,137
1,0,1,1,15.58,19.695,54,12.998,2011,2,17,10,88
2,0,0,3,22.96,26.515,78,23.9994,2011,5,15,17,392
2,0,0,2,18.86,22.725,84,7.0015,2011,5,1,19,178
3,0,1,1,30.34,34.85,66,7.0015,2011,7,19,0,51
4,0,1,1,11.48,15.91,65,0.0,2011,12,14,3,3
4,0,1,2,12.3,14.395,49,15.0013,2012,11,5,8,648
1,0,1,3,21.32,25.0,72,19.9995,2012,3,13,3,2
3,0,1,1,37.72,41.665,33,22.0028,2012,7,5,14,241
3,0,0,2,27.06,29.545,94,16.9979,2012,9,8,5,15
1,0,0,3,9.84,12.88,87,6.0032,2012,2,5,3,17
1,0,1,2,6.56,9.09,55,8.9981,2011,1,11,6,27
2,0,0,2,15.58,19.695,82,6.0032,2011,4,9,17,257
4,1,0,1,22.96,26.515,64,19.0012,2012,11,12,17,596
4,0,1,2,13.12,16.665,81,6.0032,2011,11,3,7,292
3,0,1,1,26.24,31.06,53,11.0014,2011,8,12,0,65
4,0,1,1,12.3,14.395,52,19.0012,2012,12,12,20,268
4,0,1,1,18.86,22.725,88,15.0013,2012,10,17,23,99
2,0,0,2,15.58,19.695,87,11.0014,2011,4,9,20,93
3,0,1,1,29.52,33.335,48,0.0,2011,9,12,16,298
1,0,0,2,24.6,31.06,53,16.9979,2011,3,19,0,76
4,0,1,2,22.14,25.76,94,0.0,2011,10,13,1,12
2,0,1,1,20.5,24.24,51,27.9993,2012,5,10,10,154
2,0,1,2,21.32,25.0,48,6.0032,2011,4,7,13,135
3,0,1,1,28.7,32.575,65,6.0032,2011,7,5,7,270
3,0,1,1,25.42,31.06,35,0.0,2012,9,19,16,466
4,0,1,2,15.58,19.695,94,7.0015,2012,12,10,2,5
4,0,1,1,22.14,25.76,52,12.998,2012,10,10,11,291
2,0,1,1,20.5,24.24,72,0.0,2012,6,6,7,547
4,0,1,3,14.76,16.665,87,16.9979,2012,10,9,2,7
1,0,1,2,4.1,5.305,46,12.998,2012,1,4,12,84
1,0,0,2,17.22,21.21,67,16.9979,2012,3,3,12,299
3,0,0,3,27.06,31.06,69,19.0012,2011,9,3,11,194
1,0,0,1,9.84,12.12,65,11.0014,2011,2,6,7,8
1,0,0,1,13.94,16.665,66,11.0014,2011,3,13,4,13
2,0,1,2,21.32,25.0,83,15.0013,2012,6,18,3,4
1,0,1,2,8.2,9.85,86,15.0013,2011,1,18,13,22
2,0,1,1,17.22,21.21,26,15.0013,2012,4,9,6,111
3,0,0,1,38.54,41.665,29,6.0032,2012,7,7,18,277
4,0,1,2,27.06,30.305,78,0.0,2012,10,3,23,220
3,0,0,1,24.6,29.545,73,0.0,2012,9,15,1,109
3,0,1,1,33.62,12.12,36,22.0028,2012,8,17,17,791
4,0,1,1,15.58,19.695,40,19.0012,2012,11,5,15,231
1,0,0,1,14.76,15.91,32,31.0009,2011,2,13,12,152
1,0,1,1,4.92,6.82,50,12.998,2011,1,13,23,15
3,0,1,1,29.52,34.85,74,16.9979,2012,9,5,0,37
4,1,0,2,22.14,25.76,88,7.0015,2011,10,10,23,75
4,0,1,1,12.3,15.91,87,7.0015,2011,11,8,7,323
4,0,1,1,21.32,25.0,52,0.0,2011,10,6,10,129
4,0,1,1,11.48,15.91,87,0.0,2011,12,9,22,129
2,0,1,2,23.78,27.275,88,8.9981,2012,5,16,1,21
4,0,1,2,12.3,15.15,56,11.0014,2012,12,12,10,136
3,0,1,1,30.34,36.365,74,6.0032,2011,7,19,20,277
4,0,1,2,13.94,15.15,49,30.0026,2011,11,17,13,124
3,0,1,2,30.34,34.09,58,7.0015,2011,8,3,11,122
4,0,1,1,21.32,25.0,59,22.0028,2012,10,15,21,206
4,0,1,2,16.4,20.455,58,16.9979,2012,11,19,18,580
4,0,0,1,9.84,11.365,60,16.9979,2011,12,18,10,129
1,0,1,2,13.94,17.425,87,7.0015,2012,1,17,11,75
1,0,0,1,18.86,22.725,41,30.0026,2011,3,12,16,244
1,0,1,1,9.84,12.12,75,11.0014,2011,3,15,7,119
2,0,1,1,18.86,22.725,88,7.0015,2012,5,7,5,23
4,0,1,1,12.3,15.91,45,7.0015,2012,12,6,17,617
3,0,0,2,34.44,39.395,49,11.0014,2012,9,1,16,462
2,0,1,1,13.12,15.91,57,11.0014,2012,4,13,6,84
4,0,1,1,13.12,15.91,66,11.0014,2012,11,2,1,24
1,0,1,1,4.92,7.575,42,7.0015,2011,2,10,23,34
1,0,1,3,6.56,7.575,80,12.998,2011,2,9,23,37
4,0,0,2,12.3,15.15,56,11.0014,2012,11,4,23,53
3,0,1,3,25.42,27.275,94,11.0014,2011,9,7,22,29
4,1,0,1,19.68,23.485,88,0.0,2011,10,10,1,34
1,0,1,1,8.2,9.85,47,12.998,2011,2,16,5,5
2,0,1,1,22.96,26.515,68,22.0028,2012,5,17,5,35
3,0,1,2,30.34,33.335,51,11.0014,2011,8,3,8,437
1,0,0,1,9.84,11.365,38,15.0013,2012,1,14,16,206
4,0,1,1,22.96,26.515,49,6.0032,2011,10,6,12,226
2,0,1,1,17.22,21.21,35,19.0012,2012,4,5,10,246
2,0,1,1,18.86,22.725,88,7.0015,2012,5,7,6,142
3,0,0,1,29.52,33.335,58,12.998,2011,7,9,23,140
4,0,1,1,18.04,21.97,54,16.9979,2012,11,19,14,217
1,0,0,2,18.04,21.97,77,19.9995,2011,3,5,23,44
1,0,1,2,12.3,15.91,93,7.0015,2012,2,17,2,12
2,0,1,1,21.32,25.0,48,35.0008,2012,5,10,11,256
4,0,1,1,20.5,24.24,51,11.0014,2011,11,9,13,167
1,0,1,1,6.56,9.85,55,6.0032,2011,1,7,19,95
3,1,0,2,30.34,35.605,74,15.0013,2012,9,3,10,359
3,0,0,1,31.16,34.85,55,19.0012,2011,7,17,11,391
2,0,1,1,13.12,15.15,66,19.0012,2012,4,12,0,23
2,0,1,2,26.24,31.06,53,16.9979,2012,5,9,14,243
4,0,1,2,26.24,28.79,89,0.0,2012,10,4,4,10
4,0,1,1,18.04,21.97,88,15.0013,2012,10,18,3,5
3,0,1,2,25.42,27.275,94,16.9979,2011,9,9,3,2
1,0,1,1,8.2,10.605,40,11.0014,2011,2,3,18,147
2,0,0,2,30.34,32.575,27,27.9993,2011,6,4,15,404
3,0,1,1,32.8,37.12,49,8.9981,2012,7,5,8,550
4,0,1,1,19.68,23.485,82,0.0,2011,10,18,0,31
1,0,1,2,8.2,9.85,40,16.9979,2011,1,7,14,50
4,0,1,1,13.94,17.425,46,7.0015,2011,12,1,19,228
4,0,1,1,10.66,15.15,75,0.0,2011,12,14,0,22
2,0,1,1,16.4,20.455,50,35.0008,2012,4,2,10,204
2,0,1,1,18.86,22.725,63,0.0,2011,4,18,8,297
3,0,1,1,27.06,30.305,83,16.9979,2011,7,13,23,116
4,0,0,3,16.4,20.455,71,8.9981,2012,10,7,9,86
2,0,1,1,29.52,32.575,39,12.998,2012,6,15,14,376
2,0,1,1,15.58,19.695,54,23.9994,2012,4,2,9,317
4,0,0,1,18.86,22.725,36,12.998,2012,10,13,13,670
3,0,0,2,26.24,28.79,89,7.0015,2011,7,9,1,53
3,1,0,2,24.6,27.275,88,39.0007,2011,9,5,22,64
2,0,1,1,12.3,14.395,49,19.0012,2012,4,6,7,246
3,0,1,1,25.42,31.06,35,19.9995,2012,9,10,18,968
4,0,1,1,18.86,22.725,36,26.0027,2011,11,4,16,290
4,0,0,2,26.24,31.06,57,35.0008,2012,10,6,13,710
2,0,1,1,30.34,32.575,22,26.0027,2011,6,2,18,525
1,0,0,2,13.12,15.15,39,16.9979,2011,1,15,19,74
4,0,1,1,18.86,22.725,67,16.9979,2011,10,4,9,187
2,0,1,2,23.78,27.275,88,0.0,2012,5,16,0,39
4,0,0,1,13.94,16.665,53,8.9981,2011,12,3,18,224
2,0,1,3,23.78,27.275,64,16.9979,2011,5,19,13,183
4,0,1,1,18.86,22.725,88,6.0032,2011,10,6,21,195
1,0,0,1,13.94,16.665,42,11.0014,2012,2,18,0,86
3,0,1,2,29.52,34.09,62,12.998,2012,8,15,9,367
4,0,1,2,22.14,25.76,77,7.0015,2012,10,2,1,11
1,0,1,3,13.12,16.665,70,8.9981,2012,2,16,10,44
4,0,1,1,19.68,23.485,77,7.0015,2011,12,16,2,23
4,0,1,2,22.14,25.76,94,7.0015,2012,10,19,9,389
4,0,0,1,10.66,12.88,60,15.0013,2011,12,18,12,228
2,0,1,1,18.86,22.725,41,19.0012,2011,4,6,22,84
2,0,1,1,28.7,33.335,79,11.0014,2011,6,1,0,34
1,0,1,2,8.2,11.365,59,6.0032,2012,1,5,4,5
3,0,1,1,30.34,33.335,51,15.0013,2011,9,13,16,292
2,0,1,1,18.04,21.97,33,0.0,2012,4,3,10,219
2,0,1,1,25.42,30.305,69,6.0032,2012,5,2,14,240
4,0,1,2,14.76,18.18,62,7.0015,2012,11,15,12,213
4,0,0,1,13.94,16.665,53,8.9981,2012,11,3,20,181
2,0,0,1,22.96,26.515,60,16.9979,2012,6,2,9,332
4,0,1,1,19.68,23.485,77,8.9981,2011,10,5,0,43
4,0,1,1,22.14,25.76,39,16.9979,2012,10,16,14,308
2,0,0,2,21.32,25.0,100,8.9981,2011,5,15,7,42
1,0,1,1,22.14,25.76,52,19.0012,2012,2,1,19,335
3,0,1,1,26.24,30.305,69,7.0015,2012,7,12,3,10
4,0,0,1,16.4,20.455,35,19.0012,2011,11,19,12,311
3,0,1,1,36.9,39.395,27,0.0,2011,8,1,15,129
2,0,1,1,28.7,32.575,65,16.9979,2011,6,17,12,243
1,0,1,1,18.86,22.725,63,30.0026,2012,1,17,17,462
3,0,0,1,24.6,31.06,46,15.0013,2012,9,9,21,206
1,0,1,1,18.86,22.725,63,26.0027,2012,3,8,2,11
4,0,1,1,16.4,20.455,66,6.0032,2012,10,12,2,16
1,0,1,1,13.94,16.665,46,8.9981,2011,3,14,21,63
1,0,1,2,18.04,21.97,94,0.0,2012,3,16,22,148
1,0,1,1,6.56,6.82,40,22.0028,2011,2,8,20,56
2,0,0,1,16.4,20.455,82,7.0015,2011,5,7,4,5
3,0,1,1,34.44,40.15,53,19.0012,2011,7,18,16,265
2,0,1,1,25.42,28.79,83,8.9981,2011,6,17,23,178
4,0,1,1,17.22,21.21,62,11.0014,2012,10,11,20,415
2,0,1,1,27.88,31.82,41,12.998,2011,6,14,16,330
4,0,1,3,18.86,22.725,94,6.0032,2011,11,16,11,60
3,0,0,1,34.44,35.605,20,0.0,2011,7,2,14,392
4,0,1,1,16.4,20.455,37,23.9994,2011,11,4,19,196
3,0,1,1,36.08,40.91,42,16.9979,2012,8,3,15,380
2,0,0,1,25.42,29.545,73,19.9995,2011,5,15,12,367
4,0,1,3,16.4,20.455,94,19.9995,2011,12,7,18,51
3,0,1,1,25.42,12.12,78,8.9981,2012,8,17,6,157
1,0,1,2,8.2,11.365,47,6.0032,2012,1,4,22,52
2,0,1,3,19.68,23.485,47,15.0013,2012,4,18,10,147
1,0,1,1,13.94,16.665,53,12.998,2011,2,17,0,17
4,0,1,1,17.22,21.21,38,0.0,2011,12,2,17,411
2,0,1,1,23.78,27.275,60,19.0012,2012,6,14,6,181
4,1,0,1,22.14,25.76,77,0.0,2011,10,10,9,219
3,0,1,2,28.7,33.335,74,39.0007,2012,9,18,13,114
1,0,1,1,22.96,26.515,43,11.0014,2012,3,14,23,91
1,0,0,1,5.74,6.06,54,19.0012,2012,1,15,10,126
1,0,0,1,10.66,12.88,93,15.0013,2011,2,5,23,59
1,0,0,2,17.22,21.21,100,19.0012,2011,1,2,2,9
3,0,1,1,28.7,33.335,74,8.9981,2012,7,10,1,15
3,0,1,1,24.6,28.03,83,7.0015,2011,9,14,7,370
2,0,0,1,15.58,19.695,46,0.0,2012,4,8,5,12
4,0,0,1,13.94,16.665,61,11.0014,2011,11,13,5,5
1,0,1,2,15.58,19.695,46,22.0028,2011,3,15,16,114
2,0,1,3,20.5,24.24,77,23.9994,2012,5,9,19,98
2,0,1,1,24.6,31.06,49,19.0012,2011,6,14,2,10
1,0,1,3,6.56,11.365,93,0.0,2011,2,1,7,52
1,0,0,1,9.84,10.605,41,23.9994,2012,3,10,4,4
3,0,1,1,31.98,37.12,59,22.0028,2012,9,7,17,772
2,0,1,1,16.4,20.455,82,22.0028,2011,5,4,11,72
3,0,1,1,30.34,32.575,35,11.0014,2011,7,1,9,260
2,0,1,1,17.22,21.21,35,8.9981,2012,4,12,21,187
4,0,0,1,14.76,17.425,66,11.0014,2012,11,18,20,129
2,0,0,1,29.52,33.335,58,12.998,2011,6,11,7,68
4,1,0,1,14.76,16.665,34,22.0028,2011,11,11,16,238
3,0,1,3,28.7,33.335,84,11.0014,2012,9,6,11,62
3,0,1,1,33.62,34.85,17,0.0,2011,7,1,16,427
1,0,0,2,6.56,9.85,59,6.0032,2011,1,15,2,12
2,0,0,1,26.24,28.79,83,7.0015,2011,6,12,1,93
1,0,0,2,16.4,20.455,100,19.9995,2011,3,6,8,9
4,0,1,1,13.12,17.425,87,0.0,2011,12,5,2,8
1,0,1,1,7.38,10.605,80,7.0015,2012,2,6,5,17
3,0,0,1,18.04,21.97,77,15.0013,2011,9,18,4,1
2,0,0,1,17.22,21.21,71,8.9981,2012,5,12,7,67
1,0,0,3,8.2,10.605,100,8.9981,2011,2,5,10,34
1,0,0,2,12.3,14.395,36,19.0012,2012,2,19,2,48
3,0,1,1,17.22,21.21,67,12.998,2011,9,16,1,26
1,0,1,2,14.76,18.18,57,6.0032,2011,2,7,13,64
3,0,1,1,27.06,12.12,65,7.0015,2012,8,17,1,54
3,0,0,1,35.26,39.395,41,22.0028,2012,8,4,18,490
3,0,1,1,31.16,36.365,66,12.998,2012,8,14,19,627
2,0,0,1,22.14,25.76,24,16.9979,2012,4,8,12,457
3,0,1,1,27.06,12.12,61,8.9981,2012,8,17,2,19
1,0,1,1,9.02,9.85,37,26.0027,2011,2,3,14,47
4,0,1,2,15.58,19.695,87,7.0015,2012,12,17,1,15
1,0,0,1,12.3,14.395,52,15.0013,2012,2,5,19,69
4,0,1,1,21.32,25.0,48,12.998,2011,11,9,16,281
3,0,1,1,26.24,28.79,89,11.0014,2012,9,6,23,169
3,0,1,1,30.34,34.85,70,16.9979,2012,7,18,17,370
3,0,1,1,31.16,34.85,55,16.9979,2011,8,17,18,556
2,0,1,3,22.14,25.76,52,23.9994,2011,5,6,18,470
3,0,1,1,36.9,38.635,25,19.0012,2011,8,2,15,168
4,0,1,1,19.68,23.485,55,6.0032,2011,11,3,17,498
2,0,1,1,22.96,26.515,49,23.9994,2011,5,6,12,246
1,0,0,3,14.76,18.18,93,6.0032,2012,3,3,2,38
4,0,1,1,13.12,17.425,87,0.0,2011,12,5,3,2
1,0,1,2,12.3,14.395,52,16.9979,2011,3,11,21,53
3,0,1,1,27.88,31.82,79,8.9981,2012,7,16,6,140
2,0,0,1,27.06,30.305,83,11.0014,2011,6,12,20,206
1,0,0,1,18.86,22.725,31,22.0028,2011,3,19,18,217
4,0,1,1,23.78,27.275,94,8.9981,2011,10,14,1,24
1,0,1,2,6.56,11.365,59,0.0,2011,1,6,7,95
3,0,1,1,27.06,30.305,83,8.9981,2012,7,10,5,42
2,0,1,2,30.34,34.85,57,11.0014,2011,6,9,23,97
4,0,0,1,20.5,24.24,31,23.9994,2011,11,13,20,139
4,0,1,1,13.94,18.18,61,0.0,2011,12,9,18,318
2,0,1,3,22.96,26.515,78,11.0014,2011,6,16,7,188
2,0,1,1,25.42,28.79,83,8.9981,2012,6,13,2,4
1,0,1,1,22.96,26.515,49,22.0028,2012,3,8,22,153
2,0,1,2,22.96,26.515,83,27.9993,2011,5,17,11,130
3,0,0,3,30.34,35.605,79,11.0014,2011,8,6,17,149
3,0,1,1,23.78,27.275,78,6.0032,2011,9,1,3,14
1,0,1,2,13.94,17.425,81,7.0015,2012,1,12,11,119
4,0,0,2,14.76,18.94,100,0.0,2012,12,8,21,209
3,0,1,3,25.42,27.275,94,12.998,2011,9,7,23,24
2,0,1,1,15.58,19.695,46,0.0,2012,4,3,3,3
3,0,1,2,20.5,24.24,82,15.0013,2011,9,19,7,332
3,0,1,1,27.06,31.06,74,8.9981,2011,8,15,20,285
2,0,1,1,26.24,31.06,36,31.0009,2011,4,4,12,157
1,0,0,1,4.92,7.575,54,7.0015,2012,1,14,8,92
3,0,1,1,24.6,31.06,40,16.9979,2012,9,19,13,289
1,0,1,1,12.3,13.635,42,26.0027,2012,1,18,11,114
2,0,1,1,24.6,31.06,49,0.0,2011,6,15,9,207
1,0,1,1,8.2,10.605,59,11.0014,2012,2,10,8,448
3,0,0,2,27.06,30.305,78,11.0014,2011,8,6,3,42
4,0,1,1,14.76,17.425,66,15.0013,2012,11,19,0,27
2,0,1,1,16.4,20.455,71,16.9979,2011,5,4,17,410
4,0,0,1,14.76,17.425,62,12.998,2012,12,15,22,156
3,0,1,1,31.98,37.12,59,12.998,2012,8,6,19,640
2,0,0,1,26.24,29.545,78,12.998,2011,6,12,23,107
4,0,1,1,13.12,15.15,57,19.9995,2012,11,6,18,497
2,0,1,2,26.24,30.305,65,12.998,2011,5,2,18,518
4,0,1,1,19.68,23.485,44,26.0027,2011,12,16,5,26
1,0,1,1,5.74,5.305,50,26.0027,2011,1,3,6,30
3,0,1,1,23.78,27.275,83,7.0015,2011,9,13,1,10
3,0,1,2,27.06,29.545,94,0.0,2012,8,9,5,41
3,0,1,2,28.7,33.335,74,8.9981,2011,8,18,23,114
3,0,1,1,30.34,33.335,48,12.998,2012,8,16,21,356
4,0,1,2,18.86,22.725,88,19.9995,2011,12,6,1,16
2,0,1,3,13.94,15.15,93,26.0027,2011,5,4,8,79
3,0,1,1,27.06,30.305,83,0.0,2012,7,3,23,171
4,0,0,1,11.48,14.395,81,7.0015,2012,11,18,2,73
1,0,1,1,18.86,22.725,59,19.9995,2012,3,7,22,159
3,0,1,1,30.34,33.335,51,7.0015,2012,7,2,23,102
2,0,0,1,27.88,31.82,54,16.9979,2012,5,13,13,602
4,0,0,1,10.66,13.635,65,7.0015,2012,11,4,5,5
1,0,1,1,13.94,15.91,61,19.0012,2011,1,19,18,161
4,1,0,1,29.52,32.575,37,0.0,2011,10,10,13,365
3,0,1,2,29.52,32.575,45,8.9981,2012,7,13,23,212
1,0,1,1,9.84,11.365,52,15.0013,2012,2,9,11,99
1,0,1,1,6.56,8.335,47,11.0014,2011,1,10,19,95
1,0,1,2,22.96,26.515,49,15.0013,2012,3,12,20,286
3,0,0,3,27.88,31.82,65,6.0032,2011,7,3,3,33
4,0,1,2,24.6,31.06,43,11.0014,2012,10,1,12,323
2,0,0,2,14.76,17.425,76,11.0014,2012,4,1,1,62
3,0,0,1,34.44,37.12,39,19.0012,2011,7,10,15,361
3,0,1,3,28.7,33.335,79,0.0,2012,9,6,8,646
3,0,0,1,25.42,29.545,73,11.0014,2011,9,3,3,35
1,0,1,1,0.82,3.03,44,8.9981,2012,1,4,8,315
4,0,1,2,11.48,12.88,56,19.9995,2012,11,7,2,74
1,0,1,2,13.94,15.15,49,19.9995,2011,3,11,16,113
1,0,1,2,9.02,9.85,75,30.0026,2012,2,9,4,1
2,0,0,2,26.24,31.06,61,11.0014,2011,6,5,1,96
2,0,1,1,21.32,25.0,83,0.0,2011,5,18,22,117
2,0,1,1,26.24,30.305,25,19.0012,2012,4,17,18,775
4,1,0,2,17.22,21.21,66,16.9979,2012,10,8,17,497
2,0,1,2,24.6,31.06,56,16.9979,2012,6,14,4,6
3,0,1,1,30.34,34.09,62,0.0,2011,8,1,7,282
3,0,0,1,37.72,44.695,42,19.9995,2012,7,8,11,389
3,0,0,1,31.16,33.335,37,15.0013,2012,8,18,17,635
3,0,1,1,24.6,28.79,78,11.0014,2012,8,16,5,37
4,0,0,2,10.66,15.15,93,0.0,2012,12,2,4,7
2,0,1,1,27.88,31.82,61,8.9981,2011,6,6,20,336
2,0,1,1,17.22,21.21,67,12.998,2011,4,13,22,99
1,1,0,1,5.74,8.335,43,7.0015,2012,1,16,1,20
2,0,1,1,29.52,31.82,26,22.0028,2011,6,3,16,349
4,0,0,1,27.06,31.06,39,27.9993,2012,10,14,15,568
4,0,0,1,18.04,21.97,88,0.0,2011,10,9,5,15
1,0,0,1,22.14,25.76,68,0.0,2012,3,17,22,211
2,0,1,1,24.6,31.06,56,15.0013,2012,6,14,1,21
3,0,1,3,28.7,33.335,89,12.998,2012,7,9,2,5
4,0,1,2,18.04,21.97,94,8.9981,2012,12,18,0,18
4,0,1,1,13.94,16.665,49,12.998,2011,12,2,21,111
1,0,1,1,16.4,20.455,50,15.0013,2012,3,12,10,137
2,0,1,2,24.6,31.06,56,16.9979,2012,6,14,5,40
1,0,1,1,22.96,26.515,68,11.0014,2012,3,19,11,201
4,0,0,1,21.32,25.0,27,22.0028,2011,11,13,18,190
4,0,1,1,11.48,15.15,65,6.0032,2012,12,19,2,3
4,0,0,1,9.84,14.395,93,0.0,2011,12,4,6,4
4,0,1,2,18.86,22.725,77,0.0,2012,12,3,20,300
1,0,1,2,18.86,22.725,82,19.0012,2012,3,13,7,308
3,0,0,1,25.42,29.545,73,6.0032,2012,8,12,3,48
2,0,1,1,22.14,25.76,60,16.9979,2011,6,14,4,3
4,0,0,1,14.76,17.425,76,8.9981,2011,12,4,20,124
1,0,1,1,9.02,12.88,25,6.0032,2011,3,3,13,80
1,0,1,1,9.84,11.365,52,15.0013,2012,2,10,5,17
4,0,0,1,17.22,21.21,62,8.9981,2012,10,7,2,74
2,0,1,2,24.6,31.06,53,22.0028,2012,5,7,13,272
4,0,1,2,14.76,17.425,71,11.0014,2012,12,7,14,215
2,0,0,1,24.6,27.275,88,0.0,2011,6,18,2,53
4,0,1,1,17.22,21.21,82,7.0015,2012,10,1,4,10
3,0,1,1,30.34,33.335,51,15.0013,2011,8,1,19,413
3,0,1,2,27.88,31.82,65,8.9981,2011,9,2,13,279
1,0,1,1,13.12,15.91,57,12.998,2012,3,2,3,3
2,0,1,2,24.6,30.305,64,12.998,2011,5,12,19,364
2,0,1,2,24.6,28.79,78,8.9981,2012,5,16,9,347
3,0,1,1,28.7,33.335,79,6.0032,2011,7,6,2,5
4,0,0,1,12.3,15.91,89,6.0032,2012,11,11,7,68
3,0,0,2,27.06,31.06,36,15.0013,2012,9,15,16,783
4,0,1,1,16.4,20.455,54,12.998,2012,10,12,21,190
2,0,1,1,23.78,27.275,53,22.0028,2011,6,14,3,2
2,0,1,2,27.06,31.06,65,19.0012,2012,5,1,11,229
2,0,1,1,26.24,31.06,38,26.0027,2012,6,4,18,822
4,0,1,3,13.94,14.395,87,43.0006,2011,12,7,19,33
4,0,1,1,20.5,24.24,77,7.0015,2011,10,5,23,73
4,0,1,3,22.14,25.76,68,0.0,2012,10,1,20,262
1,0,1,1,8.2,9.09,75,23.9994,2011,3,7,5,1
4,0,0,1,17.22,21.21,50,19.0012,2011,11,12,20,132
1,0,1,1,9.02,13.635,47,0.0,2012,3,6,9,233
2,0,0,2,18.04,21.97,77,0.0,2011,5,8,5,5
1,0,0,1,12.3,16.665,70,0.0,2012,2,4,11,270
1,0,0,1,9.02,13.635,69,0.0,2011,1,16,3,15
3,0,1,1,37.72,41.665,33,16.9979,2012,7,5,16,433
3,0,1,1,30.34,34.09,62,19.0012,2012,9,7,19,568
3,0,0,1,28.7,32.575,61,15.0013,2011,9,3,12,257
1,0,1,1,13.94,16.665,46,11.0014,2012,2,6,20,201
4,0,1,1,13.12,17.425,93,0.0,2011,11,9,2,5
3,0,1,1,27.06,30.305,83,8.9981,2011,8,1,4,4
4,0,1,1,28.7,32.575,51,15.0013,2012,10,4,17,901
4,0,1,2,18.04,21.97,72,15.0013,2011,11,14,6,114
2,0,0,1,26.24,31.06,36,0.0,2012,6,2,18,512
3,0,1,1,31.98,37.12,59,19.9995,2011,7,11,9,208
4,0,1,2,14.76,17.425,87,11.0014,2011,11,1,0,21
2,0,1,1,13.94,15.15,46,22.0028,2011,4,1,17,281
4,0,0,1,18.04,21.97,54,0.0,2012,11,10,20,192
2,0,1,2,20.5,24.24,42,19.0012,2012,4,18,4,7
2,0,1,1,16.4,20.455,37,16.9979,2012,4,5,9,351
3,0,1,2,27.88,31.82,65,0.0,2012,9,14,10,246
3,0,0,1,28.7,33.335,84,15.0013,2012,7,14,21,269
4,0,1,1,6.56,8.335,80,11.0014,2011,12,13,7,223
2,0,1,1,27.06,31.06,61,16.9979,2011,4,11,21,158
2,0,1,1,30.34,32.575,23,40.9973,2011,4,4,17,366
4,0,0,2,14.76,17.425,93,8.9981,2012,12,8,1,100
4,0,1,3,22.96,26.515,64,7.0015,2012,10,1,18,613
2,0,1,1,30.34,34.85,66,8.9981,2011,6,1,22,129
2,0,1,2,22.14,25.76,88,11.0014,2012,6,18,11,121
2,0,1,1,20.5,24.24,94,0.0,2011,5,19,2,15
2,0,1,1,22.14,25.76,94,8.9981,2011,6,17,4,6
1,0,1,1,24.6,31.06,31,16.9979,2012,3,1,15,223
3,0,1,2,27.06,31.06,57,15.0013,2011,9,1,22,179
4,0,1,2,18.86,22.725,100,16.9979,2011,12,7,1,13
4,0,0,1,22.96,26.515,73,7.0015,2011,10,9,20,193
4,0,0,2,13.12,15.15,49,19.9995,2012,11,3,4,16
1,0,1,2,9.84,12.88,93,6.0032,2011,2,2,9,123
2,0,1,1,20.5,24.24,55,15.0013,2011,4,19,0,25
1,0,1,1,6.56,6.06,37,27.9993,2012,1,3,15,77
4,0,1,1,13.12,16.665,81,6.0032,2012,11,9,23,162
4,0,1,3,18.04,21.97,100,12.998,2011,12,7,13,33
1,0,1,1,13.12,15.91,61,11.0014,2012,2,6,12,150
1,1,0,2,7.38,9.09,43,12.998,2011,1,17,6,5
3,0,1,1,28.7,32.575,70,12.998,2011,7,18,8,347
2,0,1,1,13.94,15.15,53,23.9994,2011,4,1,12,95
4,0,1,1,9.02,10.605,55,19.9995,2012,12,6,6,124
3,0,0,1,26.24,31.06,53,0.0,2011,7,2,2,52
4,0,1,3,22.14,25.76,94,11.0014,2012,10,19,6,131
1,0,1,2,15.58,19.695,46,8.9981,2012,2,14,20,184
2,0,0,1,25.42,31.06,43,15.0013,2012,6,3,10,404
1,0,1,1,10.66,14.395,52,6.0032,2012,2,10,2,16
2,0,1,2,20.5,24.24,77,19.0012,2011,5,2,9,172
2,0,1,1,20.5,24.24,34,11.0014,2011,5,5,20,258
2,0,0,1,29.52,33.335,58,7.0015,2012,6,10,23,110
1,0,1,1,9.02,10.605,51,15.0013,2012,2,9,10,97
1,0,1,2,11.48,15.91,61,0.0,2011,3,14,7,88
4,0,1,2,12.3,15.15,70,8.9981,2012,11,2,7,357
4,0,1,3,14.76,16.665,87,23.9994,2012,11,13,3,5
3,0,0,2,27.88,31.82,83,15.0013,2011,8,13,20,183
3,1,0,1,27.06,29.545,89,6.0032,2012,9,3,4,11
4,1,0,1,12.3,15.91,45,6.0032,2011,11,11,23,73
4,0,0,1,18.04,21.97,44,19.0012,2011,11,12,12,366
4,0,0,1,16.4,20.455,54,19.0012,2011,11,13,9,135
2,0,0,1,25.42,31.06,57,0.0,2012,6,17,12,615
4,0,0,1,10.66,12.12,60,19.0012,2011,11,5,7,34
3,0,0,2,19.68,23.485,67,15.0013,2011,9,17,9,177
4,0,1,2,12.3,14.395,49,19.0012,2012,11,5,6,139
1,0,1,1,10.66,10.605,48,30.0026,2011,3,7,11,60
1,0,1,2,9.02,12.12,73,7.0015,2012,1,6,6,70
2,0,1,2,22.14,25.76,83,0.0,2011,5,19,10,130
3,0,1,3,25.42,27.275,94,11.0014,2011,9,8,6,56
2,0,1,1,24.6,28.03,83,6.0032,2012,5,4,23,256
3,0,1,1,21.32,25.0,59,7.0015,2012,9,11,0,32
2,0,1,1,18.86,22.725,63,15.0013,2011,4,19,1,7
3,0,1,1,25.42,29.545,73,7.0015,2012,7,12,5,44
2,0,1,2,21.32,25.0,72,16.9979,2012,6,5,9,335
4,0,1,2,22.14,25.76,88,26.0027,2011,10,12,8,404
1,0,1,1,9.84,12.88,38,7.0015,2011,1,5,19,132
1,0,1,1,18.86,22.725,24,16.9979,2012,3,9,15,238
4,0,1,2,12.3,14.395,65,12.998,2012,11,15,7,410
3,0,0,1,31.98,36.365,55,12.998,2011,7,10,11,287
2,0,0,2,12.3,14.395,87,15.0013,2011,4,9,0,31
4,0,1,1,9.84,11.365,65,12.998,2012,11,14,6,146
4,0,0,2,14.76,16.665,46,19.0012,2012,11,3,18,297
4,0,0,2,17.22,21.21,82,12.998,2012,12,2,20,154
4,0,1,1,15.58,19.695,46,26.0027,2012,12,18,19,353
2,0,1,1,27.06,31.06,39,15.0013,2011,6,2,5,31
4,0,1,1,8.2,11.365,75,6.0032,2011,12,19,0,17
4,0,1,1,17.22,21.21,41,6.0032,2011,12,2,16,276
3,0,0,2,22.96,26.515,73,12.998,2012,9,9,0,124
3,0,0,1,25.42,28.03,88,7.0015,2012,8,11,5,11
1,0,1,1,13.94,17.425,34,6.0032,2011,3,1,16,102
2,0,1,1,15.58,19.695,76,16.9979,2011,4,7,23,54
2,0,1,3,21.32,25.0,77,11.0014,2011,5,4,0,27
1,0,0,1,7.38,12.12,55,0.0,2011,1,15,0,28
1,0,1,2,13.12,15.91,66,12.998,2011,3,15,10,78
3,0,1,1,27.88,31.82,65,11.0014,2011,7,11,3,10
4,0,1,1,18.86,22.725,63,8.9981,2011,11,8,11,147
4,0,1,1,21.32,25.0,77,0.0,2012,10,5,5,41
4,0,1,3,22.14,25.76,77,0.0,2012,10,1,23,105
4,0,1,2,18.04,21.97,88,0.0,2012,12,4,5,46
2,0,0,3,21.32,25.0,83,11.0014,2012,5,6,7,36
4,0,1,2,14.76,17.425,71,11.0014,2012,12,7,15,303
1,0,1,1,13.94,15.91,49,15.0013,2011,3,11,17,223
4,0,0,1,16.4,20.455,62,19.9995,2012,11,18,14,428
3,0,0,1,33.62,37.88,46,19.0012,2011,7,10,12,377
3,0,0,1,30.34,34.09,60,15.0013,2011,7,17,10,304
4,0,1,2,15.58,19.695,87,6.0032,2011,11,4,6,66
4,0,1,2,24.6,29.545,69,0.0,2011,10,11,9,235
3,0,1,1,30.34,34.09,58,8.9981,2011,7,5,9,227
1,0,1,2,12.3,16.665,87,0.0,2012,2,17,0,34
1,0,1,1,18.86,22.725,28,19.0012,2011,2,16,17,255
1,0,0,1,16.4,20.455,35,23.9994,2011,2,13,23,30
3,0,0,2,26.24,30.305,73,12.998,2012,8,19,20,274
2,0,1,2,31.16,37.12,75,16.9979,2011,6,1,10,115
1,0,0,1,6.56,6.06,37,36.9974,2011,1,8,17,69
2,0,0,1,20.5,24.24,39,16.9979,2012,4,8,23,51
3,0,1,1,35.26,37.12,30,0.0,2012,7,6,10,210
1,0,0,1,19.68,23.485,39,22.0028,2011,3,13,15,304
4,0,1,2,16.4,20.455,87,8.9981,2012,12,17,13,210
2,0,1,1,21.32,25.0,88,8.9981,2011,5,3,5,14
3,0,1,1,28.7,32.575,65,6.0032,2012,8,10,0,85
4,0,1,1,10.66,11.365,60,19.9995,2011,12,8,3,1
3,0,1,2,33.62,37.88,46,0.0,2012,8,7,14,261
2,0,0,1,16.4,20.455,82,7.0015,2011,5,1,3,23
3,0,1,2,30.34,33.335,51,15.0013,2011,8,3,7,271
1,0,0,1,8.2,8.335,34,30.0026,2011,1,9,13,75
2,0,1,3,18.04,21.97,94,8.9981,2012,4,2,2,5
4,0,0,2,13.94,16.665,76,12.998,2011,10,2,8,64
1,0,0,1,10.66,12.88,70,12.998,2011,2,6,0,39
3,0,1,1,29.52,34.09,66,0.0,2011,8,9,1,14
1,0,1,1,7.38,9.09,55,15.0013,2012,1,3,1,6
1,0,0,3,18.86,22.725,59,16.9979,2012,1,1,18,106
1,0,1,3,13.12,15.91,93,11.0014,2012,1,11,20,57
2,0,1,1,26.24,31.06,41,22.0028,2011,6,13,10,118
2,0,0,1,24.6,31.06,46,6.0032,2011,6,4,8,125
2,0,1,2,33.62,36.365,34,19.0012,2012,6,11,14,259
3,0,1,1,33.62,12.12,41,15.0013,2012,8,17,12,365
4,0,1,2,12.3,14.395,61,15.0013,2012,11,15,5,37
1,0,1,1,7.38,9.85,64,8.9981,2011,1,3,21,52
4,0,1,1,16.4,20.455,76,7.0015,2011,11,9,10,105
3,0,1,1,31.16,34.85,52,16.9979,2011,8,5,18,466
2,0,1,1,21.32,25.0,63,15.0013,2011,6,15,2,9
3,0,1,1,28.7,33.335,79,7.0015,2012,8,14,10,208
2,0,1,1,24.6,31.06,43,12.998,2012,6,5,16,473
1,0,1,1,3.28,3.79,38,19.0012,2011,2,9,2,3
2,1,0,2,14.76,17.425,81,12.998,2011,4,15,23,64
1,0,1,1,8.2,9.85,55,15.0013,2011,2,16,6,33
3,0,1,1,34.44,37.88,41,8.9981,2011,8,8,18,529
1,0,1,1,15.58,19.695,40,0.0,2012,2,3,15,216
4,0,1,1,24.6,29.545,69,15.0013,2012,10,5,21,267
3,0,0,1,33.62,38.635,52,16.9979,2011,8,6,14,380
3,0,1,2,27.88,31.82,89,6.0032,2012,7,9,0,39
1,0,1,2,17.22,21.21,82,22.0028,2012,3,16,1,26
4,0,1,2,20.5,24.24,77,6.0032,2011,11,15,21,168
3,0,0,1,20.5,24.24,72,0.0,2012,9,16,5,13
2,0,1,1,32.8,38.635,59,15.0013,2012,6,19,19,514
1,0,1,1,8.2,8.335,40,30.0026,2011,2,3,0,12
3,0,1,1,31.98,37.12,62,8.9981,2012,7,6,0,102
4,0,0,1,28.7,32.575,54,7.0015,2012,10,6,12,743
2,0,0,1,25.42,28.79,83,0.0,2011,6,18,5,7
4,0,0,1,14.76,18.18,50,6.0032,2011,12,3,13,292
1,0,0,3,4.92,3.79,50,32.9975,2012,2,11,23,20
1,0,1,1,13.12,14.395,36,27.9993,2011,3,7,14,77
1,0,0,1,16.4,20.455,40,12.998,2012,1,8,14,328
2,0,1,2,22.96,26.515,68,7.0015,2011,6,16,4,6
4,0,0,1,9.84,10.605,60,22.0028,2011,11,19,6,12
1,0,1,2,16.4,20.455,87,16.9979,2012,3,16,4,3
1,0,1,1,14.76,17.425,50,12.998,2012,1,6,22,135
1,0,0,2,13.12,15.15,39,16.9979,2011,1,15,20,41
3,0,1,2,27.06,31.06,69,15.0013,2012,8,9,22,259
2,0,1,1,16.4,20.455,62,11.0014,2011,5,4,21,150
1,0,0,1,9.84,12.12,60,8.9981,2012,3,11,3,66
4,0,1,1,13.94,15.15,49,23.9994,2012,11,13,17,608
3,0,0,1,18.86,22.725,72,8.9981,2011,9,17,3,28
4,0,0,2,9.84,12.12,93,8.9981,2012,12,2,6,16
3,0,0,2,26.24,28.79,83,12.998,2011,7,9,6,38
4,0,0,1,15.58,19.695,40,11.0014,2011,11,5,17,334
1,0,1,2,6.56,6.82,47,19.0012,2011,1,10,11,30
4,0,1,2,16.4,20.455,40,32.9975,2012,11,2,14,262
1,0,0,1,6.56,6.82,47,22.0028,2012,1,15,0,59
3,0,0,2,33.62,38.635,52,0.0,2012,9,1,17,463
1,0,1,1,4.1,5.305,46,16.9979,2012,1,3,22,33
3,0,0,2,29.52,33.335,48,6.0032,2012,7,14,0,191
3,0,1,1,29.52,32.575,45,15.0013,2012,9,14,18,808
3,0,0,1,19.68,23.485,67,16.9979,2011,9,18,9,140
3,0,0,3,29.52,34.85,79,6.0032,2012,9,2,14,457
4,0,0,1,18.86,22.725,88,0.0,2011,10,9,1,78
4,0,1,1,12.3,15.91,75,7.0015,2012,11,1,1,30
2,0,0,2,22.14,25.76,56,11.0014,2012,4,15,1,106
3,0,1,2,27.88,31.82,89,7.0015,2012,9,4,6,172
4,0,1,1,14.76,16.665,57,19.9995,2011,12,9,12,173
2,0,1,2,25.42,29.545,78,6.0032,2012,6,1,5,45
4,0,0,1,24.6,31.06,46,7.0015,2011,10,8,18,359
4,0,1,2,14.76,17.425,66,15.0013,2012,11,19,1,19
4,0,1,1,15.58,19.695,82,0.0,2012,10,17,6,178
1,0,1,1,7.38,8.335,47,16.9979,2012,1,18,22,78
3,0,1,2,27.06,30.305,78,6.0032,2011,7,8,23,151
2,1,0,1,17.22,21.21,77,26.0027,2011,4,15,19,209
4,0,1,2,21.32,25.0,48,11.0014,2012,10,17,12,332
1,0,1,1,9.02,11.365,69,11.0014,2011,3,2,0,8
3,0,1,3,27.06,29.545,89,26.0027,2012,7,9,4,2
2,0,1,1,28.7,31.82,28,19.0012,2011,6,3,14,240
3,0,1,2,28.7,33.335,79,12.998,2012,8,7,6,179
4,0,1,1,13.12,15.91,53,12.998,2011,12,2,22,102
1,0,1,1,6.56,7.575,47,16.9979,2011,1,13,19,99
4,0,1,2,24.6,25.76,94,12.998,2012,10,3,7,515
4,0,1,1,18.86,22.725,82,11.0014,2011,10,5,2,3
4,0,1,2,12.3,15.15,56,11.0014,2012,11,5,1,8
1,0,0,2,18.86,22.725,94,12.998,2011,1,2,3,6
4,0,1,1,16.4,20.455,37,22.0028,2011,12,13,13,127
2,0,1,2,27.06,29.545,94,12.998,2012,6,13,0,34
2,0,1,1,26.24,29.545,78,8.9981,2012,6,11,5,37
4,0,1,2,13.12,15.91,66,11.0014,2012,11,2,5,26
3,0,1,1,26.24,29.545,78,8.9981,2011,8,5,6,101
3,0,1,1,32.8,38.635,59,15.0013,2012,8,2,18,767
1,0,1,2,10.66,13.635,65,7.0015,2012,2,14,5,22
2,0,1,1,26.24,31.06,47,11.0014,2011,6,15,10,135
1,0,1,2,10.66,15.15,60,0.0,2012,2,14,0,14
4,0,1,2,22.96,26.515,43,11.0014,2012,10,17,14,270
4,0,1,2,24.6,25.0,100,0.0,2012,10,3,4,11
2,0,0,1,13.12,15.91,61,11.0014,2011,4,2,23,53
4,0,1,1,13.94,15.91,42,16.9979,2012,12,13,11,189
3,0,1,1,31.16,35.605,62,8.9981,2012,7,6,2,17
1,0,1,2,11.48,15.91,41,0.0,2012,2,14,2,3
1,0,1,2,9.02,11.365,87,11.0014,2012,1,10,2,4
1,0,1,1,12.3,16.665,24,0.0,2011,2,11,17,211
4,0,1,2,13.12,15.15,49,19.9995,2012,11,7,21,126
4,0,0,1,9.84,12.12,60,8.9981,2011,11,12,1,54
3,0,1,1,36.9,40.15,31,19.9995,2011,8,1,13,150
3,0,1,1,33.62,37.12,41,12.998,2011,7,13,9,186
2,0,1,1,17.22,21.21,50,16.9979,2011,5,5,8,440
2,0,0,3,28.7,32.575,61,19.9995,2012,5,5,14,428
2,0,0,1,23.78,27.275,37,11.0014,2011,5,7,18,289
3,0,0,1,28.7,33.335,89,11.0014,2011,8,7,6,13
3,0,1,1,26.24,30.305,73,0.0,2011,8,17,4,5
3,0,1,3,22.14,25.76,83,26.0027,2011,9,6,8,364
2,0,1,2,26.24,30.305,69,19.0012,2012,5,8,18,710
1,0,0,1,12.3,13.635,56,22.0028,2011,3,13,22,37
2,0,0,1,11.48,15.15,70,6.0032,2011,4,3,4,3
1,0,1,1,12.3,15.15,39,8.9981,2012,3,6,13,164
2,0,1,1,25.42,30.305,61,15.0013,2012,6,14,9,357
1,0,1,1,2.46,5.305,49,7.0015,2011,2,9,7,99
4,1,0,1,12.3,13.635,42,23.9994,2011,11,11,8,258
2,0,0,3,22.14,25.76,94,11.0014,2011,5,14,22,26
2,0,0,1,22.14,25.76,16,22.0028,2012,4,7,19,413
4,0,1,2,22.96,26.515,64,6.0032,2011,11,15,6,108
2,0,1,1,22.14,25.76,68,0.0,2012,6,6,8,668
2,0,1,1,20.5,24.24,77,19.9995,2012,5,8,6,165
4,0,1,1,17.22,21.21,62,12.998,2011,10,6,5,24
3,0,1,1,32.8,37.88,55,11.0014,2012,7,5,23,131
4,0,1,1,14.76,17.425,57,12.998,2012,10,12,23,100
2,0,1,1,20.5,24.24,31,19.9995,2011,4,6,19,232
3,0,0,2,25.42,28.03,88,11.0014,2011,7,9,5,15
4,0,1,1,16.4,20.455,37,16.9979,2011,12,13,14,134
1,0,1,1,9.02,11.365,55,8.9981,2011,2,11,20,63
4,0,1,1,12.3,16.665,81,0.0,2011,11,2,5,27
4,0,1,1,13.94,15.91,81,15.0013,2011,11,1,4,8
3,0,1,1,26.24,28.79,89,8.9981,2012,7,11,6,185
3,0,1,2,29.52,34.85,79,12.998,2012,8,10,3,9
2,0,0,1,14.76,16.665,53,23.9994,2011,4,2,19,148
3,0,1,1,23.78,27.275,88,7.0015,2011,9,14,5,31
4,0,1,2,13.94,15.91,76,19.0012,2012,12,11,4,8
2,0,1,1,26.24,29.545,78,6.0032,2011,6,17,21,208
4,0,1,1,12.3,16.665,56,0.0,2012,11,14,21,213
4,0,0,1,23.78,27.275,60,16.9979,2012,10,14,18,453
2,0,0,1,28.7,32.575,58,0.0,2012,6,10,9,266
2,0,1,1,28.7,31.82,24,19.9995,2011,6,3,18,564
4,0,0,1,19.68,23.485,36,19.0012,2011,11,12,13,353
3,0,1,1,30.34,34.85,66,19.0012,2011,7,11,8,420
2,0,1,3,17.22,21.21,88,6.0032,2012,4,2,1,5
3,0,0,1,26.24,31.06,41,11.0014,2012,9,16,15,557
1,0,1,1,9.02,12.12,75,7.0015,2012,2,6,10,116
2,0,1,1,22.14,25.76,56,11.0014,2011,5,9,9,178
3,0,1,2,25.42,27.275,94,0.0,2011,9,9,11,72
4,0,1,1,13.12,17.425,87,0.0,2011,11,2,0,19
1,0,0,2,6.56,6.06,43,36.9974,2012,2,11,20,63
4,0,1,1,14.76,17.425,62,8.9981,2011,12,9,16,250
1,1,0,1,12.3,13.635,36,19.9995,2012,1,2,13,176
3,0,1,1,22.96,26.515,60,7.0015,2012,9,11,21,310
3,0,1,3,37.72,42.425,35,23.9994,2012,7,18,15,194
4,0,0,1,14.76,18.18,57,7.0015,2011,11,13,2,57
2,0,1,1,26.24,31.06,33,16.9979,2011,6,2,22,155
1,0,1,2,12.3,15.15,70,8.9981,2012,2,16,0,23
4,0,0,1,10.66,12.12,56,16.9979,2011,11,19,8,92
4,0,1,1,18.86,22.725,82,6.0032,2011,10,18,6,109
3,0,1,2,28.7,33.335,84,11.0014,2012,8,8,6,173
4,0,1,1,16.4,20.455,82,7.0015,2011,10,4,3,6
2,0,1,1,20.5,24.24,63,7.0015,2012,4,19,23,144
4,0,1,2,13.94,15.15,61,19.9995,2012,12,11,8,724
2,0,0,2,16.4,20.455,82,6.0032,2011,5,1,6,13
3,0,1,1,35.26,37.12,30,19.0012,2011,8,2,12,157
1,0,1,1,8.2,9.85,40,12.998,2011,2,3,17,175
1,0,1,1,17.22,21.21,77,11.0014,2012,1,12,13,183
3,0,0,1,29.52,35.605,84,6.0032,2012,7,14,19,431
2,0,1,1,29.52,32.575,42,0.0,2012,5,16,13,350
3,0,1,2,28.7,33.335,74,11.0014,2011,7,8,2,22
2,0,1,2,17.22,21.21,82,6.0032,2012,4,18,21,189
3,0,1,2,22.96,26.515,64,8.9981,2011,9,19,10,105
3,0,1,1,33.62,36.365,38,12.998,2012,7,10,13,280
3,0,0,1,34.44,36.365,34,6.0032,2011,7,9,15,402
1,0,0,1,8.2,10.605,40,11.0014,2011,1,16,18,67
1,0,1,1,24.6,31.06,31,12.998,2011,2,18,20,124
1,0,1,1,13.94,18.18,53,0.0,2012,2,15,1,5
2,0,1,1,20.5,24.24,27,16.9979,2012,4,2,19,494
4,0,1,1,18.04,21.97,82,15.0013,2012,10,18,5,42
4,0,1,2,9.84,9.85,60,31.0009,2011,12,8,4,2
2,0,0,1,29.52,34.09,62,8.9981,2011,6,18,11,404
3,0,1,1,27.06,31.06,65,12.998,2011,8,15,21,184
2,0,0,2,15.58,19.695,87,6.0032,2011,4,10,2,36
4,0,1,1,9.84,10.605,65,19.0012,2011,12,1,6,97
4,0,0,2,18.04,21.97,54,8.9981,2012,10,7,5,10
1,0,1,2,6.56,11.365,69,0.0,2011,1,14,22,36
2,0,1,1,25.42,31.06,50,0.0,2011,5,11,13,193
1,0,1,1,13.12,16.665,57,6.0032,2011,2,17,8,285
2,0,1,1,22.14,25.76,64,27.9993,2011,6,13,6,105
4,0,0,1,13.94,17.425,81,6.0032,2012,11,11,0,124
4,0,1,2,18.04,21.97,33,19.9995,2011,12,16,6,82
4,0,1,1,14.76,16.665,46,16.9979,2012,11,2,22,149
1,0,1,2,13.12,15.15,76,16.9979,2011,3,9,12,98
2,0,1,1,23.78,27.275,64,12.998,2011,5,19,16,302
4,0,1,2,22.14,25.76,88,0.0,2012,10,19,5,36
1,0,1,1,29.52,32.575,37,26.0027,2012,3,15,16,426
3,0,1,1,33.62,34.85,21,16.9979,2011,7,1,15,381
2,0,1,1,32.8,37.88,55,11.0014,2012,6,19,18,795
4,0,1,1,17.22,21.21,77,0.0,2011,12,5,17,446
1,0,0,1,14.76,17.425,62,8.9981,2011,3,13,5,3
3,0,1,1,30.34,34.09,55,16.9979,2011,8,5,19,372
3,0,1,1,21.32,25.0,72,0.0,2012,9,17,2,13
2,0,1,1,10.66,13.635,65,7.0015,2011,4,6,7,133
4,0,0,1,17.22,21.21,94,0.0,2011,10,8,6,22
3,0,0,1,25.42,30.305,69,26.0027,2011,9,11,22,95
2,0,1,2,20.5,24.24,77,16.9979,2012,5,2,23,98
3,0,1,2,33.62,37.88,46,16.9979,2012,8,9,18,811
3,0,1,1,23.78,27.275,88,7.0015,2011,9,14,6,145
1,0,1,1,5.74,6.82,50,12.998,2012,1,19,0,16
3,0,1,1,24.6,31.06,38,15.0013,2012,9,19,17,886
2,0,1,3,26.24,30.305,65,16.9979,2012,5,8,13,219
3,0,1,1,27.06,30.305,83,0.0,2012,8,2,4,9
4,0,0,1,8.2,10.605,75,11.0014,2011,12,17,22,80
4,0,0,1,19.68,23.485,67,22.0028,2011,10,1,1,58
4,0,0,1,10.66,12.88,65,12.998,2012,11,17,3,21
3,0,1,1,28.7,33.335,79,7.0015,2011,7,13,21,250
4,0,0,1,16.4,20.455,82,12.998,2012,10,14,5,11
1,0,1,2,11.48,13.635,100,15.0013,2011,3,16,3,3
2,0,1,2,12.3,14.395,93,15.0013,2011,4,8,23,35
2,0,0,1,22.96,26.515,56,0.0,2011,6,4,7,87
2,0,1,1,13.12,15.15,61,15.0013,2011,4,6,8,325
1,0,0,2,12.3,16.665,52,0.0,2012,1,8,6,2
2,0,1,1,25.42,30.305,21,11.0014,2012,4,3,16,485
3,0,1,1,27.06,31.06,34,22.0028,2012,9,10,16,488
4,0,1,2,22.96,26.515,83,19.0012,2011,10,12,2,2
1,0,1,2,18.04,21.97,77,0.0,2012,3,16,11,207
1,0,1,2,17.22,21.21,77,12.998,2011,2,18,9,169
4,0,0,3,13.94,17.425,76,7.0015,2012,12,16,1,96
1,0,1,2,8.2,11.365,59,6.0032,2012,1,5,5,26
2,0,1,1,21.32,25.0,59,8.9981,2012,5,18,8,745
3,0,0,1,22.14,25.76,73,11.0014,2012,9,9,7,70
3,0,1,1,32.8,37.12,52,23.9994,2011,8,18,13,187
4,0,1,1,11.48,13.635,56,12.998,2012,11,5,22,115
3,0,0,1,32.8,37.12,49,19.9995,2011,7,17,13,472
3,0,0,1,22.14,25.76,64,0.0,2012,9,16,0,151
2,0,0,1,21.32,25.0,34,15.0013,2012,4,8,21,130
4,0,1,1,22.96,26.515,46,7.0015,2011,11,8,14,161
2,0,0,1,15.58,19.695,46,26.0027,2011,4,17,8,43
4,0,0,1,20.5,24.24,88,7.0015,2011,10,9,23,123
1,0,0,2,13.12,15.91,36,12.998,2011,1,15,15,129
4,0,1,1,17.22,21.21,50,8.9981,2012,10,11,2,11
3,0,1,1,29.52,34.85,74,12.998,2012,8,6,23,113
1,0,1,1,22.96,26.515,40,8.9981,2012,3,12,15,233
3,0,0,1,28.7,32.575,48,15.0013,2012,8,12,9,217
4,0,1,3,24.6,29.545,69,26.0027,2012,10,15,9,359
1,0,1,2,14.76,17.425,57,8.9981,2011,2,7,16,114
3,0,1,1,28.7,32.575,58,11.0014,2011,8,10,3,4
2,0,0,2,27.06,31.06,74,8.9981,2011,6,19,4,17
3,0,1,2,29.52,34.09,66,6.0032,2011,8,19,11,165
1,0,0,2,14.76,16.665,71,16.9979,2011,1,2,11,70
1,0,0,2,18.86,22.725,94,12.998,2011,1,2,4,3
2,0,1,1,32.8,36.365,43,16.9979,2011,6,7,17,539
3,0,1,1,22.14,25.76,77,0.0,2012,9,14,4,12
3,1,0,1,34.44,40.15,53,8.9981,2012,7,4,21,584
2,0,1,2,21.32,25.0,94,19.9995,2011,5,17,8,347
2,0,1,1,26.24,30.305,23,16.9979,2012,5,11,19,503
2,0,1,3,22.96,26.515,88,7.0015,2012,5,15,23,71
1,0,1,1,12.3,15.15,39,8.9981,2011,3,1,12,86
2,0,0,1,27.88,31.82,36,22.0028,2012,6,3,14,678
3,0,1,1,30.34,34.09,58,22.0028,2011,8,8,8,349
4,0,0,1,18.04,21.97,67,15.0013,2012,11,11,21,171
3,0,1,1,28.7,32.575,58,30.0026,2011,8,16,8,441
4,0,1,1,10.66,15.15,75,0.0,2011,12,14,4,4
3,0,0,3,30.34,34.85,70,0.0,2012,9,2,12,545
1,0,1,1,9.84,12.12,48,8.9981,2012,3,5,1,6
3,0,1,3,22.14,25.76,83,26.0027,2011,9,6,12,67
1,0,1,1,9.84,14.395,60,0.0,2012,1,9,10,108
4,0,1,2,10.66,12.88,70,11.0014,2012,11,15,2,7
3,0,0,1,34.44,40.91,56,11.0014,2012,7,7,23,148
4,0,1,1,17.22,21.21,58,7.0015,2011,11,1,18,460
2,0,1,1,20.5,24.24,51,12.998,2011,4,14,20,169
3,0,0,1,36.9,40.91,37,16.9979,2012,7,15,14,476
1,0,1,1,13.12,16.665,49,6.0032,2012,2,7,5,15
1,0,1,2,8.2,9.85,40,15.0013,2011,1,10,14,47
3,0,0,2,24.6,29.545,69,23.9994,2012,9,15,4,6
4,0,0,2,11.48,13.635,48,16.9979,2011,12,17,13,236
4,0,0,1,26.24,31.06,44,6.0032,2011,10,8,16,451
2,0,1,2,22.96,26.515,64,8.9981,2011,4,12,4,6
2,1,0,1,26.24,31.06,53,22.0028,2012,4,16,0,41
3,0,1,2,31.98,35.605,52,16.9979,2011,8,5,14,245
1,0,1,2,9.02,13.635,69,0.0,2012,1,5,9,227
2,0,1,3,25.42,30.305,69,19.0012,2012,5,14,16,111
2,0,1,1,24.6,29.545,69,16.9979,2011,5,17,19,349
4,0,0,1,16.4,20.455,40,15.0013,2012,11,17,16,469
2,0,1,2,25.42,29.545,73,7.0015,2012,6,18,21,273
3,0,0,2,26.24,30.305,73,7.0015,2012,7,14,5,5
4,0,1,1,13.12,14.395,31,23.9994,2012,11,8,9,275
2,0,0,1,23.78,27.275,64,12.998,2012,6,17,23,108
4,0,0,1,20.5,24.24,29,23.9994,2011,11,13,19,157
1,0,1,1,8.2,9.09,47,22.0028,2012,1,13,22,65
4,0,1,1,5.74,8.335,93,7.0015,2011,12,19,5,21
1,0,1,1,9.84,12.88,75,6.0032,2011,3,15,4,2
1,0,1,1,16.4,20.455,58,16.9979,2011,1,19,14,75
4,0,1,1,23.78,27.275,46,0.0,2012,10,1,11,272
2,0,0,2,18.04,21.97,77,19.0012,2011,4,17,0,33
1,0,0,1,14.76,18.94,71,0.0,2011,3,12,22,63
2,0,0,1,22.96,26.515,52,0.0,2011,6,4,0,93
1,0,1,1,6.56,6.82,50,22.0028,2011,1,12,20,56
1,0,0,2,7.38,9.85,80,11.0014,2011,1,8,10,61
3,0,1,1,18.86,22.725,63,22.0028,2011,9,15,21,145
4,0,1,2,20.5,24.24,72,23.9994,2011,11,15,19,286
1,0,1,1,12.3,13.635,61,19.9995,2012,3,7,1,5
3,0,1,2,35.26,37.88,34,12.998,2011,8,2,18,556
2,0,0,1,22.96,26.515,30,19.9995,2011,4,17,19,210
4,0,1,1,10.66,11.365,81,23.9994,2011,12,8,1,7
1,0,1,1,25.42,30.305,61,16.9979,2012,3,19,13,263
2,0,1,1,18.86,22.725,94,19.0012,2011,4,11,1,4
2,0,0,1,16.4,20.455,76,7.0015,2011,5,1,4,17
1,0,1,1,27.06,31.06,36,19.9995,2011,2,18,14,191
4,0,1,1,18.86,22.725,38,11.0014,2012,11,9,16,434
2,0,0,1,27.06,31.06,69,7.0015,2012,6,10,0,158
1,0,1,1,9.02,10.605,69,19.0012,2011,3,2,3,4
3,0,1,1,31.16,36.365,66,16.9979,2012,9,5,17,863
4,0,1,3,18.86,22.725,59,19.9995,2012,12,5,7,398
2,0,1,1,19.68,23.485,23,0.0,2012,4,3,11,258
2,0,0,2,15.58,19.695,94,6.0032,2011,4,10,8,55
2,0,1,2,21.32,25.0,87,19.0012,2011,5,13,14,190
3,0,1,1,30.34,35.605,74,6.0032,2012,9,6,14,216
3,0,0,1,18.86,22.725,82,6.0032,2011,9,17,2,79
2,0,1,1,24.6,29.545,73,16.9979,2012,5,17,3,3
1,0,1,1,15.58,19.695,37,15.0013,2012,2,17,19,282
4,0,1,1,13.12,15.15,53,15.0013,2012,12,11,17,601
3,0,0,1,27.06,29.545,89,6.0032,2012,9,2,3,42
4,0,0,1,16.4,20.455,62,19.0012,2012,11,18,12,442
3,0,0,1,32.8,37.12,49,19.9995,2012,8,11,14,538
3,0,0,1,23.78,27.275,94,6.0032,2011,9,10,4,7
2,0,0,1,24.6,27.275,88,6.0032,2011,6,18,4,5
4,0,1,1,20.5,24.24,72,22.0028,2011,12,16,0,72
3,0,1,1,27.88,31.82,79,0.0,2012,7,10,3,3
2,0,1,1,24.6,31.06,46,16.9979,2012,4,17,6,144
2,0,1,1,20.5,24.24,68,0.0,2012,6,6,2,11
3,0,1,1,32.8,35.605,41,11.0014,2012,7,6,8,585
4,0,1,3,22.14,25.76,100,8.9981,2011,10,13,7,81
2,0,1,2,29.52,33.335,51,15.0013,2012,5,1,13,249
2,0,1,1,23.78,27.275,88,15.0013,2011,5,16,17,274
2,0,1,1,24.6,30.305,64,22.0028,2012,6,14,8,719
3,1,0,2,27.06,29.545,89,7.0015,2011,9,5,17,114
4,0,0,1,18.86,22.725,63,27.9993,2011,10,1,2,67
2,0,1,1,24.6,31.06,43,0.0,2012,6,5,17,850
3,0,0,2,27.88,31.82,69,0.0,2012,8,19,10,425
2,0,0,2,26.24,31.06,27,23.9994,2012,4,14,15,658
2,0,1,2,17.22,21.21,77,6.0032,2012,4,18,22,162
3,0,1,1,26.24,29.545,78,11.0014,2011,7,18,4,4
1,0,0,1,12.3,14.395,52,16.9979,2011,2,6,10,89
1,0,1,2,8.2,12.88,44,0.0,2012,1,4,21,90
3,0,1,1,29.52,34.09,70,8.9981,2012,8,1,21,320
2,0,1,1,17.22,21.21,38,27.9993,2011,4,5,17,273
1,0,1,1,5.74,10.605,59,0.0,2011,2,4,7,87
4,0,1,2,21.32,25.0,77,6.0032,2011,10,18,9,227
2,0,1,1,17.22,21.21,58,23.9994,2011,5,4,19,296
1,0,1,1,14.76,15.91,46,31.0009,2011,2,14,20,70
1,0,1,1,18.04,21.97,62,16.9979,2012,3,7,21,188
3,0,1,2,22.96,26.515,68,7.0015,2011,9,19,19,374
1,0,1,1,18.04,21.97,77,7.0015,2012,3,15,4,14
3,0,0,1,27.06,31.06,69,7.0015,2011,9,10,20,245
4,0,1,1,22.14,25.76,39,22.0028,2011,10,14,19,248
4,0,0,1,22.96,26.515,78,12.998,2012,10,6,2,75
2,0,0,2,21.32,25.0,100,0.0,2011,5,15,4,13
2,0,0,2,22.14,25.76,94,0.0,2012,5,5,6,42
1,0,0,1,16.4,20.455,32,19.9995,2011,2,13,18,95
1,0,1,2,8.2,12.88,44,0.0,2011,2,4,0,13
3,0,1,2,26.24,28.79,89,0.0,2012,8,10,9,220
2,0,1,1,21.32,25.0,40,22.0028,2012,5,10,20,374
2,0,1,1,13.94,16.665,49,12.998,2012,4,13,2,11
2,0,0,2,15.58,19.695,87,6.0032,2011,4,10,0,53
2,0,1,1,28.7,32.575,54,31.0009,2012,5,4,17,643
1,0,1,1,9.02,11.365,80,12.998,2011,3,15,6,35
4,0,1,1,25.42,31.06,53,23.9994,2012,10,18,13,332
1,0,1,1,4.1,6.06,74,11.0014,2011,2,11,8,216
4,0,1,1,12.3,14.395,42,16.9979,2011,11,17,21,116
4,0,1,1,13.12,15.15,70,16.9979,2011,12,9,11,136
3,0,1,1,35.26,37.12,30,22.0028,2011,8,10,15,194
4,0,1,2,26.24,31.06,38,12.998,2011,10,18,13,219
4,0,1,1,14.76,16.665,43,16.9979,2012,11,14,13,214
2,0,1,1,18.86,22.725,41,19.0012,2011,4,6,21,102
4,0,1,2,14.76,17.425,71,15.0013,2011,11,10,19,211
4,0,1,2,20.5,24.24,72,15.0013,2012,10,9,18,784
1,0,1,1,13.94,15.91,42,16.9979,2011,3,14,10,84
3,0,1,2,25.42,25.76,100,11.0014,2011,9,9,1,8
2,0,1,1,15.58,19.695,62,15.0013,2011,5,4,22,89
3,0,1,2,30.34,34.09,62,6.0032,2011,8,19,12,222
3,0,1,1,21.32,25.0,68,19.0012,2012,9,10,4,5
3,0,1,1,35.26,37.88,36,16.9979,2012,8,9,17,810
1,0,1,2,5.74,7.575,63,8.9981,2011,2,4,5,7
1,0,1,2,8.2,11.365,51,7.0015,2011,1,11,12,57
1,0,1,2,6.56,11.365,55,0.0,2011,2,4,6,28
3,0,1,1,31.98,35.605,49,8.9981,2012,8,14,12,300
2,0,1,1,27.88,31.82,36,27.9993,2012,6,13,20,448
1,0,1,1,25.42,31.06,35,7.0015,2012,3,14,20,330
1,0,1,2,7.38,7.575,37,22.0028,2012,1,4,15,90
1,0,0,1,22.14,25.76,45,8.9981,2012,1,7,18,297
1,0,0,2,10.66,12.88,70,12.998,2012,2,5,11,182
2,0,1,2,20.5,24.24,72,12.998,2011,4,19,19,276
4,0,1,1,12.3,15.91,49,7.0015,2011,12,8,17,331
4,0,1,1,13.94,15.91,46,15.0013,2012,11,5,18,542
1,0,1,1,10.66,11.365,44,23.9994,2012,1,19,21,121
3,0,1,2,27.88,31.82,83,12.998,2012,8,14,2,11
1,0,1,1,18.86,22.725,31,26.0027,2011,2,16,16,122
3,0,1,1,30.34,33.335,51,12.998,2011,9,1,16,308
2,0,1,1,24.6,29.545,73,6.0032,2011,6,7,3,2
3,0,1,1,30.34,34.85,70,15.0013,2011,7,6,19,394
4,0,1,1,14.76,16.665,29,26.0027,2012,11,8,11,171
4,0,1,1,18.04,21.97,77,11.0014,2012,10,1,7,483
4,0,0,1,9.84,14.395,87,0.0,2011,11,6,3,9
1,0,1,1,8.2,9.85,44,16.9979,2011,1,14,12,61
1,0,1,1,21.32,25.0,23,16.9979,2011,2,14,11,53
3,0,1,1,32.8,36.365,46,23.9994,2011,8,18,15,174
1,0,1,1,9.84,10.605,52,19.0012,2011,2,16,9,124
2,0,0,1,28.7,33.335,79,7.0015,2011,6,11,2,60
4,0,1,1,16.4,20.455,24,27.9993,2012,11,8,18,507
2,0,1,1,22.96,26.515,64,23.9994,2011,6,15,0,52
4,0,0,2,14.76,18.94,93,0.0,2012,12,8,4,12
1,0,1,2,12.3,15.15,70,11.0014,2012,2,16,9,202
4,0,1,2,25.42,28.03,88,0.0,2011,10,13,12,105
2,0,1,3,22.96,26.515,88,0.0,2011,5,17,1,13
4,0,1,1,8.2,10.605,72,7.0015,2012,12,14,7,308
2,0,1,2,22.96,26.515,88,19.0012,2012,5,14,12,185
1,1,0,2,6.56,7.575,47,15.0013,2011,1,17,8,33
2,0,1,2,22.96,26.515,88,0.0,2012,5,2,9,315
1,0,1,1,28.7,31.82,37,22.0028,2011,3,18,17,332
2,0,1,1,24.6,31.06,40,30.0026,2011,5,6,14,213
1,1,0,1,9.84,11.365,41,15.0013,2012,1,2,20,88
1,0,1,3,11.48,13.635,93,11.0014,2011,2,8,3,1
3,0,1,1,22.96,26.515,88,0.0,2011,9,13,5,20
4,0,1,1,23.78,27.275,53,16.9979,2011,10,4,14,183
2,0,1,1,22.96,26.515,30,0.0,2011,4,14,18,337
1,0,1,1,14.76,17.425,50,8.9981,2012,3,12,3,2
2,0,1,1,22.14,25.76,28,15.0013,2011,5,5,19,361
2,0,0,1,22.14,25.76,49,12.998,2011,5,7,22,120
3,0,1,1,29.52,32.575,39,15.0013,2011,8,11,9,197
2,0,1,1,30.34,34.09,58,8.9981,2012,6,19,13,272
4,0,1,2,25.42,28.79,83,11.0014,2011,10,13,19,205
4,0,0,3,14.76,17.425,93,11.0014,2012,12,9,15,225
1,1,0,2,7.38,9.09,43,12.998,2011,1,17,3,2
2,0,0,1,21.32,25.0,77,8.9981,2011,5,8,20,174
3,0,1,1,18.04,21.97,67,19.0012,2011,9,15,22,115
4,0,1,3,25.42,27.275,94,7.0015,2012,10,2,21,289
4,0,0,1,18.04,21.97,62,12.998,2011,10,16,8,99
1,0,1,2,16.4,20.455,76,16.9979,2011,3,16,15,101
3,0,1,1,27.88,31.82,83,6.0032,2012,8,9,3,6
1,0,1,1,4.92,7.575,54,7.0015,2012,1,19,8,423
4,0,1,1,21.32,25.0,83,0.0,2012,10,5,6,137
1,0,1,1,23.78,27.275,32,16.9979,2012,3,1,13,211
2,0,1,1,13.94,16.665,76,12.998,2011,4,7,4,1
3,0,1,1,30.34,34.85,66,0.0,2011,8,9,8,392
4,0,1,1,20.5,24.24,48,6.0032,2011,11,1,12,176
2,0,1,1,22.96,26.515,37,27.9993,2012,5,10,14,247
3,0,1,1,33.62,38.635,52,19.0012,2011,7,7,19,365
4,0,1,3,24.6,25.76,94,6.0032,2011,10,19,20,145
4,0,1,2,14.76,17.425,57,12.998,2012,11,15,16,342
4,0,1,1,22.96,26.515,37,31.0009,2012,10,12,14,371
4,0,0,2,14.76,18.18,100,7.0015,2012,12,9,21,96
2,0,1,3,29.52,34.09,66,19.0012,2012,6,1,14,254
4,0,0,3,17.22,21.21,67,16.9979,2011,10,1,7,36
1,0,1,1,11.48,15.91,75,0.0,2012,2,15,3,3
1,0,0,1,5.74,7.575,50,8.9981,2012,1,14,7,24
4,0,1,2,24.6,29.545,73,11.0014,2011,10,11,11,123
2,0,0,1,28.7,32.575,65,11.0014,2012,6,10,22,159
2,0,1,2,26.24,28.79,89,12.998,2012,6,1,8,694
3,0,1,2,28.7,32.575,58,16.9979,2012,7,11,23,152
1,0,0,2,12.3,14.395,49,16.9979,2012,2,19,17,157
3,0,0,2,18.86,22.725,77,12.998,2011,9,17,7,37
1,0,1,1,8.2,12.88,59,0.0,2011,3,8,6,45
4,0,1,2,18.86,22.725,88,6.0032,2012,10,10,0,33
1,0,0,1,18.04,21.97,51,19.0012,2012,3,3,13,339
3,0,1,1,33.62,37.12,41,0.0,2012,8,6,17,858
2,0,1,1,26.24,31.06,47,7.0015,2011,5,11,17,259
3,0,1,2,21.32,25.0,77,8.9981,2011,9,19,8,420
1,0,1,1,16.4,20.455,43,23.9994,2012,2,17,13,205
1,0,1,1,11.48,14.395,70,7.0015,2012,2,15,5,25
4,0,0,1,12.3,15.91,81,6.0032,2012,11,10,1,76
2,0,1,1,18.04,21.97,94,0.0,2011,5,9,2,8
1,0,1,1,18.04,21.97,44,27.9993,2012,3,1,20,254
2,0,0,2,21.32,25.0,94,6.0032,2011,5,14,9,100
2,0,1,3,13.94,16.665,87,11.0014,2011,4,8,8,221
4,0,0,1,8.2,10.605,47,11.0014,2011,12,10,23,66
2,0,1,2,24.6,28.03,83,0.0,2012,5,9,9,325
1,0,1,1,4.92,5.305,42,19.9995,2011,2,10,10,35
1,0,0,3,6.56,9.09,93,7.0015,2011,1,8,9,20
4,0,0,1,13.12,15.91,81,11.0014,2011,10,2,6,15
1,0,1,2,8.2,10.605,47,8.9981,2011,1,11,11,35
2,0,1,1,16.4,20.455,43,8.9981,2012,4,3,0,33
4,0,1,1,22.96,26.515,94,12.998,2011,10,14,4,8
2,0,1,1,20.5,24.24,51,12.998,2011,4,14,10,89
3,0,0,3,32.8,37.12,49,56.9969,2011,7,3,18,181
3,0,1,1,30.34,34.09,58,0.0,2012,7,3,7,483
1,0,1,3,19.68,23.485,77,27.9993,2012,3,9,2,11
2,0,1,2,21.32,25.0,83,8.9981,2011,5,13,10,130
4,0,1,1,13.94,17.425,87,7.0015,2011,10,3,0,16
4,0,1,2,14.76,16.665,66,19.9995,2012,11,19,8,663
2,0,1,1,24.6,31.06,31,26.0027,2012,5,10,17,732
4,0,0,2,14.76,17.425,62,8.9981,2011,11,13,3,28
1,1,0,1,10.66,12.12,60,19.0012,2012,1,16,20,90
1,0,1,1,4.92,9.85,54,0.0,2012,1,19,9,210
1,0,1,2,13.94,15.91,42,16.9979,2012,2,10,16,268
4,0,0,1,16.4,20.455,58,7.0015,2012,11,10,11,466
4,0,1,2,14.76,18.94,100,0.0,2012,12,10,1,4
4,0,0,1,15.58,19.695,71,6.0032,2012,11,10,22,193
1,0,1,1,8.2,10.605,80,8.9981,2012,1,11,7,256
1,0,0,1,12.3,13.635,49,22.0028,2012,3,4,10,192
4,0,0,2,10.66,12.12,52,19.0012,2011,12,17,10,181
3,0,0,2,31.98,36.365,55,12.998,2012,9,1,10,417
4,0,1,2,11.48,15.91,93,0.0,2011,11,7,7,311
4,0,0,3,14.76,17.425,93,15.0013,2011,10,1,23,65
3,0,1,1,26.24,31.06,33,6.0032,2012,9,11,11,247
1,0,1,2,5.74,7.575,86,11.0014,2011,2,9,21,83
1,0,1,2,18.86,22.725,59,11.0014,2011,3,17,18,310
3,1,0,1,33.62,37.12,41,0.0,2011,7,4,16,452
1,0,0,1,18.04,21.97,44,11.0014,2012,2,18,20,148
4,0,1,1,13.94,16.665,31,8.9981,2011,11,18,14,154
2,0,1,1,25.42,31.06,41,15.0013,2011,5,9,15,199
3,0,0,1,26.24,30.305,69,0.0,2011,9,11,21,159
3,0,0,3,24.6,27.275,88,32.9975,2011,8,14,22,39
2,0,0,2,15.58,19.695,82,8.9981,2011,4,9,19,130
1,0,0,2,6.56,9.85,59,6.0032,2011,1,15,1,20
2,0,0,2,24.6,29.545,73,16.9979,2011,6,5,8,98
3,0,1,2,20.5,24.24,63,0.0,2011,9,16,21,163
3,0,1,1,27.88,31.82,65,7.0015,2012,7,3,4,6
1,0,1,2,9.02,12.12,87,7.0015,2012,1,9,23,52
3,0,1,2,22.96,26.515,73,12.998,2011,9,19,23,68
2,0,1,1,27.88,31.82,89,12.998,2011,6,1,3,6
4,0,0,1,8.2,12.88,69,0.0,2011,12,11,23,35
3,0,0,1,39.36,45.455,36,11.0014,2012,7,8,14,312
4,0,1,2,21.32,25.0,48,16.9979,2011,11,3,13,169
4,0,1,1,20.5,24.24,59,19.0012,2012,12,5,5,49
1,0,1,2,13.94,15.91,87,16.9979,2012,1,11,16,118
1,0,0,1,18.04,21.97,16,39.0007,2011,2,19,11,123
4,0,0,1,9.84,12.12,70,11.0014,2012,11,17,5,11
4,0,0,1,10.66,12.88,56,12.998,2011,11,19,0,53
4,0,1,1,13.12,14.395,53,23.9994,2012,11,9,4,14
3,0,0,2,26.24,29.545,78,7.0015,2012,8,19,17,343
1,0,0,2,8.2,11.365,40,7.0015,2011,1,16,23,18
3,1,0,2,27.88,31.82,89,11.0014,2012,9,3,1,55
1,0,1,1,22.96,26.515,56,7.0015,2012,3,14,10,188
2,0,0,2,22.96,26.515,83,8.9981,2012,6,2,0,86
3,0,0,2,27.06,29.545,89,11.0014,2012,8,11,22,168
2,0,1,1,13.12,15.15,61,19.0012,2012,4,12,2,4
4,0,1,2,12.3,14.395,56,15.0013,2012,11,6,22,153
2,0,1,2,22.96,26.515,68,23.9994,2012,5,8,9,295
2,0,1,1,29.52,33.335,51,15.0013,2011,6,6,10,95
3,0,1,3,28.7,33.335,84,0.0,2011,8,3,19,321
1,0,1,1,13.12,15.15,49,19.0012,2011,3,2,10,76
4,0,1,1,18.86,22.725,38,19.9995,2012,11,9,13,299
4,0,1,2,18.86,22.725,88,7.0015,2012,10,10,4,6
3,0,1,3,26.24,28.03,94,7.0015,2011,9,8,21,82
3,0,0,1,31.98,37.12,62,7.0015,2012,7,1,8,142
4,0,1,1,14.76,18.94,93,0.0,2012,12,3,6,138
2,0,1,1,22.14,25.76,56,11.0014,2012,6,5,21,283
2,0,0,1,17.22,21.21,54,8.9981,2012,4,14,9,265
4,0,0,1,13.94,17.425,87,7.0015,2011,12,4,22,64
2,0,1,3,20.5,24.24,88,32.9975,2011,4,5,4,2
4,0,1,2,13.94,15.15,71,19.9995,2012,12,11,6,118
1,0,1,1,8.2,7.575,44,35.0008,2011,2,3,1,5
1,0,1,1,5.74,9.09,31,6.0032,2011,2,10,20,97
2,0,1,1,29.52,32.575,42,6.0032,2012,5,16,14,263
4,0,1,1,17.22,21.21,71,6.0032,2012,10,12,8,745
3,0,0,2,27.06,29.545,89,11.0014,2012,8,11,21,128
3,0,1,1,33.62,37.88,46,12.998,2011,7,13,10,113
1,0,1,1,10.66,12.88,70,12.998,2011,3,11,7,114
3,1,0,1,32.8,36.365,46,0.0,2011,7,4,14,408
4,0,1,1,12.3,16.665,87,0.0,2011,11,2,1,10
4,0,1,2,18.04,21.97,88,11.0014,2012,12,4,8,721
2,0,1,2,32.8,35.605,41,19.9995,2012,6,11,13,248
2,0,1,1,29.52,34.09,62,11.0014,2012,6,11,10,147
1,0,0,3,9.84,11.365,87,15.0013,2012,2,11,3,9
4,0,1,1,16.4,20.455,35,16.9979,2011,12,13,15,151
4,0,0,1,23.78,27.275,35,16.9979,2011,10,16,12,444
3,0,1,1,29.52,34.09,70,6.0032,2012,7,16,7,483
4,0,1,2,12.3,16.665,56,0.0,2011,12,12,17,359
1,0,1,1,9.84,9.09,38,40.9973,2012,1,13,11,114
3,0,1,1,19.68,23.485,67,6.0032,2011,9,16,22,167
2,0,1,1,26.24,29.545,78,12.998,2012,5,15,11,224
3,0,0,1,31.98,34.85,46,19.9995,2011,7,9,11,290
2,0,0,2,27.06,30.305,78,8.9981,2011,6,19,3,30
3,0,1,2,21.32,25.0,52,11.0014,2011,9,16,18,482
1,0,0,2,13.12,15.15,39,16.9979,2012,2,19,1,72
1,0,1,1,5.74,6.06,50,23.9994,2011,1,13,2,2
3,0,0,1,29.52,32.575,30,19.0012,2012,9,9,14,647
2,0,1,1,22.14,25.76,83,8.9981,2012,6,15,6,151
3,0,1,3,24.6,25.76,94,12.998,2012,9,18,1,5
3,0,1,1,36.9,40.15,31,11.0014,2012,7,6,14,275
4,0,0,1,13.94,15.15,34,23.9994,2011,12,10,15,299
2,0,1,1,20.5,24.24,22,31.0009,2012,4,6,18,484
2,0,0,2,18.86,22.725,88,39.0007,2011,4,16,12,32
4,0,1,3,14.76,17.425,87,11.0014,2012,10,9,4,7
4,0,0,1,9.02,11.365,75,8.9981,2011,12,3,4,8
3,0,0,3,24.6,27.275,88,32.9975,2011,8,14,21,155
4,0,0,1,18.04,21.97,47,8.9981,2011,10,16,1,77
4,0,1,3,12.3,14.395,56,16.9979,2012,11,7,22,60
4,0,1,1,18.04,21.97,88,0.0,2011,10,5,4,5
4,0,1,3,18.86,22.725,94,8.9981,2011,11,16,13,58
2,0,1,2,24.6,31.06,53,23.9994,2012,5,7,18,680
1,0,0,2,14.76,18.18,93,6.0032,2012,3,3,6,7
4,0,0,1,17.22,21.21,77,19.0012,2012,10,14,4,12
3,0,0,1,29.52,34.85,74,16.9979,2012,8,5,5,19
4,0,1,2,21.32,25.0,94,6.0032,2011,10,11,1,11
1,0,1,1,1.64,1.515,38,19.9995,2012,1,4,1,3
4,0,1,1,12.3,15.91,87,6.0032,2011,11,8,5,18
1,1,0,1,10.66,11.365,52,22.0028,2012,1,16,18,181
2,0,1,1,21.32,25.0,94,6.0032,2011,5,18,23,59
3,0,1,2,26.24,29.545,78,8.9981,2012,8,1,5,49
4,0,1,1,14.76,17.425,76,8.9981,2012,12,7,16,375
4,0,1,1,13.12,16.665,81,8.9981,2011,11,3,5,28
1,0,0,1,4.1,3.03,39,30.0026,2011,1,8,23,22
4,0,0,2,12.3,15.15,70,11.0014,2012,11,18,0,129
1,1,0,1,10.66,12.12,56,19.0012,2012,1,16,19,144
4,0,1,1,13.12,15.91,81,12.998,2011,11,1,6,93
2,0,0,1,27.06,31.06,69,12.998,2011,6,5,20,279
1,0,0,1,10.66,12.88,60,15.0013,2011,2,6,5,1
2,0,1,1,15.58,19.695,66,16.9979,2011,4,4,2,2
2,0,0,1,18.04,21.97,33,19.9995,2011,4,3,13,367
3,0,1,1,29.52,34.09,66,0.0,2012,7,17,3,3
1,0,1,3,9.84,12.88,87,7.0015,2012,2,8,18,167
4,0,1,2,13.94,15.15,61,22.0028,2011,11,17,9,198
1,0,1,1,6.56,7.575,47,15.0013,2011,1,13,20,64
1,0,1,2,8.2,12.88,86,0.0,2011,2,1,13,52
2,0,1,1,19.68,23.485,31,16.9979,2012,4,5,19,487
4,0,0,1,8.2,12.88,59,0.0,2011,12,11,9,107
4,0,1,1,9.84,12.88,60,7.0015,2012,11,6,0,19
2,0,1,2,21.32,25.0,83,11.0014,2011,5,13,11,146
4,1,0,1,13.12,15.15,57,22.0028,2011,11,11,1,19
3,0,0,1,28.7,33.335,84,7.0015,2012,8,5,20,193
2,0,1,1,23.78,27.275,60,8.9981,2011,5,19,19,410
3,0,1,2,28.7,33.335,79,12.998,2011,7,7,8,443
2,0,1,1,28.7,31.82,37,30.0026,2011,6,13,15,185
3,1,0,1,30.34,34.85,66,11.0014,2012,9,3,18,482
3,0,0,3,26.24,30.305,73,0.0,2012,8,19,12,298
1,0,1,1,13.94,17.425,49,7.0015,2012,2,3,20,163
2,0,0,1,30.34,32.575,33,6.0032,2012,5,19,18,645
3,0,1,1,27.88,31.82,61,6.0032,2011,8,10,5,32
3,0,1,2,32.8,37.12,52,12.998,2012,8,3,10,249
2,0,1,1,23.78,27.275,53,8.9981,2011,6,15,8,498
1,0,1,1,12.3,13.635,56,22.0028,2011,3,11,19,118
4,0,0,1,11.48,13.635,46,11.0014,2011,12,18,17,136
4,0,1,1,16.4,20.455,71,0.0,2012,10,16,23,199
3,0,1,2,29.52,33.335,51,0.0,2012,7,13,9,414
1,0,1,1,7.38,12.12,59,0.0,2011,1,14,20,68
2,0,0,1,12.3,14.395,65,12.998,2011,4,3,0,39
3,0,1,2,23.78,27.275,64,11.0014,2011,9,19,11,139
1,0,1,2,5.74,6.06,43,16.9979,2012,1,4,13,91
2,0,1,1,17.22,21.21,41,19.9995,2012,4,5,3,5
1,0,1,1,9.02,10.605,55,16.9979,2011,3,2,6,40
2,0,1,1,22.14,25.76,52,27.9993,2012,5,17,9,346
3,0,1,2,24.6,29.545,69,27.9993,2011,9,15,15,135
1,0,1,2,8.2,10.605,86,11.0014,2012,1,10,4,4
4,1,0,1,13.94,16.665,81,12.998,2012,10,8,2,15
4,0,1,2,13.94,18.18,42,0.0,2012,12,12,12,232
1,0,0,1,9.84,12.12,81,8.9981,2012,2,4,9,157
4,0,1,2,10.66,12.12,60,19.0012,2012,11,7,9,368
3,0,1,2,24.6,27.275,88,12.998,2012,9,18,20,290
3,0,1,1,29.52,34.85,74,19.9995,2012,9,4,23,95
1,0,1,1,9.84,9.85,30,31.0009,2011,3,3,1,1
2,0,1,1,27.88,31.82,51,7.0015,2012,5,4,20,313
1,0,0,2,18.04,21.97,77,19.9995,2011,1,1,15,110
1,0,1,2,8.2,12.88,69,0.0,2011,1,7,6,34
2,0,1,1,28.7,32.575,58,11.0014,2011,6,6,9,188
1,0,1,1,11.48,13.635,36,0.0,2011,1,6,15,62
1,0,0,1,14.76,17.425,66,8.9981,2011,3,13,1,33
2,0,1,1,21.32,25.0,20,23.9994,2012,4,10,19,479
3,0,0,1,26.24,31.06,41,11.0014,2012,9,16,13,694
1,0,0,1,23.78,27.275,37,19.9995,2012,1,7,15,449
2,0,0,1,16.4,20.455,58,8.9981,2012,4,14,0,96
1,0,1,1,18.86,22.725,94,15.0013,2012,3,1,3,3
2,0,1,1,22.14,25.76,32,11.0014,2012,4,18,0,38
4,0,1,1,13.12,15.91,66,12.998,2011,12,15,6,92
2,0,1,1,13.94,15.91,66,15.0013,2011,5,5,2,5
2,0,0,1,33.62,38.635,49,7.0015,2011,6,11,14,380
2,0,1,2,22.14,25.76,45,12.998,2012,5,7,23,113
4,0,1,1,25.42,31.06,57,16.9979,2011,10,18,16,304
1,0,0,1,10.66,12.88,65,15.0013,2011,3,13,23,28
2,0,1,2,28.7,32.575,61,0.0,2012,5,4,11,258
1,0,0,1,12.3,12.88,36,32.9975,2012,3,4,19,132
1,0,0,1,18.04,21.97,41,27.9993,2011,3,13,11,181
2,0,0,3,21.32,25.0,83,11.0014,2012,5,6,4,16
2,0,1,1,23.78,27.275,83,27.9993,2011,5,17,20,283
1,0,0,2,9.84,12.88,93,7.0015,2012,2,5,1,51
3,0,1,1,31.16,34.09,48,15.0013,2011,8,10,9,180
3,0,0,1,28.7,32.575,70,19.0012,2012,8,11,0,180
2,0,1,3,13.94,15.15,93,23.9994,2011,5,4,9,40
1,0,1,2,15.58,19.695,76,22.0028,2012,1,17,13,103
4,0,0,1,18.86,22.725,51,6.0032,2012,11,10,19,283
1,0,1,1,13.94,15.91,49,15.0013,2012,3,2,1,20
2,0,1,1,27.88,31.82,65,11.0014,2012,5,15,16,374
1,0,1,1,18.86,22.725,63,30.0026,2012,1,17,18,463
3,0,1,1,29.52,34.09,62,6.0032,2011,8,19,10,165
2,0,1,1,22.96,26.515,88,12.998,2012,5,4,4,4
3,0,1,1,30.34,34.85,66,11.0014,2011,7,18,23,91
1,1,0,2,8.2,10.605,47,11.0014,2011,1,17,15,93
1,0,0,1,18.86,22.725,33,27.9993,2011,3,19,12,267
1,0,1,1,13.12,14.395,36,26.0027,2011,3,7,13,70
3,0,1,1,28.7,33.335,84,0.0,2012,8,8,4,7
1,0,1,1,20.5,24.24,51,16.9979,2012,3,7,20,260
4,0,1,1,12.3,15.15,36,11.0014,2011,11,18,18,328
1,0,1,1,5.74,6.06,33,19.9995,2011,3,3,6,35
3,0,0,1,22.14,25.76,64,8.9981,2011,9,18,12,364
1,0,0,1,4.92,9.85,80,0.0,2011,2,12,3,10
3,0,1,3,27.06,29.545,89,16.9979,2012,7,19,21,332
2,0,1,2,31.16,34.09,48,22.0028,2012,6,11,19,596
1,0,1,1,18.04,21.97,72,19.0012,2011,2,18,0,32
3,0,1,1,30.34,34.09,55,22.0028,2011,8,15,16,283
2,0,1,2,21.32,25.0,88,11.0014,2011,5,13,15,198
4,0,1,3,14.76,16.665,87,19.0012,2012,10,9,3,3
4,0,1,1,10.66,11.365,56,19.9995,2012,11,13,23,84
1,0,0,1,10.66,11.365,44,22.0028,2011,1,2,21,31
3,0,1,1,24.6,28.79,78,7.0015,2011,9,15,4,7
2,0,1,1,18.04,21.97,62,7.0015,2012,4,13,22,215
1,0,1,1,0.82,2.275,44,12.998,2012,1,4,7,152
4,0,1,2,22.96,26.515,83,8.9981,2011,10,12,0,25
3,0,1,1,33.62,38.635,52,11.0014,2011,7,12,11,125
3,0,1,2,20.5,24.24,51,19.0012,2011,9,16,10,140
1,0,1,1,9.84,12.12,70,8.9981,2011,3,14,5,8
4,0,1,1,14.76,17.425,50,11.0014,2012,10,11,5,42
1,0,1,1,12.3,16.665,81,0.0,2012,3,2,9,314
1,0,1,1,4.92,7.575,54,8.9981,2011,1,13,7,72
4,0,0,2,17.22,21.21,71,0.0,2012,10,7,12,392
4,0,1,1,21.32,25.0,63,0.0,2011,10,5,8,467
3,0,0,1,32.8,36.365,46,19.9995,2011,7,17,18,390
2,0,1,1,17.22,21.21,44,12.998,2012,4,2,22,123
4,0,1,1,14.76,17.425,71,8.9981,2011,11,2,22,106
1,0,1,1,7.38,6.82,37,35.0008,2012,1,3,12,74
4,0,1,3,22.14,25.76,94,26.0027,2011,10,12,4,7
1,0,1,1,15.58,19.695,54,7.0015,2012,3,12,2,9
1,0,0,2,14.76,17.425,93,12.998,2012,3,3,4,2
3,0,1,1,29.52,33.335,54,11.0014,2011,8,10,2,11
2,0,1,2,20.5,24.24,51,26.0027,2011,4,4,9,158
3,0,1,2,31.98,35.605,52,11.0014,2011,8,3,1,16
3,0,0,1,22.14,25.76,64,0.0,2012,9,16,1,117
1,0,1,2,12.3,14.395,70,12.998,2011,3,4,20,87
3,0,1,3,22.14,25.76,88,19.9995,2011,9,6,13,29
1,0,1,1,9.84,9.85,30,31.0009,2011,3,3,0,13
4,0,1,1,16.4,20.455,43,19.0012,2012,11,16,12,290
2,0,1,2,25.42,29.545,73,6.0032,2012,6,1,3,4
4,0,1,1,15.58,19.695,87,0.0,2011,11,9,23,66
1,0,0,2,17.22,21.21,94,11.0014,2012,3,18,4,14
3,0,1,1,35.26,37.88,36,16.9979,2011,7,7,17,569
3,0,1,1,27.88,12.12,65,8.9981,2012,8,17,8,668
2,0,1,2,32.8,35.605,41,27.9993,2012,6,11,16,427
4,0,1,1,18.04,21.97,67,12.998,2012,10,16,1,13
4,0,0,2,18.04,21.97,54,16.9979,2012,10,7,4,11
3,0,0,1,28.7,33.335,84,15.0013,2012,8,5,19,185
4,0,1,1,20.5,24.24,77,6.0032,2011,10,18,8,499
1,0,1,1,4.1,6.06,58,8.9981,2012,2,13,5,17
4,0,1,2,22.14,25.76,100,7.0015,2011,10,13,5,17
4,0,1,1,14.76,18.18,81,6.0032,2012,10,12,5,35
3,0,1,2,31.16,36.365,66,7.0015,2012,8,7,19,610
3,0,1,1,26.24,30.305,65,12.998,2011,9,2,0,64
2,0,0,1,18.86,22.725,82,7.0015,2011,5,1,11,250
3,0,0,1,27.06,31.06,61,0.0,2012,8,18,22,261
2,0,1,2,26.24,31.06,57,12.998,2011,5,12,17,594
3,0,1,1,29.52,33.335,54,12.998,2012,7,5,3,7
1,0,1,1,17.22,21.21,38,16.9979,2012,1,10,17,460
3,0,0,1,18.04,21.97,77,16.9979,2011,9,18,6,12
2,0,1,1,14.76,18.18,71,7.0015,2011,5,6,4,1
4,0,1,1,13.12,16.665,93,7.0015,2011,11,8,8,466
2,0,0,2,22.14,25.76,56,12.998,2012,4,14,23,196
4,0,1,1,9.02,11.365,44,11.0014,2011,11,18,4,5
3,1,0,1,27.06,31.06,69,0.0,2012,7,4,6,32
1,0,1,1,4.92,7.575,74,8.9981,2011,1,4,7,94
2,0,0,1,28.7,32.575,54,0.0,2011,6,5,15,417
1,0,0,1,10.66,12.88,41,12.998,2012,3,10,23,83
1,0,1,1,12.3,13.635,52,31.0009,2011,1,19,23,28
4,0,1,2,15.58,19.695,87,6.0032,2011,11,4,4,7
1,0,1,1,6.56,6.06,43,35.0008,2012,1,3,14,79
4,0,1,1,14.76,17.425,34,12.998,2012,12,13,13,271
4,0,1,1,15.58,19.695,83,16.9979,2012,10,9,7,362
1,0,1,3,9.02,11.365,75,11.0014,2012,1,9,14,50
3,0,1,1,32.8,34.85,33,7.0015,2012,8,13,14,248
3,0,1,1,32.8,35.605,41,8.9981,2012,7,10,12,272
2,0,0,1,20.5,24.24,72,12.998,2011,4,10,14,281
1,0,1,2,7.38,9.85,51,11.0014,2011,1,11,9,130
1,0,1,1,8.2,11.365,44,6.0032,2011,2,16,1,9
3,0,0,2,32.8,37.88,55,11.0014,2012,9,1,12,471
3,0,0,1,31.16,34.09,45,19.0012,2011,7,16,16,425
1,0,0,2,12.3,15.15,93,11.0014,2011,3,5,4,1
4,0,1,3,13.12,15.15,66,22.0028,2011,11,17,11,97
3,0,1,1,33.62,39.395,56,19.9995,2011,7,11,11,128
1,0,1,3,12.3,13.635,45,19.9995,2012,3,5,17,387
1,0,1,1,13.12,16.665,66,6.0032,2012,1,10,21,116
1,0,1,1,22.14,25.76,37,30.0026,2012,3,7,15,209
2,0,1,2,16.4,20.455,87,12.998,2011,4,13,10,46
2,0,1,1,22.96,26.515,73,19.9995,2011,5,16,8,394
2,0,0,1,18.86,22.725,77,12.998,2011,5,1,23,146
2,0,0,2,20.5,24.24,82,7.0015,2011,5,14,5,14
2,0,1,1,30.34,33.335,45,12.998,2012,5,1,16,354
1,0,0,1,9.84,14.395,70,0.0,2012,2,18,7,41
2,0,0,2,14.76,17.425,57,11.0014,2011,4,2,10,154
3,0,0,1,32.8,37.12,49,23.9994,2012,8,11,13,569
2,0,1,1,22.96,26.515,46,0.0,2012,4,19,13,238
3,1,0,1,27.06,29.545,89,0.0,2012,9,3,5,4
3,0,1,2,31.16,36.365,70,11.0014,2012,9,5,10,235
2,0,0,1,24.6,31.06,56,8.9981,2012,5,13,9,222
2,0,1,1,22.14,25.76,30,16.9979,2012,4,17,22,162
4,0,0,2,15.58,19.695,82,7.0015,2012,12,16,17,243
4,0,1,3,25.42,27.275,94,8.9981,2012,10,2,20,306
1,0,1,2,22.96,26.515,49,30.0026,2012,3,8,23,94
2,0,1,2,16.4,20.455,94,16.9979,2011,4,12,23,39
3,0,0,1,29.52,34.09,66,15.0013,2011,7,17,22,181
4,0,0,1,21.32,25.0,45,8.9981,2012,11,11,18,405
2,0,1,1,36.9,42.425,42,0.0,2011,6,8,13,136
2,0,1,2,21.32,25.0,59,8.9981,2011,5,10,23,81
2,0,0,1,24.6,31.06,40,7.0015,2012,6,2,21,316
4,0,1,2,16.4,20.455,82,0.0,2011,10,3,22,91
4,0,0,1,8.2,11.365,69,7.0015,2011,12,18,1,46
4,0,1,1,17.22,21.21,71,30.0026,2012,12,11,1,8
4,0,0,2,10.66,12.12,93,16.9979,2012,12,1,9,193
3,0,1,1,26.24,29.545,78,8.9981,2011,8,5,4,7
1,0,1,1,8.2,12.88,47,0.0,2011,1,6,10,45
4,0,1,1,19.68,23.485,48,0.0,2012,10,16,19,531
4,0,1,1,9.84,11.365,60,12.998,2012,12,13,8,679
1,0,1,1,15.58,19.695,46,12.998,2012,3,2,11,194
1,0,1,1,18.04,21.97,72,11.0014,2011,2,18,11,113
4,0,1,2,13.94,17.425,66,7.0015,2012,11,1,4,10
3,0,1,1,29.52,34.09,62,0.0,2011,8,9,3,3
1,0,1,2,10.66,13.635,93,7.0015,2011,2,8,2,2
2,0,0,1,23.78,27.275,83,16.9979,2011,5,15,9,134
1,0,1,2,8.2,11.365,40,7.0015,2012,1,4,19,184
4,0,1,1,28.7,32.575,65,0.0,2012,10,3,17,917
2,0,1,1,24.6,30.305,26,26.0027,2012,5,11,13,363
3,0,0,1,30.34,35.605,74,7.0015,2012,7,7,6,31
4,0,1,2,20.5,24.24,63,19.9995,2012,12,4,22,181
2,0,1,2,22.14,25.76,94,6.0032,2011,5,18,11,23
3,0,1,2,22.96,26.515,68,8.9981,2011,9,19,20,231
2,0,1,1,24.6,31.06,43,6.0032,2012,4,19,18,776
3,0,1,1,30.34,33.335,51,15.0013,2011,8,10,0,37
3,0,1,2,29.52,33.335,54,27.9993,2012,7,2,3,5
1,0,0,2,16.4,20.455,30,27.9993,2011,2,13,14,161
1,0,1,3,16.4,20.455,82,6.0032,2012,2,2,4,1
1,0,0,2,12.3,15.15,100,8.9981,2011,3,5,5,3
1,0,1,1,13.94,16.665,53,12.998,2011,2,17,3,4
1,0,1,2,9.84,12.12,87,11.0014,2012,2,9,0,26
2,0,1,1,14.76,17.425,76,12.998,2011,4,7,8,314
3,0,1,1,30.34,33.335,51,11.0014,2012,7,2,22,188
2,0,1,1,32.8,37.88,55,16.9979,2012,6,19,20,458
1,0,1,1,21.32,25.0,77,15.0013,2012,3,13,10,143
4,0,1,2,13.94,15.15,53,19.9995,2011,11,17,12,121
3,0,1,1,28.7,33.335,84,8.9981,2012,8,7,2,13
4,0,0,1,26.24,31.06,44,12.998,2012,10,14,17,539
4,0,1,1,13.12,16.665,33,0.0,2011,11,18,12,165
4,0,1,1,13.12,17.425,87,0.0,2011,11,2,8,472
3,0,1,1,16.4,20.455,71,16.9979,2011,9,16,3,6
2,0,1,2,27.88,31.82,44,27.9993,2012,6,13,12,334
1,0,1,1,10.66,10.605,52,30.0026,2012,1,19,20,191
1,0,1,2,12.3,14.395,93,12.998,2011,3,16,7,111
1,0,1,2,13.94,15.91,71,19.0012,2011,3,15,20,88
2,0,1,2,20.5,24.24,72,15.0013,2011,4,19,10,75
2,0,1,1,18.86,22.725,44,16.9979,2012,5,11,8,620
1,0,1,1,17.22,21.21,47,31.0009,2012,3,1,21,197
1,0,1,1,8.2,9.85,59,12.998,2012,2,10,6,64
1,0,1,1,9.84,12.12,60,8.9981,2012,1,9,1,5
3,0,1,2,27.88,31.82,89,6.0032,2011,8,3,23,56
1,0,1,2,6.56,6.82,50,23.9994,2011,1,13,10,38
1,0,1,1,16.4,20.455,43,16.9979,2012,2,6,17,430
3,0,1,1,35.26,39.395,44,19.9995,2011,7,12,12,163
3,0,1,1,31.98,34.85,43,12.998,2011,8,1,18,543
2,0,1,1,22.96,26.515,83,7.0015,2012,4,17,2,4
4,1,0,1,13.94,17.425,81,7.0015,2012,10,8,3,10
2,0,1,1,18.86,22.725,59,7.0015,2011,4,14,23,47
2,0,1,1,17.22,21.21,77,11.0014,2011,5,9,5,23
2,0,1,1,31.16,34.09,48,16.9979,2011,6,7,19,424
1,0,1,2,9.02,12.88,87,6.0032,2011,2,1,22,36
3,0,1,1,29.52,32.575,42,15.0013,2011,7,1,20,269
1,0,1,1,9.84,11.365,60,15.0013,2012,1,9,0,15
3,0,0,1,27.06,30.305,78,12.998,2011,9,4,7,30
1,0,1,1,16.4,20.455,54,19.0012,2011,1,19,15,82
3,0,1,1,27.88,12.12,57,11.0014,2012,8,17,0,88
4,0,1,2,21.32,25.0,52,22.0028,2011,12,15,14,132
1,0,1,1,8.2,9.85,25,16.9979,2011,2,10,15,50
3,0,0,1,33.62,41.665,63,0.0,2011,8,7,11,269
2,0,1,1,21.32,25.0,27,27.9993,2012,4,9,11,223
3,0,1,1,33.62,38.635,52,8.9981,2011,7,7,11,142
3,0,0,1,37.72,43.18,37,15.0013,2012,7,7,10,325
3,0,1,1,31.16,36.365,66,11.0014,2012,7,18,0,53
4,0,1,2,13.12,16.665,53,8.9981,2011,12,12,14,111
1,0,0,2,17.22,21.21,88,23.9994,2011,3,6,4,3
4,0,1,1,18.04,21.97,88,6.0032,2011,10,6,23,99
2,0,1,1,37.72,43.94,40,15.0013,2011,6,8,16,233
1,0,0,1,12.3,12.88,28,32.9975,2011,2,19,22,44
1,0,1,1,17.22,21.21,94,8.9981,2012,3,1,8,594
3,0,0,1,24.6,27.275,88,0.0,2011,9,11,7,37
1,0,1,1,13.12,15.15,43,11.0014,2011,3,4,12,97
2,0,1,1,29.52,33.335,51,26.0027,2011,4,11,18,383
4,0,1,1,18.04,21.97,41,22.0028,2012,11,9,12,262
2,0,1,3,22.96,26.515,88,8.9981,2011,5,18,20,213
2,0,1,1,21.32,25.0,77,11.0014,2012,6,7,1,22
2,0,1,1,11.48,13.635,56,12.998,2012,4,11,5,27
4,0,0,2,14.76,17.425,87,8.9981,2012,12,16,8,88
4,0,0,1,18.86,22.725,82,0.0,2011,10,8,8,103
1,0,1,1,13.94,14.395,46,43.9989,2011,2,14,22,45
4,0,1,2,19.68,23.485,82,8.9981,2011,11,15,20,238
4,0,1,1,8.2,9.85,75,12.998,2011,12,19,8,397
4,0,1,2,16.4,20.455,62,27.9993,2011,12,15,11,135
2,0,1,1,22.96,26.515,43,15.0013,2011,6,3,2,12
2,0,1,2,28.7,32.575,58,15.0013,2012,6,12,0,28
1,0,1,3,14.76,17.425,93,16.9979,2012,1,12,3,3
1,0,1,2,5.74,6.06,46,16.9979,2012,1,4,14,75
4,0,1,1,13.12,15.91,70,12.998,2011,12,15,7,258
4,0,1,2,18.04,21.97,67,16.9979,2011,11,14,5,19
1,0,0,1,10.66,13.635,81,7.0015,2012,2,18,10,205
1,0,1,2,13.94,15.91,53,15.0013,2011,2,17,2,6
2,0,1,1,18.86,22.725,36,8.9981,2012,4,13,11,233
3,0,0,1,29.52,35.605,84,8.9981,2012,8,4,3,30
2,0,0,1,23.78,27.275,49,8.9981,2011,5,8,10,244
2,0,1,2,34.44,37.12,39,22.0028,2011,6,9,19,326
2,0,1,1,13.94,15.15,36,27.9993,2012,4,11,0,30
4,0,1,1,17.22,21.21,62,8.9981,2012,10,11,21,260
2,0,1,2,27.06,31.06,74,19.0012,2012,5,4,14,242
3,0,1,1,32.8,35.605,36,6.0032,2012,8,13,16,464
2,0,1,1,27.06,29.545,89,8.9981,2011,6,8,0,41
2,0,1,2,23.78,27.275,83,6.0032,2012,5,14,21,152
1,0,1,2,9.84,12.88,85,7.0015,2011,3,9,6,49
3,0,0,1,22.14,25.76,60,0.0,2012,9,15,23,229
4,0,0,1,25.42,31.06,50,8.9981,2011,10,8,17,393
1,0,0,1,18.04,21.97,54,19.9995,2012,1,1,14,267
4,0,0,2,14.76,17.425,87,8.9981,2012,12,16,9,132
2,0,0,2,20.5,24.24,88,8.9981,2011,5,14,1,82
4,0,1,1,18.04,21.97,54,11.0014,2011,11,1,17,506
2,0,0,3,20.5,24.24,88,31.0009,2011,4,16,16,33
2,0,1,2,22.14,25.76,83,15.0013,2012,6,18,9,250
4,0,0,1,14.76,18.18,57,6.0032,2012,10,13,0,249
3,0,1,1,28.7,33.335,74,7.0015,2012,7,16,2,15
1,0,1,1,17.22,21.21,38,19.9995,2012,1,10,15,136
3,0,0,1,36.9,40.91,37,15.0013,2012,7,1,12,433
1,0,0,3,17.22,21.21,100,30.0026,2011,3,6,7,5
4,0,1,1,14.76,17.425,34,8.9981,2012,12,13,15,280
2,0,1,1,21.32,25.0,77,6.0032,2012,6,7,2,12
1,0,1,1,14.76,17.425,50,11.0014,2012,3,2,10,132
4,0,0,1,14.76,18.18,81,6.0032,2011,11,6,21,88
4,0,0,1,9.84,11.365,70,15.0013,2012,11,17,6,21
2,0,1,1,19.68,23.485,55,16.9979,2011,4,7,18,333
4,0,0,1,13.12,16.665,53,0.0,2012,11,4,9,217
4,0,0,1,10.66,11.365,48,26.0027,2011,12,17,18,157
2,0,1,1,31.16,32.575,22,35.0008,2011,4,4,16,189
4,0,1,1,15.58,19.695,46,26.0027,2012,11,13,14,203
4,0,1,1,18.86,22.725,55,0.0,2012,10,16,20,432
1,0,1,2,10.66,15.15,52,0.0,2012,3,5,12,137
1,0,0,1,10.66,15.15,41,0.0,2011,2,12,21,51
1,0,0,2,18.86,22.725,82,11.0014,2012,3,18,13,544
3,0,1,1,24.6,29.545,73,6.0032,2011,9,1,1,21
1,0,0,2,18.04,21.97,67,16.9979,2011,3,5,12,167
3,0,0,1,26.24,30.305,69,15.0013,2011,7,17,2,94
2,0,1,1,17.22,21.21,47,19.9995,2012,4,12,11,224
4,0,1,2,18.86,22.725,72,6.0032,2011,12,5,15,148
4,0,0,3,14.76,18.18,81,6.0032,2011,10,2,22,64
1,0,0,3,9.02,12.12,93,7.0015,2012,2,11,9,90
3,0,0,1,27.88,31.82,57,0.0,2011,7,2,8,132
4,0,0,1,10.66,13.635,87,7.0015,2012,11,10,7,71
1,0,1,1,20.5,24.24,48,19.0012,2011,3,17,16,142
2,0,1,1,34.44,37.88,44,8.9981,2011,6,10,12,207
2,0,1,1,17.22,21.21,30,19.0012,2012,4,6,23,113
1,0,1,1,8.2,8.335,47,27.9993,2011,1,12,15,49
3,0,1,3,26.24,28.79,83,0.0,2011,8,19,2,8
4,1,0,1,13.94,15.91,53,16.9979,2011,11,11,0,66
1,0,0,1,13.94,15.15,42,23.9994,2012,3,4,12,327
4,0,1,2,29.52,33.335,58,0.0,2012,10,3,16,478
1,0,1,1,14.76,17.425,23,12.998,2012,2,13,17,407
2,0,0,1,26.24,31.06,53,6.0032,2012,6,9,1,123
3,0,1,2,29.52,34.85,74,0.0,2011,7,6,11,127
1,0,1,1,25.42,31.06,38,43.9989,2012,3,8,17,597
1,0,1,2,13.12,15.91,70,11.0014,2011,2,7,17,216
3,0,0,3,26.24,28.79,89,0.0,2012,9,1,21,104
4,0,1,1,22.14,25.76,37,23.9994,2012,10,12,11,313
3,0,1,1,26.24,28.79,89,8.9981,2012,7,11,4,7
2,0,1,2,29.52,33.335,58,12.998,2012,6,11,22,164
3,0,1,1,35.26,39.395,41,8.9981,2012,8,2,14,225
2,0,1,1,22.96,26.515,52,8.9981,2011,5,11,19,401
1,0,1,1,13.12,15.15,33,19.9995,2012,3,9,23,86
2,0,1,1,25.42,31.06,41,32.9975,2012,6,4,14,270
4,0,0,2,15.58,19.695,87,12.998,2012,12,9,14,232
2,0,1,1,22.14,25.76,68,6.0032,2011,5,11,10,154
2,0,1,1,28.7,32.575,65,6.0032,2012,6,19,12,292
1,0,1,1,9.84,11.365,35,12.998,2011,2,11,13,110
4,0,1,2,15.58,19.695,43,19.9995,2012,11,2,19,374
1,0,1,2,12.3,15.15,93,11.0014,2011,3,16,4,1
1,1,0,1,9.84,12.88,35,0.0,2012,1,2,9,68
2,0,0,1,26.24,31.06,50,0.0,2012,5,19,21,259
3,0,1,1,34.44,39.395,49,19.0012,2012,7,16,13,239
1,0,1,1,13.12,17.425,45,0.0,2012,2,7,7,299
4,0,1,2,22.96,26.515,64,19.0012,2011,11,15,10,138
1,0,1,2,13.94,14.395,42,35.0008,2012,3,9,9,284
2,0,1,2,29.52,35.605,84,6.0032,2011,6,9,6,118
3,0,1,1,31.16,34.85,52,12.998,2012,7,2,8,568
2,0,1,1,27.06,31.06,61,12.998,2012,5,3,15,283
2,0,1,2,17.22,21.21,77,0.0,2012,4,18,18,505
2,0,1,2,27.06,31.06,50,12.998,2012,5,9,16,357
1,0,1,2,9.84,11.365,70,15.0013,2012,2,8,8,508
1,0,1,1,12.3,15.15,49,8.9981,2011,3,1,19,119
2,0,1,2,16.4,20.455,100,19.9995,2011,4,13,1,1
2,0,0,1,25.42,31.06,41,16.9979,2012,6,2,13,679
1,0,1,1,5.74,7.575,50,8.9981,2012,1,19,2,3
1,0,1,1,18.04,21.97,44,15.0013,2012,3,12,11,150
2,0,0,1,20.5,24.24,34,26.0027,2011,4,17,13,343
3,0,1,1,29.52,34.85,74,6.0032,2011,9,9,14,148
2,0,1,2,22.96,26.515,94,12.998,2012,5,9,7,418
4,0,1,3,25.42,27.275,94,0.0,2012,10,3,0,52
4,0,1,1,14.76,18.94,81,0.0,2011,11,8,23,48
3,0,1,1,16.4,20.455,71,19.0012,2011,9,16,2,10
3,0,1,2,29.52,34.85,74,8.9981,2012,8,6,4,11
2,0,1,1,32.8,37.88,55,15.0013,2012,6,19,16,334
1,0,1,1,14.76,18.94,50,0.0,2012,1,6,23,101
3,0,0,1,29.52,34.85,79,8.9981,2012,7,14,18,351
1,0,1,1,13.12,17.425,39,0.0,2011,3,1,13,78
1,0,0,2,10.66,12.12,65,19.0012,2012,2,5,10,148
4,0,0,1,14.76,18.18,50,6.0032,2012,10,13,9,266
3,0,0,1,18.86,22.725,82,11.0014,2011,9,17,23,136
3,0,1,1,31.16,34.09,45,7.0015,2012,7,12,11,215
2,0,0,1,30.34,34.09,55,8.9981,2012,5,5,13,524
3,1,0,1,36.9,40.91,37,11.0014,2012,7,4,14,547
2,0,1,2,24.6,29.545,73,12.998,2012,6,18,16,332
3,0,1,1,30.34,34.85,66,12.998,2012,9,6,15,270
3,0,1,1,33.62,37.12,43,7.0015,2011,7,5,13,203
2,0,1,2,26.24,31.06,53,16.9979,2012,5,9,13,266
1,0,1,2,13.12,17.425,62,0.0,2011,2,7,12,66
3,0,0,1,27.06,30.305,78,15.0013,2011,8,6,2,53
3,0,1,2,27.06,31.06,65,15.0013,2011,9,14,21,213
4,0,0,1,15.58,19.695,62,15.0013,2011,11,19,23,93
1,0,1,1,14.76,17.425,66,8.9981,2011,3,17,8,299
2,0,0,1,26.24,31.06,38,16.9979,2012,6,2,16,644
1,0,1,1,7.38,9.09,55,12.998,2011,1,14,10,44
2,0,0,1,17.22,21.21,44,30.0026,2011,4,17,10,211
4,0,1,1,13.12,15.15,53,16.9979,2012,11,16,22,162
2,0,1,2,21.32,25.0,68,22.0028,2012,5,8,4,5
2,0,1,2,13.12,15.15,49,19.9995,2012,4,11,9,302
4,0,1,1,22.96,26.515,37,11.0014,2011,11,7,14,145
4,0,1,2,21.32,25.0,88,7.0015,2011,10,11,3,3
3,0,1,3,27.06,29.545,89,19.9995,2011,9,8,15,139
1,0,0,2,18.86,22.725,94,22.0028,2011,3,6,12,79
3,0,0,3,30.34,35.605,74,8.9981,2012,9,2,15,355
2,0,1,2,22.14,25.76,88,16.9979,2011,5,17,23,56
3,0,1,2,27.06,31.06,57,12.998,2011,9,1,21,177
4,0,1,2,17.22,21.21,100,15.0013,2012,12,10,9,284
1,0,1,1,24.6,31.06,35,19.0012,2012,2,1,15,194
4,0,1,2,18.04,21.97,47,23.9994,2012,12,5,10,141
3,0,0,1,33.62,38.635,52,30.0026,2012,9,8,14,626
1,0,1,1,22.96,26.515,60,6.0032,2012,3,13,22,170
4,0,1,1,22.96,26.515,56,19.9995,2011,11,14,12,202
2,0,0,1,28.7,31.82,39,26.0027,2012,4,15,15,617
4,1,0,1,11.48,12.88,45,22.0028,2011,11,11,6,46
1,0,1,1,8.2,9.85,59,15.0013,2012,2,9,9,238
1,0,1,1,9.02,12.88,64,6.0032,2011,1,4,22,35
2,0,0,1,29.52,32.575,39,23.9994,2012,4,15,16,616
2,0,1,1,25.42,31.06,41,12.998,2012,5,18,12,360
2,0,1,2,9.84,11.365,93,16.9979,2011,4,1,3,4
3,0,1,2,31.16,34.09,45,8.9981,2012,7,13,11,288
3,0,1,2,29.52,34.85,74,0.0,2012,8,7,21,317
2,0,0,2,21.32,25.0,100,0.0,2011,5,15,3,32
3,0,1,1,28.7,33.335,74,16.9979,2011,7,11,7,317
4,0,1,1,9.84,12.88,70,7.0015,2012,12,7,0,48
1,0,0,2,13.94,16.665,93,12.998,2011,3,5,10,103
3,0,1,1,31.16,34.85,55,0.0,2012,7,5,7,343
3,0,1,1,22.14,25.76,60,23.9994,2012,9,10,2,17
3,0,1,1,22.14,25.76,77,0.0,2012,9,14,3,14
3,0,0,1,32.8,37.12,49,22.0028,2011,7,10,19,303
1,0,1,1,8.2,9.85,44,16.9979,2012,3,6,1,6
3,0,1,3,28.7,33.335,84,7.0015,2011,8,3,20,87
3,0,0,1,27.06,31.06,54,15.0013,2012,8,12,8,119
2,0,0,1,26.24,31.06,57,15.0013,2012,5,13,12,531
1,0,0,1,21.32,25.0,27,19.9995,2012,3,11,17,498
3,0,0,1,31.98,37.88,66,8.9981,2012,7,7,0,150
3,0,1,1,33.62,37.88,46,11.0014,2012,8,1,14,263
1,0,1,1,8.2,9.85,51,12.998,2012,1,19,12,111
1,0,1,1,4.1,6.82,42,0.0,2011,2,9,8,199
3,0,0,1,33.62,38.635,52,11.0014,2012,7,15,11,451
4,0,0,1,9.84,11.365,56,16.9979,2011,11,19,5,2
4,0,1,1,18.04,21.97,77,0.0,2011,12,5,18,399
4,0,0,1,21.32,25.0,77,0.0,2011,10,8,21,187
1,0,0,3,4.1,3.79,68,26.0027,2012,2,12,0,21
4,1,0,1,14.76,16.665,37,27.9993,2011,11,11,15,216
2,0,1,2,19.68,23.485,77,35.0008,2011,4,12,15,78
4,0,0,2,12.3,15.91,87,6.0032,2012,12,2,0,117
1,0,1,1,20.5,24.24,42,12.998,2011,3,17,17,313
1,0,1,1,11.48,13.635,36,11.0014,2011,1,6,14,70
2,0,1,2,13.94,15.15,49,22.0028,2012,4,11,10,153
2,0,0,1,14.76,17.425,71,11.0014,2011,4,17,5,3
4,0,1,1,17.22,21.21,62,12.998,2011,10,6,7,302
4,0,0,1,22.96,26.515,83,11.0014,2012,10,6,0,191
4,0,0,1,25.42,31.06,35,0.0,2011,10,8,12,446
3,0,1,1,26.24,28.79,83,7.0015,2012,8,1,3,7
2,0,1,1,30.34,34.09,56,8.9981,2011,6,7,20,346
2,0,0,1,23.78,27.275,64,7.0015,2012,6,9,7,87
1,0,1,2,25.42,31.06,43,43.0006,2012,3,8,14,203
2,0,1,1,21.32,25.0,55,7.0015,2012,4,19,21,267
3,0,1,1,31.16,37.12,75,12.998,2012,9,5,18,839
1,0,1,1,10.66,13.635,65,8.9981,2011,3,14,3,3
2,0,1,1,28.7,32.575,54,8.9981,2012,5,1,19,487
4,0,1,2,20.5,24.24,88,7.0015,2012,12,10,16,345
2,0,1,1,24.6,31.06,33,27.9993,2012,4,17,11,239
2,0,1,1,19.68,23.485,63,16.9979,2011,5,9,7,237
4,0,1,2,18.86,22.725,59,32.9975,2011,12,15,12,157
4,0,1,1,13.12,16.665,61,8.9981,2012,12,14,20,221
4,0,0,1,18.86,22.725,88,6.0032,2011,10,9,0,129
3,0,1,1,30.34,34.85,70,12.998,2012,8,2,22,262
1,0,1,1,21.32,25.0,23,19.9995,2011,3,2,14,96
1,0,0,1,18.04,21.97,44,27.9993,2011,3,19,6,10
2,1,0,1,23.78,27.275,68,12.998,2012,4,16,3,8
3,0,1,1,26.24,31.06,61,11.0014,2011,7,15,23,167
4,0,0,1,17.22,21.21,38,12.998,2012,11,17,14,555
1,0,1,1,17.22,21.21,62,15.0013,2011,3,17,21,138
1,0,1,1,17.22,21.21,77,11.0014,2012,1,12,14,156
3,0,0,1,26.24,28.79,83,6.0032,2012,8,11,7,62
3,0,1,1,31.16,34.85,52,7.0015,2011,7,5,10,139
2,0,1,1,15.58,19.695,66,19.0012,2011,4,4,3,1
3,0,1,1,32.8,36.365,43,12.998,2011,8,9,20,292
1,0,0,1,4.92,5.305,36,26.0027,2011,1,8,22,34
1,0,1,2,9.84,12.88,70,11.0014,2012,2,8,9,253
3,0,0,1,34.44,41.665,59,12.998,2012,7,7,22,220
2,0,1,1,28.7,32.575,61,12.998,2012,5,3,19,522
2,0,1,1,15.58,19.695,43,19.0012,2012,4,5,4,1
2,0,0,2,20.5,24.24,88,8.9981,2012,5,6,8,114
3,0,1,1,31.98,36.365,55,15.0013,2012,7,6,1,29
4,0,1,2,14.76,17.425,81,12.998,2011,11,3,9,164
3,0,1,2,27.88,31.82,79,7.0015,2012,7,10,6,187
3,0,1,1,29.52,34.85,74,19.0012,2012,8,10,22,218
2,0,0,2,32.8,36.365,46,19.0012,2011,6,18,14,334
3,0,0,2,26.24,30.305,65,0.0,2012,8,19,15,276
3,0,1,1,34.44,36.365,32,12.998,2012,7,2,12,257
2,0,0,1,24.6,31.06,49,0.0,2011,5,8,15,358
4,0,1,1,9.84,14.395,75,0.0,2011,12,2,2,10
4,0,1,3,18.04,21.97,88,19.0012,2011,11,16,21,75
1,0,1,2,13.12,15.15,87,19.0012,2012,1,17,12,86
2,0,1,1,27.06,31.06,65,16.9979,2012,5,16,20,459
4,0,1,2,15.58,19.695,58,11.0014,2012,11,15,15,217
3,1,0,1,28.7,32.575,61,7.0015,2012,7,4,8,153
4,0,1,1,14.76,16.665,50,16.9979,2012,12,18,20,268
3,0,1,1,30.34,33.335,48,8.9981,2012,8,16,10,199
1,0,1,1,16.4,20.455,65,12.998,2011,3,16,23,27
3,0,1,1,27.88,31.82,69,7.0015,2011,8,2,6,117
4,0,1,2,14.76,18.18,87,6.0032,2011,12,5,10,87
3,0,1,1,31.98,34.85,46,16.9979,2011,8,9,21,230
3,0,1,3,27.06,29.545,89,16.9979,2012,7,19,22,68
1,0,0,1,10.66,11.365,35,27.9993,2012,3,10,10,223
3,0,0,2,29.52,34.09,70,6.0032,2012,7,14,10,401
2,0,1,1,21.32,25.0,68,0.0,2012,6,6,1,27
3,0,0,3,28.7,33.335,84,19.0012,2011,8,6,23,108
4,0,1,3,23.78,27.275,83,7.0015,2012,10,2,6,179
3,0,1,1,21.32,25.0,48,11.0014,2012,9,19,20,409
3,0,1,2,33.62,37.88,46,16.9979,2011,8,2,20,288
1,0,1,1,18.04,21.97,94,0.0,2012,3,19,4,3
3,0,1,1,33.62,37.12,43,15.0013,2012,7,3,10,209
1,0,1,1,9.02,11.365,55,12.998,2011,3,8,8,257
4,0,0,2,17.22,21.21,71,23.9994,2011,10,1,14,180
2,0,1,2,20.5,24.24,42,15.0013,2012,4,18,3,6
2,0,1,3,27.06,30.305,83,12.998,2012,6,12,13,59
1,0,1,1,7.38,7.575,47,27.9993,2011,1,12,19,83
2,0,1,2,18.86,22.725,88,15.0013,2011,5,12,0,44
4,1,0,1,15.58,19.695,37,36.9974,2011,11,11,13,236
1,0,0,1,9.84,14.395,75,0.0,2012,2,4,3,18
1,0,1,1,13.94,16.665,53,11.0014,2012,2,15,21,178
1,0,1,2,17.22,21.21,94,0.0,2012,3,1,6,109
1,0,1,2,13.94,15.15,76,22.0028,2011,3,9,19,134
4,0,1,1,22.96,26.515,52,12.998,2012,10,17,16,466
4,0,1,2,14.76,16.665,53,23.9994,2012,12,11,11,173
4,0,0,2,15.58,19.695,66,16.9979,2012,11,18,17,280
2,0,1,2,27.06,29.545,89,19.0012,2012,6,12,16,239
4,0,0,1,21.32,25.0,48,27.9993,2012,10,6,18,495
4,0,1,3,22.14,25.76,94,19.9995,2011,10,12,3,2
3,1,0,2,31.98,34.85,43,6.0032,2012,7,4,23,183
3,0,0,1,36.08,40.15,40,26.0027,2012,8,4,14,472
1,0,1,1,13.94,14.395,46,35.0008,2012,1,18,4,1
2,1,0,1,25.42,30.305,69,15.0013,2012,4,16,9,297
1,0,1,2,24.6,31.06,43,12.998,2012,3,12,18,712
1,0,0,2,10.66,12.12,81,19.0012,2012,2,11,13,235
3,0,1,1,24.6,28.79,78,11.0014,2012,8,16,6,165
4,0,1,1,12.3,16.665,87,0.0,2011,11,9,7,300
1,0,1,1,26.24,31.06,53,15.0013,2012,3,19,17,721
3,0,0,1,30.34,32.575,40,8.9981,2012,8,12,19,465
1,0,0,2,17.22,21.21,88,7.0015,2012,3,18,8,96
3,0,1,1,27.88,31.82,79,6.0032,2012,7,16,3,6
3,0,0,1,28.7,33.335,84,11.0014,2011,8,14,20,193
4,0,0,1,24.6,31.06,43,35.0008,2012,10,6,16,659
3,0,1,1,31.16,34.85,55,16.9979,2011,9,14,13,178
2,0,1,1,26.24,31.06,31,23.9994,2011,4,18,18,362
1,0,0,1,16.4,20.455,35,23.9994,2011,2,13,21,51
2,0,1,1,22.96,26.515,52,27.9993,2011,6,14,7,365
1,0,1,1,18.86,22.725,24,26.0027,2012,3,9,17,566
1,0,1,1,6.56,9.09,86,7.0015,2012,2,6,7,234
2,0,0,2,29.52,33.335,58,8.9981,2011,6,18,20,188
1,0,1,1,26.24,31.06,38,46.0022,2012,3,8,15,185
2,0,1,1,25.42,31.06,53,11.0014,2012,6,8,9,382
3,0,1,1,34.44,40.15,53,22.0028,2011,7,18,15,164
3,0,0,1,36.9,42.425,42,19.9995,2011,8,7,13,324
2,0,1,1,13.12,16.665,53,8.9981,2011,4,1,21,93
4,0,1,3,26.24,28.79,89,0.0,2012,10,4,0,76
2,0,0,3,16.4,20.455,87,23.9994,2011,4,16,8,45
1,0,1,1,14.76,16.665,43,16.9979,2012,2,6,19,291
2,0,1,3,22.96,26.515,60,11.0014,2012,6,4,1,14
4,0,0,1,13.12,16.665,81,8.9981,2011,12,4,10,216
3,0,1,2,31.16,36.365,66,0.0,2012,8,8,9,341
3,0,0,1,29.52,34.85,74,6.0032,2011,8,7,18,229
2,0,1,3,14.76,16.665,76,19.0012,2011,4,8,13,42
2,0,1,1,18.04,21.97,77,11.0014,2011,5,2,4,17
4,0,0,1,12.3,16.665,81,0.0,2012,11,10,3,20
1,0,1,2,9.02,12.88,60,6.0032,2012,3,5,9,197
3,0,1,3,25.42,25.76,100,6.0032,2011,9,8,23,26
4,0,0,1,10.66,15.15,35,0.0,2011,12,11,11,197
4,0,0,1,17.22,21.21,38,16.9979,2012,11,17,13,525
1,0,1,1,10.66,14.395,65,6.0032,2011,3,9,0,9
2,0,1,1,19.68,23.485,36,30.0026,2012,4,12,13,203
4,0,1,2,12.3,15.91,65,6.0032,2012,11,16,5,36
1,0,0,2,18.86,22.725,82,7.0015,2012,3,18,2,56
3,0,1,1,25.42,30.305,61,8.9981,2011,7,1,6,108
2,0,1,2,23.78,27.275,60,26.0027,2011,5,3,22,113
4,0,1,2,14.76,17.425,81,11.0014,2011,11,1,2,4
4,0,0,1,14.76,17.425,43,15.0013,2012,11,4,18,237
2,0,1,2,28.7,33.335,84,0.0,2011,6,9,5,20
4,0,1,2,11.48,15.91,93,0.0,2011,11,7,6,99
4,0,0,2,13.94,17.425,76,7.0015,2012,12,1,17,320
4,0,1,3,14.76,18.18,100,6.0032,2012,12,10,0,20
4,0,0,1,13.94,18.18,81,0.0,2012,11,11,3,48
1,0,1,3,9.02,13.635,55,0.0,2011,1,7,5,5
1,0,0,1,18.04,21.97,44,15.0013,2012,1,7,21,140
4,0,1,3,23.78,27.275,88,8.9981,2012,10,2,10,45
1,0,1,3,13.12,16.665,70,7.0015,2012,2,16,11,71
1,0,1,1,24.6,30.305,60,26.0027,2012,3,13,13,233
4,0,1,2,14.76,18.18,57,6.0032,2011,12,14,12,144
2,0,1,1,22.96,26.515,83,11.0014,2012,6,15,4,14
3,0,1,1,27.06,31.06,50,11.0014,2011,8,11,23,127
1,0,1,1,12.3,14.395,81,15.0013,2011,3,11,5,7
2,0,1,1,18.86,22.725,67,19.0012,2011,4,19,2,13
1,0,1,1,8.2,11.365,47,6.0032,2011,2,3,20,109
1,0,0,3,14.76,18.94,93,0.0,2012,3,3,8,48
1,0,0,1,17.22,21.21,19,40.9973,2011,2,19,17,127
3,0,1,1,32.8,37.12,49,7.0015,2011,8,9,19,371
1,0,1,1,13.94,15.15,53,22.0028,2011,3,2,11,73
1,0,0,1,12.3,13.635,45,22.0028,2011,2,13,10,105
3,0,1,1,32.8,38.635,59,8.9981,2011,7,5,19,368
4,0,1,2,14.76,17.425,93,8.9981,2012,12,17,7,319
1,0,1,1,9.02,9.85,55,27.9993,2011,3,1,9,124
4,0,0,2,12.3,16.665,87,0.0,2012,12,1,22,147
2,0,1,1,20.5,24.24,72,7.0015,2012,6,8,5,29
3,0,0,1,30.34,34.09,62,7.0015,2012,9,1,0,168
4,0,0,1,25.42,30.305,69,19.0012,2012,10,6,10,539
2,0,0,2,12.3,14.395,93,15.0013,2011,4,9,5,5
3,0,1,3,24.6,25.76,94,12.998,2012,9,18,2,4
3,0,0,1,27.88,31.82,79,15.0013,2011,7,3,8,92
2,0,0,2,14.76,17.425,81,8.9981,2012,4,1,9,275
2,0,1,1,13.94,15.91,49,16.9979,2012,4,6,4,5
1,0,1,1,9.02,10.605,41,19.0012,2011,1,14,14,64
2,0,0,2,18.86,22.725,82,0.0,2011,5,1,21,105
1,0,0,2,6.56,11.365,59,0.0,2011,1,15,3,8
1,0,0,1,21.32,25.0,72,6.0032,2012,3,18,21,173
4,0,1,1,17.22,21.21,82,0.0,2011,10,7,5,27
1,0,1,1,6.56,6.82,47,19.9995,2012,1,18,23,38
1,1,0,1,14.76,16.665,43,27.9993,2012,1,2,1,12
3,0,1,2,30.34,34.85,70,11.0014,2011,7,19,7,315
4,0,1,1,18.04,21.97,77,7.0015,2012,10,1,6,155
2,0,1,1,28.7,31.82,45,11.0014,2012,6,15,12,403
3,0,1,1,18.86,22.725,55,16.9979,2011,9,16,9,210
3,0,1,1,37.72,40.91,29,0.0,2012,7,17,17,770
1,0,1,1,19.68,23.485,39,15.0013,2012,3,12,12,221
2,0,1,1,18.86,22.725,82,6.0032,2011,5,9,3,7
1,0,0,1,9.84,11.365,48,15.0013,2011,1,15,12,89
3,1,0,1,26.24,28.79,83,0.0,2011,7,4,2,63
4,0,1,3,13.12,15.15,81,22.0028,2012,11,13,9,110
1,0,1,1,6.56,6.06,55,30.0026,2011,1,12,22,33
3,0,1,1,31.16,34.85,55,16.9979,2011,7,13,7,313
3,0,1,1,30.34,33.335,51,15.0013,2012,8,15,18,848
2,0,1,1,22.14,25.76,34,19.9995,2012,4,9,18,646
3,0,0,1,29.52,34.85,74,15.0013,2011,8,14,19,259
4,0,0,2,10.66,14.395,75,6.0032,2012,12,15,8,119
3,0,1,1,26.24,30.305,73,15.0013,2011,8,18,4,9
1,0,1,1,19.68,23.485,72,12.998,2012,3,15,23,97
3,0,1,1,30.34,34.85,66,11.0014,2011,7,5,23,73
4,0,1,1,18.86,22.725,82,12.998,2012,10,18,2,14
4,0,1,2,22.14,25.76,60,8.9981,2011,11,15,15,191
3,0,0,1,32.8,37.88,55,32.9975,2012,9,8,12,694
4,0,1,2,13.12,16.665,57,6.0032,2011,12,12,16,214
3,0,1,1,25.42,31.06,50,8.9981,2011,8,12,6,76
1,0,1,1,4.1,6.06,74,11.0014,2011,1,14,7,70
3,0,1,1,26.24,29.545,78,11.0014,2011,9,13,21,245
3,0,0,1,39.36,43.18,31,23.9994,2012,7,7,12,342
1,0,0,1,10.66,15.15,56,0.0,2011,1,16,0,39
1,0,1,1,15.58,19.695,43,35.0008,2012,2,2,19,327
1,0,1,1,21.32,25.0,55,26.0027,2011,2,17,21,124
4,0,1,2,14.76,17.425,62,11.0014,2011,12,14,18,390
4,0,1,1,14.76,17.425,46,12.998,2012,11,16,17,580
4,0,1,1,9.02,10.605,51,19.9995,2012,12,6,7,389
4,0,1,1,22.96,26.515,60,7.0015,2011,10,18,19,317
3,0,1,1,36.08,38.635,32,15.0013,2012,8,9,15,267
3,0,0,1,27.06,30.305,78,11.0014,2011,9,4,8,70
4,0,0,1,18.04,21.97,54,8.9981,2012,11,10,18,359
3,0,1,1,27.88,31.82,82,8.9981,2012,9,4,2,5
2,0,1,1,23.78,27.275,60,15.0013,2011,5,12,11,179
4,0,0,2,13.94,16.665,81,11.0014,2012,12,2,12,520
1,0,1,1,5.74,7.575,63,8.9981,2011,1,4,2,1
2,0,1,2,24.6,28.79,78,16.9979,2012,5,9,1,14
3,0,1,1,36.08,37.88,28,7.0015,2012,7,6,12,331
2,0,1,1,27.88,31.82,41,7.0015,2012,6,8,22,291
3,0,1,1,31.98,34.85,40,11.0014,2012,8,13,13,254
4,0,0,2,10.66,12.12,56,19.0012,2011,12,17,6,17
2,1,0,1,18.04,21.97,62,19.9995,2011,4,15,8,300
1,0,0,1,10.66,13.635,75,7.0015,2012,1,7,5,9
4,0,1,1,13.94,17.425,53,6.0032,2012,12,14,19,319
2,0,0,1,20.5,24.24,72,12.998,2012,6,2,5,12
1,0,1,1,7.38,9.85,59,8.9981,2012,3,5,7,260
2,0,1,1,9.84,12.12,70,8.9981,2011,4,6,2,5
1,0,1,2,11.48,14.395,96,8.9981,2012,2,17,6,71
1,0,0,1,22.14,25.76,68,11.0014,2012,3,17,21,223
2,0,0,3,18.86,22.725,94,35.0008,2011,4,16,13,58
3,0,0,1,31.16,34.85,52,11.0014,2011,7,9,10,264
4,0,1,1,14.76,17.425,57,15.0013,2012,12,19,20,241
2,0,1,2,24.6,29.545,73,22.0028,2011,4,11,12,134
3,0,1,2,30.34,34.09,55,12.998,2011,8,3,9,195
4,0,0,1,24.6,31.06,33,31.0009,2011,10,15,14,472
2,0,1,1,18.04,21.97,62,16.9979,2011,4,13,20,126
3,0,1,2,31.98,37.12,62,11.0014,2012,9,5,11,217
2,0,1,1,15.58,19.695,58,16.9979,2011,5,5,7,271
4,0,1,3,18.86,22.725,100,15.0013,2011,12,7,2,6
1,0,1,2,16.4,20.455,71,19.0012,2012,1,13,0,42
4,0,1,2,16.4,20.455,76,7.0015,2011,12,5,12,154
2,0,0,1,22.96,26.515,88,0.0,2012,5,5,7,87
4,0,1,1,22.14,25.76,77,0.0,2012,10,5,4,11
1,0,1,2,16.4,20.455,87,11.0014,2012,3,16,6,99
1,0,1,1,25.42,31.06,29,39.0007,2011,2,18,19,162
2,0,1,2,25.42,29.545,73,6.0032,2012,6,1,4,6
2,0,1,2,18.86,22.725,88,8.9981,2012,5,7,4,2
2,0,1,1,22.96,26.515,21,35.0008,2012,4,10,17,744
3,0,1,1,27.06,30.305,83,6.0032,2011,7,8,19,270
1,0,0,1,4.1,3.03,42,31.0009,2011,1,9,1,12
3,0,1,2,26.24,28.03,94,15.0013,2011,9,8,11,98
2,0,1,1,21.32,25.0,88,15.0013,2011,5,3,4,4
3,0,0,1,26.24,31.06,57,19.9995,2012,9,9,10,495
3,0,1,1,28.7,33.335,79,6.0032,2011,7,12,5,25
4,0,0,1,12.3,14.395,52,19.0012,2012,11,4,22,79
2,0,1,2,29.52,33.335,48,7.0015,2012,5,16,15,274
1,1,0,1,16.4,20.455,40,31.0009,2012,1,2,0,39
1,0,1,2,12.3,15.91,93,7.0015,2011,3,16,6,31
2,0,0,1,27.06,31.06,44,19.0012,2012,4,15,13,681
3,0,1,1,24.6,28.03,83,6.0032,2011,9,14,4,9
1,0,1,2,9.84,12.12,75,8.9981,2011,2,1,16,64
1,0,1,1,12.3,12.88,39,32.9975,2012,1,18,12,161
1,0,1,1,27.06,31.06,36,22.0028,2011,2,18,15,172
4,0,0,1,10.66,12.12,38,19.0012,2011,12,10,19,154
2,0,1,1,16.4,20.455,43,0.0,2012,4,6,0,61
1,0,1,1,11.48,13.635,56,11.0014,2012,3,6,22,106
2,0,1,1,37.72,43.94,40,12.998,2011,6,9,14,118
3,0,1,1,26.24,29.545,78,7.0015,2011,7,18,5,17
3,0,1,1,20.5,24.24,82,0.0,2012,9,13,6,195
2,0,1,3,21.32,25.0,83,8.9981,2012,6,18,5,23
1,0,1,1,18.86,22.725,88,12.998,2012,3,19,7,354
1,0,1,1,27.06,31.06,44,8.9981,2011,3,18,19,190
1,0,1,1,13.12,15.15,36,19.9995,2012,2,9,15,134
1,0,1,1,8.2,11.365,51,6.0032,2012,1,5,1,5
4,0,0,1,10.66,14.395,81,6.0032,2012,12,1,4,5
4,0,1,1,12.3,15.91,87,7.0015,2011,12,5,5,25
3,0,0,2,28.7,32.575,65,11.0014,2011,8,13,8,118
3,0,1,1,27.88,31.82,74,16.9979,2012,9,6,19,558
3,0,0,3,30.34,34.85,66,23.9994,2012,8,11,17,512
3,0,0,1,27.06,29.545,89,0.0,2012,9,2,2,84
2,0,1,2,18.86,22.725,88,7.0015,2012,5,3,1,24
1,0,1,1,12.3,15.15,22,8.9981,2011,2,15,18,212
4,0,1,3,11.48,13.635,81,11.0014,2012,12,7,7,215
2,0,1,1,29.52,33.335,51,0.0,2011,5,16,15,165
1,0,1,1,18.86,22.725,36,15.0013,2012,1,6,17,476
4,0,1,1,9.84,11.365,44,15.0013,2011,11,18,2,10
2,0,1,2,18.86,22.725,41,32.9975,2012,4,9,22,108
4,0,1,2,12.3,15.15,61,11.0014,2012,11,16,7,367
3,0,1,1,28.7,32.575,61,12.998,2012,8,15,0,60
3,0,1,1,35.26,40.91,50,12.998,2011,7,19,14,152
3,0,1,1,28.7,33.335,84,6.0032,2012,9,5,23,150
1,1,0,1,10.66,11.365,35,26.0027,2012,1,2,17,153
2,0,0,1,26.24,31.06,36,11.0014,2012,6,2,19,554
3,0,1,1,29.52,34.09,70,19.0012,2012,8,10,23,192
3,0,1,1,35.26,37.12,30,15.0013,2011,8,2,13,203
3,0,0,3,25.42,29.545,78,6.0032,2012,8,19,21,190
2,0,1,3,21.32,25.0,88,8.9981,2012,6,18,6,37
3,0,1,2,31.16,34.85,55,6.0032,2011,8,3,5,24
3,0,1,1,37.72,40.91,29,0.0,2012,7,6,17,576
1,0,1,1,27.06,31.06,39,16.9979,2011,3,18,14,174
4,0,1,1,16.4,20.455,82,6.0032,2011,11,3,23,95
3,0,1,1,28.7,33.335,84,0.0,2012,8,8,0,58
4,0,1,2,18.86,22.725,88,6.0032,2012,10,10,6,175
4,0,0,1,16.4,20.455,62,22.0028,2012,11,18,13,447
2,0,0,1,25.42,31.06,57,7.0015,2012,6,17,11,546
4,0,1,1,14.76,18.94,81,0.0,2011,10,3,3,7
4,0,1,2,16.4,20.455,82,7.0015,2011,10,3,23,54
3,0,1,2,28.7,32.575,65,19.0012,2012,8,15,8,682
3,0,1,1,16.4,20.455,71,19.0012,2011,9,16,7,299
2,0,1,1,13.94,15.91,66,16.9979,2011,5,5,5,30
3,0,0,2,23.78,27.275,78,19.9995,2012,9,8,22,194
4,0,1,2,13.12,14.395,51,23.9994,2012,11,7,11,147
1,0,1,1,12.3,13.635,61,22.0028,2012,3,7,9,264
1,1,0,1,11.48,13.635,36,16.9979,2012,1,2,12,202
1,0,1,1,4.92,7.575,54,7.0015,2012,2,13,3,1
3,0,1,1,28.7,32.575,65,8.9981,2011,8,19,9,218
4,0,1,2,29.52,34.09,70,11.0014,2012,10,3,14,251
3,0,1,1,22.96,26.515,88,0.0,2011,9,12,1,12
2,0,1,1,25.42,30.305,65,6.0032,2011,5,16,10,112
4,0,1,1,16.4,20.455,82,6.0032,2011,10,4,4,7
1,0,1,1,13.94,15.15,29,23.9994,2011,3,7,17,233
1,0,1,2,8.2,9.85,34,16.9979,2011,2,9,17,166
1,0,1,1,13.94,16.665,61,8.9981,2012,3,12,8,564
4,0,1,1,17.22,21.21,82,19.0012,2011,10,4,7,309
3,0,0,1,37.72,40.15,26,19.9995,2012,7,1,17,413
1,0,1,2,13.94,15.15,76,22.0028,2011,3,9,16,112
1,0,0,1,15.58,19.695,17,39.0007,2011,2,19,8,45
4,0,0,1,6.56,11.365,59,0.0,2011,12,11,6,10
1,0,1,1,9.02,11.365,69,12.998,2011,3,2,2,2
1,0,0,1,4.1,4.545,49,19.0012,2011,1,9,6,1
1,0,1,1,9.84,12.12,38,8.9981,2011,1,5,18,169
1,0,1,1,12.3,15.91,49,0.0,2012,2,7,8,529
4,0,1,1,23.78,27.275,56,16.9979,2011,10,17,16,302
2,0,0,1,22.96,26.515,43,8.9981,2011,5,7,20,219
1,0,1,1,22.96,26.515,43,12.998,2012,3,1,11,168
4,0,1,3,22.14,25.76,88,22.0028,2011,10,12,12,62
4,0,0,2,24.6,31.06,56,27.9993,2012,10,6,14,576
3,0,1,1,19.68,23.485,72,7.0015,2012,9,11,4,9
1,0,1,1,10.66,12.88,60,15.0013,2012,2,3,4,2
2,0,1,1,20.5,24.24,72,16.9979,2011,5,11,22,146
3,0,1,2,28.7,33.335,84,16.9979,2012,9,4,0,29
4,0,1,1,22.14,25.76,73,6.0032,2012,10,5,2,11
4,0,1,3,18.86,22.725,94,0.0,2011,11,16,8,232
4,0,1,1,12.3,16.665,93,0.0,2011,11,7,5,26
3,0,1,1,32.8,37.12,49,15.0013,2012,8,6,13,289
3,1,0,2,31.98,35.605,49,0.0,2011,7,4,13,423
4,0,1,1,22.14,25.76,64,19.0012,2011,10,4,18,524
2,0,0,2,29.52,32.575,34,16.9979,2011,6,4,17,344
1,0,1,1,9.02,9.09,37,35.0008,2011,2,15,4,1
1,0,1,1,13.12,14.395,49,27.9993,2012,2,2,22,109
2,0,1,3,24.6,28.03,83,16.9979,2011,6,16,23,16
2,0,1,1,31.16,35.605,58,11.0014,2011,6,8,9,202
1,0,1,3,14.76,17.425,0,12.998,2011,3,10,5,3
1,0,1,2,9.84,12.12,87,11.0014,2012,2,8,23,60
2,0,0,1,22.96,26.515,73,7.0015,2012,5,6,11,414
4,0,1,2,16.4,20.455,86,15.0013,2011,11,4,7,245
1,0,1,1,18.04,21.97,35,16.9979,2012,2,7,16,276
1,0,1,2,16.4,20.455,87,15.0013,2012,3,16,8,562
3,0,1,1,35.26,41.665,53,7.0015,2011,7,19,13,172
3,0,1,1,26.24,12.12,65,7.0015,2012,8,17,3,6
4,0,0,1,10.66,15.15,81,0.0,2011,12,4,2,62
4,0,0,2,14.76,16.665,46,22.0028,2012,11,3,16,400
1,0,0,1,10.66,13.635,93,8.9981,2012,1,1,6,2
3,0,1,1,28.7,33.335,79,6.0032,2011,9,9,13,122
1,0,1,1,8.2,9.09,59,22.0028,2011,3,1,7,107
2,0,0,1,30.34,34.85,66,6.0032,2011,6,18,12,420
1,0,1,1,17.22,21.21,44,15.0013,2012,3,2,13,222
2,0,1,1,20.5,24.24,77,12.998,2012,5,7,3,5
4,0,0,1,12.3,16.665,65,0.0,2012,11,4,2,37
1,0,1,2,9.02,13.635,100,0.0,2011,2,2,10,61
2,0,1,1,29.52,32.575,39,15.0013,2012,6,15,18,693
3,0,1,1,23.78,27.275,40,19.0012,2012,9,19,18,892
4,0,1,2,12.3,14.395,65,16.9979,2012,11,15,6,147
4,1,0,1,18.86,22.725,88,0.0,2011,10,10,3,11
4,0,0,1,13.12,15.15,57,16.9979,2011,12,10,10,192
2,0,0,1,25.42,31.06,46,19.9995,2012,4,15,11,528
4,0,1,1,10.66,12.12,48,19.0012,2012,12,6,0,44
4,0,1,1,13.94,16.665,66,11.0014,2011,12,14,22,104
2,0,1,1,24.6,29.545,73,12.998,2011,5,18,16,294
2,0,1,2,18.86,22.725,88,0.0,2012,5,3,3,6
2,0,1,3,26.24,30.305,73,19.0012,2012,5,15,21,109
1,0,1,1,18.04,21.97,54,22.0028,2011,3,17,10,78
2,0,1,1,18.86,22.725,28,8.9981,2012,4,2,21,238
1,0,0,2,12.3,14.395,87,12.998,2011,3,5,2,20
2,0,1,1,22.14,25.76,94,7.0015,2012,5,4,6,135
1,0,1,1,10.66,11.365,44,19.9995,2012,1,19,15,127
4,0,1,1,9.02,11.365,44,11.0014,2011,11,18,7,216
1,0,1,1,10.66,15.15,23,0.0,2011,3,3,16,71
4,0,1,1,10.66,12.88,60,11.0014,2011,12,13,9,233
4,0,1,1,16.4,20.455,87,0.0,2011,11,9,21,161
2,0,1,2,29.52,33.335,58,15.0013,2011,6,7,9,217
4,0,1,2,15.58,19.695,76,0.0,2012,12,7,19,352
4,0,0,1,9.02,12.88,75,6.0032,2011,12,3,7,26
4,0,0,1,18.86,22.725,55,7.0015,2011,10,15,0,106
4,0,1,1,13.12,15.15,45,16.9979,2011,12,8,14,137
3,0,1,3,27.06,29.545,94,6.0032,2011,8,4,3,3
3,0,1,1,27.88,31.82,57,8.9981,2011,9,12,19,436
1,0,0,1,17.22,21.21,41,19.9995,2012,3,11,13,464
4,0,1,1,12.3,13.635,49,23.9994,2012,11,13,21,187
2,0,0,1,26.24,30.305,69,8.9981,2012,6,10,2,73
2,0,0,1,23.78,27.275,64,11.0014,2012,6,16,8,204
1,0,0,1,9.02,11.365,87,8.9981,2012,2,4,6,5
3,0,1,1,27.06,31.06,74,15.0013,2011,7,5,3,8
1,0,1,1,8.2,9.85,40,16.9979,2011,3,3,19,106
4,0,1,2,15.58,19.695,82,15.0013,2012,10,9,0,31
2,0,1,3,13.94,15.15,93,23.9994,2011,5,4,7,52
3,0,1,1,20.5,24.24,77,6.0032,2012,9,17,3,7
4,0,1,2,14.76,18.18,76,7.0015,2011,10,3,5,21
4,0,0,1,7.38,12.12,55,0.0,2011,12,11,7,31
4,0,1,1,12.3,15.91,61,0.0,2012,12,19,0,41
3,0,1,1,31.98,35.605,52,16.9979,2011,8,5,13,204
3,0,1,1,27.06,31.06,50,0.0,2011,7,1,0,68
4,0,0,1,13.12,17.425,66,0.0,2011,11,5,21,118
2,0,1,3,22.14,25.76,88,7.0015,2012,6,18,10,91
1,0,0,1,17.22,21.21,35,15.0013,2011,3,19,20,108
3,0,1,2,35.26,39.395,41,15.0013,2012,7,5,20,321
4,0,1,1,14.76,17.425,50,15.0013,2012,12,14,13,313
4,0,1,1,9.02,13.635,80,0.0,2011,12,9,4,2
2,0,0,1,20.5,24.24,36,15.0013,2012,4,8,22,118
4,0,1,1,11.48,14.395,75,7.0015,2012,12,14,22,138
2,0,0,1,32.8,34.85,29,16.9979,2012,6,9,12,531
2,0,1,3,20.5,24.24,82,11.0014,2012,5,9,21,34
3,0,0,1,31.16,35.605,62,8.9981,2011,8,14,17,329
3,0,1,1,26.24,30.305,69,15.0013,2011,8,15,23,88
4,0,1,2,13.94,16.665,57,11.0014,2011,11,10,23,82
2,0,0,1,27.88,31.82,83,6.0032,2011,6,11,3,28
1,0,0,1,9.84,12.12,52,11.0014,2012,3,11,1,61
2,0,0,1,33.62,34.85,24,12.998,2012,6,9,16,534
4,0,1,1,20.5,24.24,36,8.9981,2012,10,11,16,481
4,0,1,3,22.14,25.76,100,8.9981,2011,10,19,15,120
1,0,0,2,12.3,13.635,52,19.9995,2012,3,4,6,5
4,0,1,1,12.3,16.665,45,0.0,2012,12,13,20,241
4,0,0,1,12.3,14.395,61,12.998,2012,10,13,6,28
2,0,1,1,14.76,17.425,66,12.998,2011,5,5,0,27
3,0,0,1,23.78,27.275,49,16.9979,2012,9,9,22,189
4,0,1,1,18.86,22.725,38,26.0027,2012,10,12,17,837
4,0,1,1,12.3,13.635,49,23.9994,2012,11,13,20,223
4,0,1,3,18.86,22.725,94,19.0012,2011,12,6,10,50
3,0,0,1,29.52,34.09,62,11.0014,2011,7,9,22,214
1,0,0,1,10.66,15.15,60,0.0,2011,2,6,22,62
2,0,1,1,9.84,12.88,70,7.0015,2011,4,6,5,13
4,0,1,2,29.52,34.09,62,11.0014,2012,10,3,15,319
2,0,1,2,19.68,23.485,88,8.9981,2012,5,10,1,11
2,0,1,3,23.78,27.275,83,8.9981,2012,5,15,3,6
2,0,1,1,32.8,37.88,55,12.998,2012,6,19,17,811
2,0,1,2,22.96,26.515,56,12.998,2012,6,5,11,227
1,0,1,1,12.3,13.635,33,26.0027,2012,1,18,14,105
2,0,0,1,27.06,31.06,39,12.998,2012,6,3,20,314
3,0,1,2,28.7,32.575,82,23.9994,2011,8,4,8,398
4,0,0,2,16.4,20.455,87,7.0015,2012,12,8,11,404
3,0,1,2,20.5,24.24,55,11.0014,2011,9,16,19,315
4,0,1,1,24.6,31.06,43,15.0013,2011,10,14,16,344
1,0,1,1,13.12,14.395,42,23.9994,2012,1,18,7,263
3,0,1,1,33.62,38.635,52,7.0015,2012,8,2,11,226
3,0,1,1,28.7,33.335,74,8.9981,2012,7,10,2,16
3,0,1,1,30.34,33.335,48,6.0032,2011,8,17,9,209
2,0,0,1,21.32,25.0,52,19.9995,2012,4,1,18,432
4,0,1,1,15.58,19.695,46,26.0027,2012,10,11,8,798
4,0,1,1,20.5,24.24,39,19.0012,2012,10,11,17,827
2,0,1,2,27.06,29.545,89,19.0012,2012,6,12,17,681
1,0,1,3,13.94,15.91,87,15.0013,2012,1,11,21,29
3,0,1,1,31.98,37.12,59,15.0013,2011,7,6,17,596
1,1,0,1,5.74,7.575,46,8.9981,2012,1,16,0,25
2,0,1,1,30.34,32.575,37,19.0012,2012,6,15,17,823
4,0,1,1,9.02,13.635,80,0.0,2011,12,2,6,87
2,0,1,1,13.94,15.15,46,27.9993,2011,4,1,15,111
3,0,1,1,29.52,33.335,58,15.0013,2011,8,5,20,291
3,0,1,1,31.16,33.335,37,6.0032,2012,8,16,11,274
2,0,1,1,24.6,31.06,43,16.9979,2012,4,17,7,461
1,0,0,1,5.74,8.335,50,7.0015,2012,1,14,9,81
1,0,1,1,4.1,3.79,49,22.0028,2011,2,10,8,178
1,0,1,1,13.94,17.425,61,7.0015,2012,2,7,21,190
3,0,0,1,31.16,35.605,58,15.0013,2011,7,9,20,314
2,0,1,1,30.34,32.575,40,23.9994,2011,6,2,0,42
4,0,0,1,9.02,13.635,64,0.0,2011,12,18,21,89
3,0,1,1,31.16,35.605,62,19.9995,2012,9,7,18,792
2,0,1,1,29.52,33.335,54,8.9981,2012,5,3,17,704
3,0,1,1,32.8,35.605,41,19.9995,2011,8,16,15,159
3,0,0,1,36.08,37.12,22,15.0013,2011,7,2,16,398
4,0,1,2,10.66,12.12,60,16.9979,2012,12,12,6,128
4,0,1,1,25.42,31.06,50,12.998,2011,10,18,15,205
1,0,1,1,10.66,15.15,81,0.0,2012,1,11,0,28
2,0,1,3,20.5,24.24,82,27.9993,2011,4,12,10,40
1,0,1,1,5.74,7.575,69,8.9981,2011,1,3,22,20
2,0,1,1,30.34,32.575,28,0.0,2011,6,15,14,178
3,0,0,1,32.8,37.88,55,11.0014,2012,7,14,15,560
1,0,1,1,14.76,17.425,40,12.998,2012,2,17,23,82
3,0,1,2,31.98,35.605,49,11.0014,2011,8,3,2,11
4,0,1,1,12.3,14.395,56,12.998,2012,11,9,5,27
4,0,1,1,20.5,24.24,72,15.0013,2011,12,16,1,31
4,0,1,3,16.4,20.455,50,15.0013,2012,11,1,17,689
1,0,1,1,12.3,13.635,45,19.9995,2012,3,5,16,210
1,0,1,1,13.12,15.91,76,12.998,2011,3,17,6,51
1,0,0,2,9.02,11.365,93,11.0014,2012,2,19,23,35
3,0,1,1,20.5,24.24,72,16.9979,2012,9,10,5,40
1,0,0,2,19.68,23.485,59,22.0028,2011,3,5,18,152
3,0,1,1,27.06,31.06,69,16.9979,2011,8,15,22,98
1,0,1,1,7.38,9.85,55,8.9981,2011,1,5,22,42
1,0,1,1,18.86,22.725,23,32.9975,2011,3,2,18,201
2,0,0,1,31.98,36.365,55,7.0015,2011,6,12,11,367
4,1,0,1,15.58,19.695,87,7.0015,2012,11,12,6,71
1,0,0,3,7.38,9.85,55,11.0014,2011,1,8,4,1
1,0,0,2,10.66,11.365,48,19.9995,2012,2,19,5,2
2,0,1,1,24.6,28.03,83,11.0014,2012,5,17,1,28
4,0,1,1,13.94,15.91,46,16.9979,2011,11,4,21,123
2,0,0,1,22.96,26.515,64,7.0015,2012,6,9,6,80
3,0,0,1,27.06,31.06,47,0.0,2012,9,9,12,757
1,0,1,2,8.2,9.85,55,12.998,2011,3,4,0,12
4,0,1,2,19.68,23.485,55,32.9975,2011,11,4,12,197
2,0,1,1,23.78,27.275,40,7.0015,2012,5,17,21,299
3,0,1,3,25.42,27.275,94,7.0015,2011,9,8,1,4
2,0,0,1,28.7,33.335,74,0.0,2011,6,12,8,92
4,0,1,2,18.04,21.97,100,12.998,2011,12,6,21,114
3,0,1,1,35.26,38.635,39,15.0013,2011,7,7,16,265
1,0,1,1,6.56,9.09,86,7.0015,2012,2,6,6,72
2,0,0,1,22.14,25.76,60,6.0032,2012,6,3,8,140
1,0,1,1,9.84,12.12,48,8.9981,2012,3,5,2,4
3,0,0,1,27.88,31.82,79,0.0,2012,9,1,5,22
4,0,1,2,20.5,24.24,55,11.0014,2011,10,17,7,309
1,1,0,1,9.84,10.605,44,26.0027,2012,1,16,14,181
4,0,1,1,20.5,24.24,77,7.0015,2011,10,17,21,177
2,0,1,2,24.6,28.79,78,11.0014,2012,6,19,0,35
2,0,0,1,26.24,29.545,78,7.0015,2011,6,12,7,34
1,0,1,3,13.94,17.425,100,7.0015,2011,3,11,1,8
3,0,1,1,31.16,36.365,70,19.0012,2012,9,4,12,287
1,0,1,1,5.74,6.06,46,19.9995,2011,1,13,21,40
2,1,0,2,20.5,24.24,63,26.0027,2011,4,15,17,331
3,0,1,2,31.98,37.12,62,8.9981,2011,8,9,9,175
1,0,1,1,4.1,6.06,54,8.9981,2012,2,13,8,417
3,0,0,1,30.34,33.335,48,12.998,2011,7,2,21,232
1,0,1,2,8.2,10.605,86,8.9981,2012,1,11,9,225
3,0,0,2,29.52,34.85,79,11.0014,2012,8,5,23,87
4,0,1,1,12.3,16.665,61,0.0,2011,12,1,22,104
4,0,1,1,16.4,20.455,47,19.9995,2012,10,12,22,160
2,0,0,1,20.5,24.24,25,15.0013,2012,4,8,10,299
2,0,1,1,14.76,16.665,40,27.9993,2012,4,10,23,62
4,0,1,2,22.14,25.76,88,16.9979,2011,10,12,6,112
2,0,1,1,29.52,33.335,48,15.0013,2012,6,14,17,867
4,0,0,1,16.4,20.455,43,15.0013,2012,11,4,13,493
4,0,1,1,19.68,23.485,51,7.0015,2011,11,2,16,266
2,0,1,1,12.3,14.395,65,16.9979,2012,4,12,6,96
2,0,0,1,26.24,31.06,36,12.998,2012,5,12,13,659
3,0,1,2,28.7,33.335,79,0.0,2012,8,6,8,605
2,0,0,3,21.32,25.0,100,6.0032,2011,5,14,13,248
4,0,1,1,13.94,15.15,46,19.9995,2011,12,16,10,132
2,0,0,1,14.76,18.94,37,0.0,2012,4,8,6,28
2,0,0,2,27.06,31.06,47,12.998,2012,6,16,20,352
3,0,1,1,32.8,38.635,59,8.9981,2012,7,16,20,454
2,0,1,2,27.06,31.06,65,22.0028,2011,5,3,11,140
3,0,1,2,31.16,35.605,62,11.0014,2012,8,7,18,814
4,0,1,1,18.04,21.97,88,16.9979,2012,10,18,7,508
4,0,1,1,13.94,17.425,46,7.0015,2012,11,14,16,321
1,0,1,1,16.4,20.455,76,23.9994,2012,1,13,2,14
1,0,1,1,9.02,9.09,47,31.0009,2011,2,8,11,50
4,0,0,2,13.94,16.665,87,12.998,2012,12,16,3,38
1,0,1,3,13.94,15.91,0,16.9979,2011,3,10,2,1
1,0,1,1,18.86,22.725,63,26.0027,2012,3,8,3,3
4,0,1,1,10.66,13.635,60,8.9981,2012,12,12,3,10
4,0,1,1,18.86,22.725,36,0.0,2012,10,11,12,326
4,0,1,2,21.32,25.0,77,12.998,2011,10,19,0,34
1,0,1,2,7.38,9.85,51,11.0014,2011,1,7,23,15
1,0,0,1,6.56,6.82,40,22.0028,2011,1,9,18,48
3,0,1,1,24.6,28.79,78,0.0,2011,9,15,5,31
4,0,1,2,11.48,13.635,61,16.9979,2012,11,7,1,92
1,0,1,2,12.3,15.91,42,6.0032,2012,2,10,13,192
4,0,1,1,13.94,16.665,29,8.9981,2011,11,18,15,178
3,0,1,1,27.06,31.06,74,15.0013,2011,7,11,4,4
2,0,1,1,25.42,30.305,69,15.0013,2011,5,2,12,187
2,0,1,1,34.44,39.395,49,0.0,2011,6,9,9,168
1,0,1,3,12.3,13.635,100,19.9995,2011,3,16,1,3
3,0,1,2,25.42,30.305,65,12.998,2012,9,17,10,202
3,0,1,1,28.7,32.575,51,15.0013,2011,7,15,20,343
1,0,1,1,18.04,21.97,67,8.9981,2012,1,12,21,174
4,0,1,2,24.6,31.06,49,16.9979,2012,12,4,15,300
2,0,1,1,24.6,29.545,20,12.998,2012,4,3,15,316
4,0,1,1,21.32,25.0,45,19.0012,2012,10,16,13,328
2,0,1,1,22.14,25.76,49,8.9981,2012,5,17,23,166
4,0,0,1,18.04,21.97,88,0.0,2011,10,9,4,14
1,0,1,2,13.12,16.665,66,6.0032,2012,2,10,21,122
1,0,1,2,26.24,31.06,50,12.998,2012,3,15,19,425
1,0,1,2,15.58,19.695,46,19.9995,2012,2,14,18,406
3,0,0,2,28.7,33.335,84,8.9981,2011,8,7,3,32
3,0,1,2,20.5,24.24,77,8.9981,2011,9,19,3,5
3,0,0,1,32.8,35.605,36,6.0032,2011,7,2,11,357
4,1,0,2,23.78,27.275,78,6.0032,2011,10,10,19,336
4,0,1,3,22.14,25.76,94,16.9979,2011,10,12,15,45
2,0,1,1,30.34,32.575,30,15.0013,2012,6,8,19,555
3,0,1,1,30.34,33.335,51,11.0014,2011,9,12,14,189
1,0,1,2,14.76,17.425,50,11.0014,2012,2,14,19,281
3,0,0,2,26.24,31.06,36,19.0012,2012,9,15,18,614
1,0,0,2,16.4,20.455,94,7.0015,2012,3,18,6,11
4,1,0,1,12.3,14.395,61,12.998,2011,11,11,3,6
4,0,1,3,19.68,23.485,94,7.0015,2011,11,16,16,123
1,0,0,1,16.4,20.455,15,22.0028,2011,2,19,4,3
1,0,0,2,8.2,10.605,49,8.9981,2011,1,16,22,21
3,1,0,2,31.16,36.365,66,16.9979,2012,9,3,13,566
2,0,1,1,26.24,31.06,47,11.0014,2011,6,14,15,178
3,0,1,3,25.42,27.275,94,11.0014,2011,9,9,9,136
2,0,1,1,25.42,28.03,88,8.9981,2011,6,17,22,175
1,1,0,1,10.66,12.12,35,19.0012,2012,1,2,10,109
2,0,1,3,26.24,30.305,73,15.0013,2012,5,8,16,389
4,0,1,3,20.5,24.24,94,12.998,2011,10,19,4,3
2,0,0,1,30.34,33.335,51,0.0,2011,6,5,17,390
1,0,1,1,4.1,3.79,50,27.9993,2011,2,10,7,99
3,1,0,2,31.98,35.605,49,11.0014,2011,7,4,19,375
3,0,1,1,25.42,31.06,38,19.9995,2012,9,10,19,633
3,0,1,1,18.86,22.725,77,7.0015,2012,9,11,6,211
3,0,1,1,26.24,30.305,65,16.9979,2012,9,17,13,343
1,0,1,1,13.94,17.425,49,7.0015,2012,2,3,21,134
4,0,0,2,15.58,19.695,76,12.998,2012,12,16,13,356
1,0,1,1,6.56,6.06,40,31.0009,2011,2,8,19,101
3,0,1,1,30.34,34.85,70,15.0013,2012,9,6,16,416
2,0,1,1,19.68,23.485,67,19.0012,2011,6,15,5,21
1,0,1,1,5.74,6.06,50,19.0012,2011,1,3,8,154
2,0,1,3,22.96,26.515,88,15.0013,2012,5,9,4,5
3,0,1,1,29.52,34.09,70,0.0,2011,8,9,2,12
3,0,1,1,32.8,37.88,55,12.998,2012,7,6,22,288
2,0,0,2,18.04,21.97,77,19.0012,2011,4,16,23,35
4,0,1,3,22.14,25.76,77,8.9981,2012,10,15,18,592
4,0,1,3,18.86,22.725,94,15.0013,2012,12,10,11,134
2,0,1,3,13.94,16.665,76,11.0014,2011,4,8,2,13
1,0,1,1,18.04,21.97,41,19.0012,2012,2,1,1,4
4,0,1,1,16.4,20.455,87,6.0032,2012,12,18,9,326
1,0,0,2,17.22,21.21,88,7.0015,2012,3,18,10,351
1,0,1,1,13.94,16.665,53,12.998,2011,2,16,22,73
4,0,0,1,14.76,18.94,40,0.0,2011,11,19,11,233
2,0,1,2,22.14,25.76,77,15.0013,2011,5,2,10,108
3,0,0,1,37.72,44.695,42,12.998,2012,7,8,12,376
1,0,0,2,19.68,23.485,59,23.9994,2011,3,5,17,164
3,1,0,2,31.98,35.605,52,0.0,2011,7,4,12,447
3,0,1,1,31.16,35.605,58,6.0032,2012,7,18,23,131
2,0,1,1,26.24,31.06,36,11.0014,2012,5,18,13,395
3,0,1,1,26.24,30.305,69,16.9979,2011,8,16,7,346
1,0,0,1,14.76,18.18,23,0.0,2012,3,10,16,390
3,0,1,1,32.8,38.635,59,31.0009,2012,9,4,15,292
1,0,1,2,5.74,6.06,50,19.9995,2011,1,10,10,31
4,0,1,2,22.96,26.515,83,8.9981,2012,10,2,5,43
1,0,1,1,26.24,31.06,41,19.0012,2011,3,18,13,175
3,0,1,1,31.16,34.09,45,19.9995,2011,8,1,17,514
4,0,1,1,13.94,17.425,87,6.0032,2011,11,8,0,18
2,0,1,1,22.96,26.515,88,6.0032,2011,6,17,0,24
3,0,1,1,27.88,31.82,61,8.9981,2011,9,1,10,138
1,0,0,1,12.3,13.635,39,23.9994,2011,1,2,20,22
3,0,1,2,28.7,33.335,79,15.0013,2012,8,6,6,141
2,0,1,2,21.32,25.0,63,19.9995,2012,6,5,10,176
3,0,1,3,26.24,28.03,94,12.998,2011,9,9,0,16
3,0,1,3,32.8,36.365,46,19.9995,2011,8,18,17,409
4,0,1,1,10.66,13.635,75,8.9981,2012,12,19,3,5
2,0,1,3,15.58,19.695,66,15.0013,2011,4,8,12,80
1,0,1,1,29.52,31.82,25,12.998,2012,3,14,16,356
4,0,1,2,10.66,12.88,60,12.998,2012,12,12,7,369
3,0,0,1,26.24,30.305,73,7.0015,2011,8,13,5,18
2,0,1,1,22.96,26.515,26,19.0012,2011,5,5,18,520
4,0,1,1,18.04,21.97,18,27.9993,2012,11,8,15,233
4,0,1,1,8.2,12.88,80,0.0,2011,12,13,1,4
2,0,0,1,22.96,26.515,52,15.0013,2011,5,8,9,160
4,0,1,1,10.66,14.395,81,6.0032,2011,12,9,9,264
4,0,0,2,22.14,25.76,28,26.0027,2011,11,13,16,319
2,0,1,2,25.42,29.545,73,16.9979,2012,5,14,14,171
2,0,1,3,13.94,15.91,87,15.0013,2011,4,8,14,15
1,0,1,1,4.1,9.09,68,0.0,2011,2,11,6,24
4,1,0,2,16.4,20.455,71,15.0013,2012,10,8,23,69
1,0,1,2,13.94,15.91,76,16.9979,2011,3,9,18,188
1,0,1,1,12.3,15.91,61,6.0032,2011,3,1,20,88
2,0,0,2,25.42,30.305,61,12.998,2012,5,6,18,463
1,0,1,2,12.3,16.665,70,0.0,2012,2,16,5,20
2,0,0,1,28.7,32.575,65,0.0,2011,6,19,0,89
3,0,1,2,32.8,37.12,49,11.0014,2011,8,2,23,132
3,0,0,1,28.7,32.575,70,16.9979,2011,7,9,8,182
1,0,1,1,7.38,10.605,80,7.0015,2012,2,6,9,277
3,0,0,3,30.34,34.85,70,6.0032,2012,7,8,22,122
2,0,1,1,14.76,15.91,71,31.0009,2012,4,2,6,110
2,0,1,1,22.96,26.515,94,7.0015,2011,6,17,3,6
1,0,1,1,17.22,21.21,35,19.9995,2012,2,14,16,266
3,0,1,1,28.7,32.575,70,15.0013,2012,8,13,23,128
3,0,1,1,28.7,32.575,70,6.0032,2012,7,10,0,69
3,0,1,2,28.7,33.335,79,19.9995,2012,9,5,5,40
1,0,1,3,12.3,14.395,87,16.9979,2012,1,17,10,62
1,0,0,1,9.02,13.635,80,0.0,2011,1,1,2,32
1,0,0,2,9.84,12.12,87,8.9981,2012,2,4,23,70
2,0,1,1,31.16,33.335,33,8.9981,2011,6,6,16,267
3,0,1,1,26.24,28.03,94,0.0,2011,9,9,12,75
2,0,1,2,22.14,25.76,65,11.0014,2011,4,19,15,127
3,0,0,1,25.42,30.305,61,16.9979,2012,9,9,9,299
2,0,1,2,20.5,24.24,39,12.998,2012,4,18,7,418
1,0,1,1,12.3,13.635,42,22.0028,2012,2,9,13,154
1,0,0,3,9.02,12.88,93,6.0032,2011,2,5,7,4
3,0,0,1,23.78,27.275,78,7.0015,2012,9,15,2,93
3,0,0,1,20.5,24.24,72,0.0,2012,9,16,6,35
1,0,1,1,12.3,14.395,56,19.0012,2012,3,7,2,4
2,0,0,1,28.7,32.575,51,7.0015,2012,6,9,10,466
2,0,1,1,30.34,33.335,48,6.0032,2012,5,1,17,681
3,0,1,1,31.16,36.365,66,15.0013,2011,7,18,22,140
4,0,0,1,16.4,20.455,76,6.0032,2012,10,14,2,66
1,0,1,2,12.3,16.665,93,0.0,2012,2,17,1,18
1,0,0,1,16.4,20.455,35,22.0028,2011,2,13,20,47
3,0,1,1,29.52,32.575,37,8.9981,2011,8,11,20,288
2,0,0,2,24.6,28.79,78,12.998,2011,6,5,9,164
1,0,0,1,11.48,13.635,56,12.998,2012,2,5,20,50
1,0,0,3,9.84,12.88,75,6.0032,2012,2,19,22,55
3,0,0,1,31.16,36.365,66,19.0012,2012,8,4,22,269
2,0,0,1,22.96,26.515,73,16.9979,2012,6,2,3,26
2,0,1,1,26.24,31.06,50,23.9994,2011,6,14,19,386
2,0,1,1,27.88,31.82,36,0.0,2011,6,15,11,164
3,0,1,2,27.06,30.305,83,6.0032,2012,8,14,7,179
3,0,1,1,29.52,35.605,84,7.0015,2012,7,17,0,53
3,0,1,1,30.34,34.85,66,12.998,2012,7,6,5,35
1,0,0,1,12.3,14.395,39,15.0013,2012,3,10,21,110
2,0,0,1,26.24,31.06,50,15.0013,2012,4,15,20,291
4,0,1,1,16.4,20.455,66,7.0015,2012,10,12,0,68
1,0,1,1,13.94,16.665,66,11.0014,2011,3,17,3,2
2,0,0,2,22.14,25.76,94,8.9981,2011,5,14,14,216
4,0,0,2,18.04,21.97,67,0.0,2012,10,7,14,314
3,0,1,1,29.52,34.09,70,8.9981,2012,8,8,23,136
2,0,1,3,22.96,26.515,88,30.0026,2012,5,9,2,1
4,0,1,1,21.32,25.0,77,12.998,2012,10,19,20,229
4,0,1,1,9.02,13.635,80,0.0,2011,12,2,4,3
4,0,1,1,18.86,22.725,44,11.0014,2012,10,11,18,692
3,0,0,1,36.9,40.91,37,19.0012,2012,7,1,15,345
4,0,0,1,15.58,19.695,76,0.0,2011,12,4,19,173
2,0,1,1,23.78,27.275,28,36.9974,2012,4,9,15,255
4,0,0,1,22.14,25.76,52,26.0027,2011,10,16,19,233
3,0,1,2,24.6,28.03,83,0.0,2011,8,15,2,3
4,0,1,2,13.12,16.665,57,8.9981,2012,11,16,8,711
4,0,1,3,18.86,22.725,72,11.0014,2011,12,15,16,131
3,0,0,1,25.42,27.275,94,0.0,2011,9,10,0,116
3,0,1,1,30.34,33.335,48,8.9981,2012,7,13,20,389
4,1,0,2,16.4,20.455,71,16.9979,2012,10,8,19,371
2,0,1,1,24.6,31.06,49,12.998,2011,6,14,0,31
1,0,1,1,18.04,21.97,82,7.0015,2012,3,14,7,368
1,0,1,1,11.48,12.88,56,19.9995,2012,3,7,5,18
2,0,1,2,17.22,21.21,82,12.998,2011,4,13,11,61
4,0,1,3,14.76,15.91,87,30.0026,2012,11,13,2,11
2,0,0,2,22.14,25.76,64,8.9981,2012,5,13,3,28
4,0,1,1,18.04,21.97,41,19.0012,2012,12,5,12,232
4,1,0,2,17.22,21.21,66,19.0012,2012,10,8,18,456
1,0,1,3,15.58,19.695,0,15.0013,2011,3,10,7,37
4,1,0,1,16.4,20.455,76,8.9981,2012,11,12,3,4
4,0,0,2,13.12,15.15,49,16.9979,2012,11,3,5,9
4,0,1,1,13.94,17.425,61,7.0015,2012,11,15,20,285
2,0,1,2,22.14,25.76,83,12.998,2012,6,18,8,474
2,0,1,1,34.44,37.88,44,7.0015,2011,6,10,13,189
4,0,1,1,25.42,29.545,73,11.0014,2012,10,5,19,500
3,1,0,2,27.88,31.82,79,11.0014,2011,9,5,2,39
2,0,0,2,19.68,23.485,63,12.998,2011,5,1,10,264
1,0,1,3,6.56,11.365,93,0.0,2011,1,11,19,51
1,0,0,2,9.84,11.365,56,12.998,2012,2,19,8,56
3,0,0,1,31.16,36.365,66,8.9981,2012,7,15,10,382
2,0,1,2,21.32,25.0,77,12.998,2012,5,7,10,190
2,0,1,2,21.32,25.0,72,19.0012,2012,5,8,5,20
1,0,0,1,3.28,4.545,53,12.998,2011,1,9,7,6
1,0,1,1,24.6,30.305,28,16.9979,2011,2,17,15,106
4,0,1,1,18.04,21.97,77,8.9981,2012,12,3,10,136
2,0,1,1,13.12,16.665,66,6.0032,2012,4,3,4,1
3,0,1,2,26.24,28.79,89,7.0015,2012,7,10,23,103
2,0,1,1,13.12,16.665,66,6.0032,2012,4,3,5,27
4,0,0,1,21.32,25.0,48,19.9995,2011,10,15,9,207
3,0,0,1,30.34,35.605,74,8.9981,2012,7,7,3,31
4,0,0,1,12.3,14.395,49,19.0012,2011,12,18,14,219
4,0,1,1,26.24,31.06,47,19.0012,2011,10,5,15,182
2,0,1,1,17.22,21.21,35,19.9995,2012,4,6,12,337
4,0,0,1,11.48,12.88,52,19.9995,2011,11,19,9,142
2,0,0,1,27.88,31.82,79,8.9981,2011,6,19,21,167
4,0,1,1,18.86,22.725,59,11.0014,2011,10,14,23,95
2,0,1,2,26.24,30.305,65,19.0012,2012,5,8,21,223
2,0,0,1,27.06,31.06,50,26.0027,2012,4,15,23,90
4,0,1,1,10.66,12.88,41,12.998,2011,11,18,9,213
2,0,1,1,27.06,31.06,50,12.998,2012,6,15,11,286
1,0,1,1,12.3,15.15,56,11.0014,2012,1,6,11,138
2,0,1,2,29.52,33.335,54,16.9979,2011,6,16,13,151
3,0,1,1,27.88,31.82,74,6.0032,2012,7,17,5,38
1,0,1,2,6.56,11.365,55,0.0,2011,1,11,7,99
3,0,0,1,18.86,22.725,72,16.9979,2011,9,18,8,69
4,0,1,1,13.12,15.15,49,16.9979,2012,11,5,20,241
3,0,1,1,31.98,35.605,52,0.0,2011,7,12,23,79
2,0,1,1,27.06,31.06,36,12.998,2012,5,18,15,391
2,0,1,1,22.96,26.515,60,6.0032,2012,6,6,9,303
2,0,1,2,23.78,27.275,83,15.0013,2012,5,2,12,245
1,0,1,1,6.56,7.575,55,16.9979,2012,1,3,4,5
1,0,1,1,8.2,11.365,40,6.0032,2011,3,3,20,70
3,0,1,2,27.06,30.305,83,36.9974,2012,9,18,8,672
3,0,1,1,27.88,31.82,79,15.0013,2012,8,3,3,6
4,0,1,3,18.86,22.725,94,16.9979,2011,12,6,11,32
2,0,1,1,19.68,23.485,67,8.9981,2012,5,18,2,21
1,0,1,2,11.48,14.395,61,7.0015,2012,2,8,13,126
1,0,1,1,11.48,13.635,61,15.0013,2012,3,6,23,54
2,0,1,3,24.6,28.79,78,12.998,2012,6,18,23,74
2,0,0,1,22.14,25.76,18,19.9995,2012,4,7,18,517
3,0,1,1,28.7,32.575,65,12.998,2011,8,17,22,171
4,0,1,1,18.86,22.725,44,32.9975,2012,12,18,15,246
3,0,1,1,31.98,34.85,46,19.9995,2011,8,9,22,155
1,0,1,2,26.24,31.06,29,0.0,2012,3,14,12,267
1,0,1,3,9.02,11.365,75,11.0014,2012,1,9,15,69
2,0,1,1,31.16,35.605,58,11.0014,2011,6,8,8,481
1,1,0,1,4.92,9.85,50,0.0,2012,1,16,3,3
4,0,1,2,23.78,27.275,94,8.9981,2011,10,19,21,85
3,0,1,1,25.42,28.03,88,7.0015,2012,9,7,6,140
3,0,1,1,20.5,24.24,59,0.0,2011,9,16,23,126
2,0,0,1,18.04,21.97,24,15.0013,2012,4,8,1,64
1,0,1,1,8.2,9.09,47,19.9995,2011,1,7,9,134
2,0,1,1,28.7,32.575,65,8.9981,2012,6,11,9,316
2,0,1,1,27.06,31.06,27,19.0012,2011,6,3,12,259
2,0,1,2,30.34,35.605,79,11.0014,2011,6,1,19,264
3,0,1,1,26.24,30.305,69,7.0015,2011,9,1,9,207
4,0,0,1,10.66,12.88,60,12.998,2011,12,17,3,26
2,0,1,1,16.4,20.455,82,0.0,2011,4,18,6,54
2,0,1,1,22.14,25.76,22,19.0012,2012,4,10,12,259
4,0,0,2,18.04,21.97,54,12.998,2012,10,7,6,23
1,0,1,1,8.2,12.88,47,0.0,2011,1,5,23,19
4,0,0,1,13.12,17.425,81,0.0,2012,12,1,20,198
1,0,0,2,10.66,12.88,81,11.0014,2012,2,11,12,221
4,0,1,1,12.3,15.15,70,11.0014,2012,11,2,6,122
4,0,1,2,15.58,19.695,54,7.0015,2012,11,15,13,217
1,0,1,1,7.38,10.605,55,7.0015,2011,2,3,21,54
1,0,0,1,13.12,15.15,29,19.0012,2012,3,10,13,357
1,0,0,3,14.76,18.18,93,6.0032,2012,3,3,0,22
4,0,1,2,15.58,19.695,94,11.0014,2011,11,10,7,272
1,0,0,2,9.84,11.365,60,15.0013,2011,2,13,9,47
4,0,1,1,23.78,27.275,46,27.9993,2011,10,14,17,481
4,0,0,1,22.14,25.76,83,16.9979,2012,10,6,4,11
2,0,1,1,22.14,25.76,45,0.0,2012,4,3,21,243
2,0,1,1,22.96,26.515,88,0.0,2012,5,4,7,356
3,0,0,1,33.62,37.12,43,19.9995,2011,7,17,15,324
3,0,1,2,31.98,34.85,43,0.0,2012,7,11,12,292
1,0,1,1,5.74,6.06,50,22.0028,2011,2,3,7,87
2,0,1,1,26.24,31.06,38,32.9975,2012,6,4,11,239
1,0,1,2,11.48,15.91,87,0.0,2011,2,8,0,10
4,0,1,1,14.76,18.94,87,0.0,2012,10,17,3,7
2,0,1,1,26.24,30.305,65,12.998,2012,5,2,15,256
3,0,0,1,28.7,32.575,70,0.0,2012,9,1,4,12
4,0,1,1,9.02,12.88,80,6.0032,2011,12,9,6,63
4,0,1,1,25.42,29.545,73,15.0013,2012,10,19,13,375
2,0,1,1,22.96,26.515,37,15.0013,2011,4,14,13,159
2,0,1,1,22.96,26.515,88,0.0,2012,5,4,8,618
3,0,1,1,20.5,24.24,77,0.0,2012,9,17,4,11
3,0,1,1,31.16,33.335,33,11.0014,2011,7,1,10,170
3,0,1,1,27.06,30.305,78,7.0015,2012,7,16,5,50
2,0,0,2,20.5,24.24,94,26.0027,2011,4,16,18,38
4,0,1,1,24.6,31.06,40,11.0014,2012,10,10,14,271
4,0,1,1,6.56,9.09,86,7.0015,2011,12,19,6,68
3,0,1,2,27.88,31.82,79,11.0014,2012,7,11,8,674
2,0,1,1,21.32,25.0,27,0.0,2012,4,13,14,348
3,0,1,1,34.44,40.15,53,19.0012,2011,7,11,12,148
1,0,0,1,12.3,13.635,33,22.0028,2012,3,10,11,274
3,0,0,1,35.26,40.15,47,16.9979,2012,8,4,11,470
1,0,1,1,13.12,15.15,61,22.0028,2012,2,15,9,231
2,0,0,2,24.6,30.305,60,8.9981,2012,5,12,21,230
1,0,1,1,10.66,12.88,48,12.998,2011,1,4,18,182
2,0,0,1,22.14,25.76,56,12.998,2011,6,4,2,59
2,0,0,2,29.52,33.335,58,6.0032,2011,6,19,11,377
3,0,1,1,30.34,34.09,55,15.0013,2012,8,15,12,307
3,0,1,1,33.62,37.88,46,15.0013,2012,8,14,15,283
2,0,1,1,24.6,31.06,56,7.0015,2011,6,16,0,47
2,0,1,2,15.58,19.695,43,22.0028,2012,4,11,11,180
1,0,1,1,9.84,10.605,60,19.9995,2011,3,7,10,58
1,0,1,2,9.02,10.605,51,19.0012,2011,1,6,22,52
4,0,0,3,14.76,18.18,100,6.0032,2012,12,9,20,108
1,0,1,2,12.3,15.91,70,6.0032,2012,2,16,6,87
4,0,1,2,13.94,16.665,61,8.9981,2012,11,15,11,166
3,0,1,1,31.16,35.605,58,23.9994,2011,7,7,20,285
4,0,0,1,22.14,25.76,39,12.998,2011,10,15,18,372
1,0,1,1,14.76,18.18,40,7.0015,2011,3,14,18,235
1,0,0,3,9.02,11.365,93,8.9981,2012,2,11,7,19
4,0,1,1,21.32,25.0,45,15.0013,2011,11,9,15,151
4,0,0,1,14.76,16.665,46,16.9979,2012,11,17,10,320
3,0,1,2,21.32,25.0,63,16.9979,2012,9,19,3,5
1,0,0,1,12.3,15.15,56,11.0014,2011,2,6,18,78
3,0,1,1,27.88,31.82,65,8.9981,2012,7,12,8,702
1,0,1,1,11.48,12.88,56,19.0012,2012,2,3,10,129
1,0,0,1,10.66,13.635,87,7.0015,2012,1,1,8,14
1,0,1,2,10.66,11.365,44,22.0028,2012,1,19,17,385
1,0,0,1,18.04,21.97,35,23.9994,2012,2,18,14,427
3,0,1,1,31.16,34.85,52,19.0012,2011,9,14,16,277
1,0,1,2,10.66,14.395,56,6.0032,2012,2,14,9,262
2,0,1,1,23.78,27.275,46,8.9981,2012,4,19,19,586
3,0,1,3,27.06,29.545,89,15.0013,2012,7,19,23,65
1,0,1,1,26.24,31.06,57,16.9979,2012,3,19,18,801
2,0,1,1,29.52,32.575,37,16.9979,2012,6,7,14,265
3,0,0,1,29.52,34.85,74,16.9979,2012,8,5,3,41
2,0,1,1,22.96,26.515,49,15.0013,2012,6,5,20,415
4,0,1,2,15.58,19.695,82,12.998,2012,10,9,5,19
4,0,1,2,24.6,25.76,94,8.9981,2012,10,3,6,177
2,0,0,1,26.24,31.06,57,6.0032,2011,6,5,0,113
3,0,1,1,27.88,31.82,61,19.0012,2011,8,16,9,198
2,0,1,2,22.14,25.76,88,16.9979,2011,5,18,1,12
1,0,0,1,5.74,5.305,43,26.0027,2011,1,9,10,49
3,0,1,1,26.24,30.305,73,6.0032,2012,7,12,6,178
2,0,0,2,14.76,16.665,76,16.9979,2012,4,1,0,67
4,0,0,1,14.76,18.18,81,7.0015,2011,12,4,21,72
1,0,1,1,14.76,17.425,46,12.998,2011,2,16,21,92
1,0,1,1,10.66,12.88,60,15.0013,2012,1,13,7,177
3,0,1,1,21.32,25.0,83,0.0,2012,9,13,3,11
2,0,1,1,27.88,31.82,65,7.0015,2012,5,15,17,678
1,0,1,1,13.94,16.665,61,12.998,2012,3,12,5,16
1,0,1,2,8.2,10.605,51,11.0014,2011,1,11,10,54
2,0,1,2,20.5,24.24,88,8.9981,2011,5,13,2,11
3,0,0,1,27.06,29.545,89,0.0,2012,9,2,1,73
4,0,1,2,25.42,31.06,43,8.9981,2012,10,1,15,329
1,0,1,3,5.74,7.575,80,8.9981,2011,2,10,1,7
4,0,0,1,14.76,18.18,71,7.0015,2012,11,10,23,146
4,0,1,2,18.86,22.725,100,15.0013,2011,12,6,17,262
1,1,0,1,11.48,12.12,38,30.0026,2012,1,2,15,168
2,0,1,1,13.94,16.665,81,8.9981,2011,4,14,3,2
1,0,1,2,5.74,8.335,63,7.0015,2011,1,6,6,36
1,0,1,2,10.66,11.365,44,27.9993,2012,1,19,22,90
3,0,1,1,30.34,34.09,58,12.998,2011,7,13,3,4
4,0,1,1,13.12,17.425,90,0.0,2011,12,5,7,283
3,0,0,1,27.06,31.06,65,15.0013,2011,7,17,0,125
4,0,1,2,19.68,23.485,77,8.9981,2012,10,9,21,225
3,0,0,1,32.8,37.88,55,15.0013,2011,8,6,12,382
2,0,0,1,22.14,25.76,88,0.0,2011,5,15,21,151
3,0,1,1,26.24,30.305,69,7.0015,2012,8,13,2,9
4,0,1,1,10.66,12.12,56,19.0012,2011,12,1,4,1
2,0,0,1,28.7,31.82,34,19.9995,2012,6,3,16,662
1,0,1,1,8.2,10.605,51,11.0014,2011,1,6,20,69
4,0,1,3,22.14,25.76,100,6.0032,2011,10,13,8,209
4,0,1,1,21.32,25.0,63,22.0028,2011,12,15,22,124
4,0,1,1,17.22,21.21,88,7.0015,2012,12,4,0,55
3,0,1,1,29.52,34.09,70,8.9981,2012,8,3,8,668
2,0,1,1,26.24,31.06,44,15.0013,2011,6,14,13,209
1,0,1,1,9.84,11.365,30,15.0013,2011,1,3,17,157
4,0,1,2,17.22,21.21,88,8.9981,2012,12,17,19,340
2,0,0,2,16.4,20.455,47,11.0014,2011,4,2,11,198
2,0,1,1,24.6,31.06,46,6.0032,2012,6,6,10,203
2,0,0,1,18.04,21.97,72,6.0032,2012,5,19,6,50
2,0,0,1,22.96,26.515,28,27.9993,2012,4,8,20,211
2,0,1,1,33.62,38.635,52,15.0013,2011,6,10,17,517
1,0,1,1,13.12,15.91,21,11.0014,2011,2,11,15,74
2,0,1,3,22.96,26.515,78,8.9981,2012,6,18,12,168
1,0,1,1,13.94,15.15,46,19.9995,2011,2,14,6,26
4,0,1,2,13.12,15.15,70,19.0012,2011,12,15,5,24
1,0,1,2,10.66,15.15,100,0.0,2012,2,17,8,520
2,0,1,1,27.88,31.82,44,12.998,2012,6,15,20,385
3,0,1,2,28.7,32.575,61,16.9979,2011,9,2,15,346
1,0,1,2,9.02,12.88,80,6.0032,2011,2,1,14,54
4,0,1,2,25.42,28.03,88,0.0,2012,10,4,3,11
3,0,1,1,32.8,37.12,49,16.9979,2011,8,5,16,330
4,0,1,2,13.94,16.665,100,8.9981,2011,11,7,9,174
2,0,1,1,14.76,17.425,62,15.0013,2011,5,4,23,57
2,0,1,1,22.96,26.515,94,12.998,2012,5,16,2,19
2,0,1,1,24.6,31.06,56,6.0032,2011,6,16,2,5
2,0,0,1,18.86,22.725,41,27.9993,2011,4,17,11,304
3,0,0,1,26.24,29.545,78,6.0032,2011,7,10,6,25
3,0,1,1,30.34,34.85,70,11.0014,2011,7,7,9,179
3,0,0,2,22.14,25.76,68,6.0032,2011,9,18,20,180
1,0,1,1,4.92,4.545,28,27.9993,2012,1,3,19,156
3,0,0,1,27.88,31.82,36,12.998,2012,9,15,13,704
4,0,1,2,21.32,25.0,77,11.0014,2011,10,18,22,137
2,0,1,1,25.42,31.06,46,15.0013,2011,6,14,10,130
1,0,1,1,8.2,9.09,40,23.9994,2011,2,3,12,69
1,0,1,1,9.02,10.605,37,16.9979,2011,2,3,16,78
1,0,0,1,5.74,10.605,80,0.0,2011,2,12,2,15
2,0,0,1,30.34,32.575,30,6.0032,2012,5,19,17,626
3,0,0,1,23.78,27.275,94,8.9981,2011,9,10,5,8
1,0,1,1,10.66,11.365,70,22.0028,2011,2,8,6,39
2,0,1,1,23.78,27.275,40,22.0028,2011,5,6,13,253
1,0,0,3,13.12,14.395,100,23.9994,2011,3,6,18,23
2,0,0,1,28.7,32.575,58,6.0032,2012,5,5,11,575
2,0,1,1,20.5,24.24,68,6.0032,2011,5,9,23,61
4,0,0,2,13.94,18.18,87,0.0,2012,12,16,5,9
3,0,1,3,22.96,26.515,94,0.0,2011,9,7,12,22
1,0,1,1,18.04,21.97,82,6.0032,2012,3,14,6,121
3,0,1,1,22.96,26.515,52,19.0012,2012,9,10,0,41
2,0,1,1,31.16,33.335,37,11.0014,2011,6,6,12,153
4,0,1,2,10.66,15.15,81,0.0,2011,12,14,5,26
4,0,1,1,22.96,26.515,94,8.9981,2011,10,14,3,7
2,0,0,1,28.7,32.575,70,12.998,2011,6,19,20,232
2,0,1,2,24.6,29.545,73,19.9995,2011,4,11,11,104
2,0,0,3,13.12,15.15,76,22.0028,2011,4,2,14,190
2,1,0,1,22.14,25.76,77,15.0013,2012,4,16,5,38
2,0,0,2,14.76,18.18,81,0.0,2011,4,9,11,142
2,0,1,2,9.84,11.365,93,16.9979,2011,4,1,4,3
3,0,0,2,28.7,32.575,54,7.0015,2012,7,14,3,40
4,0,0,2,15.58,19.695,94,0.0,2012,12,8,9,170
2,0,0,2,17.22,21.21,88,8.9981,2011,4,10,12,230
2,0,1,1,17.22,21.21,50,16.9979,2012,5,11,6,135
4,0,1,1,10.66,12.12,48,19.0012,2012,12,6,1,16
2,0,1,2,14.76,16.665,46,23.9994,2011,4,1,14,87
3,0,1,1,30.34,33.335,51,22.0028,2011,9,13,14,190
3,0,1,1,26.24,31.06,50,23.9994,2011,7,14,8,486
4,0,0,1,11.48,15.91,75,0.0,2011,12,4,3,41
4,0,1,1,24.6,30.305,60,6.0032,2012,10,5,9,384
2,0,1,1,35.26,40.15,47,19.9995,2011,6,1,16,266
3,0,0,1,36.08,38.635,32,23.9994,2012,7,1,18,370
2,0,1,1,24.6,31.06,43,12.998,2012,6,5,18,790
4,0,0,1,12.3,15.91,75,6.0032,2011,12,4,1,74
2,0,0,1,29.52,33.335,51,6.0032,2011,6,5,16,398
4,0,1,1,13.12,15.15,53,15.0013,2012,11,6,17,627
1,0,1,1,5.74,4.545,39,39.0007,2012,1,3,16,136
4,0,1,3,16.4,20.455,94,16.9979,2012,12,17,16,302
3,1,0,2,30.34,34.09,62,8.9981,2011,7,4,22,326
1,0,1,1,13.94,17.425,81,7.0015,2012,1,12,10,90
4,0,1,3,18.04,21.97,100,16.9979,2011,12,7,9,64
4,0,1,1,9.84,14.395,81,0.0,2011,12,9,8,385
1,0,1,1,18.86,22.725,36,12.998,2012,1,6,14,178
1,0,0,1,13.94,16.665,49,11.0014,2012,1,8,10,208
2,0,1,1,27.88,31.82,83,12.998,2012,6,12,18,653
1,0,1,2,8.2,9.09,37,19.0012,2011,1,7,13,73
3,0,1,1,32.8,37.88,55,11.0014,2011,7,5,18,496
4,0,1,2,10.66,13.635,81,7.0015,2012,12,7,5,26
2,0,1,2,21.32,25.0,83,8.9981,2011,5,13,20,152
3,0,1,3,24.6,27.275,88,7.0015,2011,9,7,6,75
1,0,0,1,10.66,12.12,56,16.9979,2012,1,8,23,30
2,0,1,1,29.52,32.575,38,7.0015,2011,6,2,1,15
3,0,0,1,20.5,24.24,72,11.0014,2011,9,18,10,260
2,0,1,2,19.68,23.485,88,7.0015,2012,5,3,9,304
2,0,1,1,21.32,25.0,59,12.998,2012,4,19,22,248
2,0,1,1,31.16,37.12,75,11.0014,2011,6,8,22,176
4,0,1,1,22.14,25.76,64,19.0012,2011,10,4,11,124
3,0,0,1,29.52,33.335,51,19.9995,2011,9,11,16,483
1,0,0,1,16.4,20.455,17,27.9993,2011,2,19,6,6
4,0,0,1,10.66,12.88,48,15.0013,2011,12,17,17,165
3,0,1,1,31.16,35.605,58,15.0013,2011,7,12,8,417
4,0,1,3,13.94,15.15,71,22.0028,2012,12,11,5,41
3,0,1,2,34.44,39.395,49,12.998,2012,7,17,10,159
3,0,1,1,21.32,25.0,72,0.0,2012,9,12,7,557
4,0,1,3,14.76,16.665,81,23.9994,2011,11,10,13,96
3,0,1,1,29.52,32.575,39,6.0032,2012,9,13,16,491
4,0,1,2,19.68,23.485,88,0.0,2011,10,17,23,62
1,0,1,1,12.3,16.665,49,0.0,2012,1,5,11,84
2,0,0,1,15.58,19.695,54,23.9994,2011,4,2,17,184
2,0,0,1,17.22,21.21,69,7.0015,2011,5,1,1,59
2,0,1,1,22.14,25.76,22,27.9993,2012,4,10,18,704
4,0,0,1,15.58,19.695,54,19.0012,2011,11,12,11,315
2,0,1,2,22.96,26.515,83,15.0013,2012,5,14,11,79
2,0,1,1,27.06,31.06,61,15.0013,2011,5,2,16,269
1,0,0,1,7.38,9.85,51,11.0014,2011,1,16,21,28
4,0,1,1,11.48,13.635,41,11.0014,2011,11,18,19,190
3,0,1,1,33.62,34.85,23,12.998,2011,7,1,14,303
4,0,1,1,11.48,15.91,75,0.0,2011,12,14,7,247
1,0,0,1,8.2,8.335,32,32.9975,2011,1,8,14,95
1,0,0,2,14.76,17.425,43,8.9981,2012,3,4,3,26
3,0,1,1,37.72,40.91,31,11.0014,2012,7,17,15,244
2,0,0,2,20.5,24.24,88,8.9981,2011,5,14,3,35
3,0,0,1,21.32,25.0,77,12.998,2012,9,9,5,55
3,0,1,1,26.24,29.545,78,22.0028,2011,8,15,9,222
2,0,1,1,18.86,22.725,72,15.0013,2011,5,6,22,151
1,0,1,1,10.66,12.88,52,15.0013,2011,1,4,14,63
1,0,1,2,18.04,21.97,44,16.9979,2011,2,17,11,90
3,0,1,1,22.96,26.515,73,6.0032,2012,9,14,1,41
1,0,1,3,13.94,15.91,0,16.9979,2011,3,10,0,3
4,0,0,1,17.22,21.21,71,11.0014,2011,10,15,5,7
2,0,0,1,22.96,26.515,56,6.0032,2012,6,17,2,74
1,0,0,1,13.12,16.665,57,7.0015,2012,1,7,3,20
1,0,1,1,4.92,7.575,54,8.9981,2011,1,13,6,28
1,0,0,3,9.02,12.12,93,7.0015,2012,2,11,10,166
4,0,1,2,16.4,20.455,76,11.0014,2011,10,3,17,495
3,0,0,1,32.8,38.635,59,16.9979,2012,8,4,21,289
1,0,1,2,9.84,9.85,32,30.0026,2011,2,8,13,50
3,0,0,1,30.34,34.85,66,6.0032,2011,7,10,9,169
2,0,1,1,23.78,27.275,73,19.9995,2011,5,2,11,130
1,0,1,1,18.04,21.97,58,12.998,2011,3,17,19,207
2,0,1,2,13.94,16.665,53,11.0014,2012,4,13,5,21
4,0,0,2,12.3,15.91,87,6.0032,2012,12,2,1,94
3,0,1,2,27.06,29.545,89,0.0,2011,7,13,16,141
3,0,0,1,31.98,37.12,59,0.0,2012,7,8,17,270
4,0,0,2,14.76,17.425,62,8.9981,2012,12,15,23,119
1,0,0,2,12.3,13.635,52,19.9995,2012,3,4,7,23
1,0,1,2,13.12,16.665,39,6.0032,2012,2,10,14,146
3,0,0,3,26.24,30.305,73,0.0,2012,8,19,14,149
2,0,0,1,25.42,28.03,88,8.9981,2011,6,18,0,104
2,0,1,1,26.24,31.06,41,8.9981,2012,6,6,16,452
4,0,1,2,23.78,27.275,94,23.9994,2011,10,19,22,107
2,0,1,1,23.78,27.275,46,7.0015,2011,6,3,23,171
2,0,1,1,21.32,25.0,68,0.0,2012,6,4,5,35
2,0,1,1,20.5,24.24,42,12.998,2012,5,10,21,230
4,0,1,1,20.5,24.24,77,7.0015,2011,10,6,20,260
1,0,1,1,16.4,20.455,43,15.0013,2012,1,6,21,154
4,0,1,1,22.96,26.515,56,19.0012,2011,11,14,18,489
4,0,1,1,13.94,18.18,87,0.0,2011,11,7,1,8
3,0,0,1,27.06,31.06,57,6.0032,2012,8,19,0,187
4,0,1,1,26.24,31.06,47,16.9979,2011,10,5,17,591
3,0,0,1,27.06,31.06,74,0.0,2011,9,11,9,227
4,0,1,2,11.48,13.635,52,15.0013,2012,12,13,0,32
4,0,1,1,10.66,13.635,75,7.0015,2012,12,7,4,10
4,0,1,1,9.84,14.395,75,0.0,2011,12,12,23,45
4,0,1,2,15.58,19.695,54,15.0013,2012,11,19,21,203
1,0,1,1,14.76,16.665,34,19.0012,2012,1,5,16,197
2,0,1,1,36.08,40.91,42,8.9981,2011,6,8,12,149
3,0,1,1,27.88,31.82,65,8.9981,2011,8,18,0,56
4,0,1,1,22.14,25.76,49,11.0014,2011,11,8,13,196
4,0,1,3,21.32,25.0,94,22.0028,2011,10,19,12,130
2,0,1,3,22.96,26.515,83,16.9979,2011,5,18,9,202
4,0,0,1,10.66,15.15,87,0.0,2011,12,4,7,26
2,0,1,3,23.78,27.275,73,11.0014,2011,6,16,6,112
1,0,1,1,4.92,6.06,50,15.0013,2012,2,13,1,6
1,0,1,3,14.76,17.425,87,12.998,2012,3,2,19,174
2,0,0,3,12.3,14.395,100,16.9979,2011,4,9,3,14
4,1,0,1,15.58,19.695,37,31.0009,2011,11,11,14,247
4,0,1,2,23.78,27.275,83,15.0013,2011,10,11,19,318
3,0,1,1,28.7,32.575,54,8.9981,2011,8,10,4,5
1,0,1,3,10.66,13.635,81,7.0015,2012,2,8,16,75
2,0,1,2,21.32,25.0,72,6.0032,2012,5,1,5,17
4,0,1,1,20.5,24.24,59,19.0012,2012,10,15,22,126
1,0,0,2,12.3,14.395,36,15.0013,2012,2,19,3,15
2,0,1,1,31.98,34.85,43,15.0013,2011,6,17,15,243
1,0,0,1,6.56,7.575,47,15.0013,2012,1,14,23,76
1,0,1,2,8.2,11.365,86,6.0032,2012,1,9,20,132
4,0,0,1,18.04,21.97,62,16.9979,2012,12,2,14,473
1,0,1,1,13.12,15.15,49,16.9979,2012,2,2,23,61
4,0,0,1,22.14,25.76,37,0.0,2012,11,10,14,627
4,0,1,1,28.7,32.575,65,0.0,2012,10,3,19,593
2,0,1,2,31.16,36.365,70,7.0015,2011,6,9,8,432
3,0,0,1,24.6,28.79,78,16.9979,2012,8,18,5,9
2,0,0,2,29.52,32.575,37,16.9979,2012,6,16,17,593
3,0,1,1,28.7,32.575,61,0.0,2012,8,15,1,37
3,0,1,1,27.06,30.305,83,11.0014,2012,8,9,6,167
1,0,1,2,9.84,12.12,87,8.9981,2012,2,8,22,98
4,0,1,1,18.04,21.97,62,8.9981,2011,11,1,10,135
1,0,0,1,18.04,21.97,38,16.9979,2012,1,7,22,109
3,0,1,1,32.8,36.365,43,8.9981,2011,8,17,15,159
4,0,1,3,24.6,27.275,88,0.0,2012,10,2,8,134
3,0,0,1,31.16,36.365,70,11.0014,2012,7,7,1,71
4,0,1,2,29.52,33.335,54,12.998,2012,10,4,12,288
1,0,1,1,13.94,15.91,39,19.0012,2012,1,5,14,117
1,0,0,1,18.86,22.725,55,27.9993,2012,1,1,22,66
1,0,1,2,10.66,13.635,56,8.9981,2011,2,4,17,205
2,0,1,2,18.86,22.725,88,11.0014,2012,5,3,6,136
1,0,0,1,5.74,7.575,43,11.0014,2012,2,12,22,28
3,0,1,2,25.42,27.275,94,23.9994,2012,9,18,4,7
4,0,1,1,21.32,25.0,39,12.998,2012,10,16,17,943
3,0,1,1,35.26,39.395,41,7.0015,2012,8,9,13,281
2,0,1,1,25.42,31.06,43,0.0,2012,5,18,11,334
2,0,1,2,28.7,31.82,24,36.9974,2011,4,4,20,173
4,0,1,1,14.76,17.425,93,8.9981,2011,11,7,10,123
4,0,1,1,22.96,26.515,64,8.9981,2011,10,17,17,620
3,0,0,1,26.24,28.79,83,11.0014,2011,7,3,23,147
1,0,1,1,10.66,11.365,65,26.0027,2012,3,7,7,344
1,0,1,1,17.22,21.21,82,0.0,2012,2,2,12,148
1,0,0,1,12.3,14.395,36,16.9979,2012,3,10,1,51
4,0,1,2,22.96,26.515,64,6.0032,2011,11,15,9,200
4,0,0,1,18.04,21.97,62,8.9981,2012,10,6,22,185
1,0,1,1,10.66,13.635,35,7.0015,2011,1,6,13,67
3,0,0,1,30.34,34.85,66,11.0014,2011,8,14,16,292
1,0,1,1,13.12,17.425,61,0.0,2012,3,2,4,2
3,0,1,1,32.8,37.88,55,15.0013,2012,8,9,10,205
4,0,1,2,24.6,28.79,78,11.0014,2011,10,11,15,175
2,0,1,1,37.72,42.425,35,12.998,2011,6,9,12,140
3,0,1,3,26.24,28.79,89,6.0032,2011,9,7,20,96
3,0,1,2,27.88,12.12,69,19.9995,2012,8,17,21,255
2,0,1,1,13.94,15.15,57,19.9995,2012,4,11,23,61
1,0,1,1,7.38,9.85,59,8.9981,2012,3,5,6,91
3,0,0,2,27.88,31.82,89,7.0015,2012,7,15,4,19
3,0,1,2,27.06,30.305,83,12.998,2012,7,9,10,175
4,0,0,3,14.76,17.425,93,11.0014,2012,12,9,16,253
2,0,1,1,13.12,15.15,81,16.9979,2011,4,7,6,64
1,0,1,1,21.32,25.0,55,11.0014,2012,3,1,10,133
4,0,0,1,18.86,22.725,51,19.9995,2011,11,13,23,67
1,0,0,3,17.22,21.21,88,16.9979,2011,1,1,18,35
3,0,1,2,26.24,29.545,78,16.9979,2011,8,18,6,103
3,0,1,2,22.14,25.76,77,31.0009,2011,9,15,16,222
1,0,1,1,6.56,6.82,47,26.0027,2011,1,3,4,1
1,0,0,1,18.86,22.725,51,19.9995,2012,1,1,15,265
4,0,0,2,9.84,14.395,75,0.0,2012,12,15,6,11
1,0,1,1,9.84,10.605,52,19.0012,2011,3,1,10,68
1,0,1,2,11.48,14.395,93,7.0015,2012,2,17,3,1
1,0,1,1,11.48,13.635,61,11.0014,2012,2,8,1,10
2,0,1,3,25.42,28.79,83,16.9979,2011,6,16,22,151
1,0,1,2,12.3,14.395,42,15.0013,2011,2,4,16,99
3,0,1,1,28.7,32.575,70,6.0032,2011,8,1,22,137
3,0,1,1,34.44,41.665,59,22.0028,2011,7,11,19,373
2,0,1,3,18.86,22.725,94,19.9995,2011,4,5,5,5
1,0,1,2,8.2,9.85,69,15.0013,2011,1,7,1,7
2,0,0,1,17.22,21.21,82,6.0032,2011,5,7,2,52
2,0,1,1,26.24,30.305,65,6.0032,2011,6,7,0,20
3,0,1,2,31.16,34.85,55,6.0032,2011,8,3,3,4
4,0,1,3,12.3,12.88,87,35.0008,2011,12,7,21,6
1,0,1,1,8.2,9.85,51,12.998,2011,1,5,21,43
4,0,1,1,13.94,16.665,81,8.9981,2011,11,3,1,15
4,0,1,1,18.04,21.97,51,27.9993,2011,11,4,13,194
4,0,1,1,18.86,22.725,82,8.9981,2011,12,16,3,5
3,0,1,1,28.7,32.575,65,15.0013,2011,8,5,8,454
4,0,1,1,21.32,25.0,52,8.9981,2011,11,8,12,203
3,0,1,1,35.26,39.395,44,15.0013,2012,8,2,13,310
3,0,0,2,29.52,34.09,70,11.0014,2011,9,4,23,104
4,0,1,1,18.86,22.725,55,11.0014,2011,11,2,12,189
2,0,1,1,26.24,30.305,73,6.0032,2012,6,19,10,180
3,0,0,1,31.98,37.12,62,15.0013,2011,8,6,11,349
2,0,1,1,22.14,25.76,37,12.998,2012,5,11,23,180
2,0,1,1,31.16,33.335,31,26.0027,2012,6,8,14,373
4,0,0,2,16.4,20.455,82,22.0028,2011,10,1,13,125
4,0,0,1,23.78,27.275,32,19.0012,2011,10,15,17,441
4,0,1,2,9.84,12.88,60,7.0015,2012,12,6,20,227
3,0,1,1,24.6,30.305,64,6.0032,2012,9,13,9,338
3,0,0,1,27.88,31.82,83,8.9981,2012,7,15,6,15
3,0,1,2,27.88,31.82,89,0.0,2011,8,4,4,7
3,0,1,1,26.24,29.545,78,7.0015,2012,8,15,6,172
1,0,1,2,9.02,11.365,87,8.9981,2011,2,1,21,64
3,0,1,3,22.14,25.76,83,23.9994,2011,9,6,10,106
4,0,1,1,18.04,21.97,51,8.9981,2012,10,11,0,42
4,0,1,1,13.94,17.425,46,7.0015,2011,12,1,20,190
3,0,0,1,28.7,32.575,65,15.0013,2011,9,3,13,353
3,1,0,1,26.24,28.79,83,6.0032,2011,7,4,1,119
1,0,1,1,8.2,9.09,27,19.9995,2011,2,10,16,80
1,0,0,1,16.4,20.455,37,19.9995,2012,1,8,13,343
2,0,1,3,14.76,16.665,87,22.0028,2011,5,4,5,9
4,0,0,1,17.22,21.21,35,8.9981,2011,11,5,14,386
1,0,0,2,16.4,20.455,82,19.0012,2011,3,6,2,32
1,1,0,1,8.2,9.85,51,12.998,2011,1,17,17,71
3,0,1,1,28.7,32.575,48,6.0032,2011,8,11,21,206
1,0,1,1,9.84,11.365,44,12.998,2012,3,5,0,17
2,0,1,2,16.4,20.455,66,8.9981,2011,4,7,9,170
2,0,1,2,27.88,31.82,89,6.0032,2011,6,1,6,128
2,0,1,2,27.88,31.82,61,8.9981,2011,6,7,8,477
4,0,1,2,22.14,25.76,94,7.0015,2012,10,19,8,467
1,0,0,2,18.86,22.725,67,22.0028,2011,3,5,19,89
4,0,1,1,9.02,12.88,87,6.0032,2011,12,2,7,205
3,0,1,1,29.52,34.09,66,11.0014,2011,9,14,11,164
3,0,1,1,35.26,40.15,47,19.9995,2011,7,12,18,511
3,0,1,1,28.7,31.82,45,7.0015,2011,8,11,0,46
2,0,1,2,26.24,31.06,44,19.0012,2012,4,4,15,268
3,0,1,1,27.88,31.82,79,15.0013,2012,8,3,2,14
4,0,1,2,10.66,12.12,56,19.0012,2012,11,7,6,118
3,0,1,1,34.44,39.395,49,19.9995,2012,7,5,9,293
4,1,0,1,13.12,15.91,39,11.0014,2011,11,11,19,199
1,0,1,1,27.88,31.82,39,11.0014,2011,3,18,18,331
2,0,1,2,24.6,29.545,73,0.0,2011,5,2,22,125
3,0,1,2,32.8,39.395,63,23.9994,2011,7,8,15,141
4,0,1,1,21.32,25.0,72,0.0,2011,10,5,22,154
2,0,1,1,28.7,31.82,37,0.0,2011,6,13,13,227
4,0,1,3,22.14,25.76,88,0.0,2012,10,19,1,16
2,0,1,1,18.86,22.725,67,19.0012,2011,5,6,9,188
1,0,0,1,13.12,14.395,42,30.0026,2011,1,2,19,30
4,0,1,2,12.3,15.91,61,6.0032,2012,11,16,6,130
1,0,0,1,7.38,9.85,47,11.0014,2011,1,16,20,57
1,0,1,1,18.04,21.97,38,12.998,2012,2,7,15,146
1,0,0,1,17.22,21.21,44,32.9975,2011,3,12,15,182
2,0,1,1,13.94,17.425,71,7.0015,2012,4,10,7,384
2,0,1,1,18.86,22.725,94,12.998,2011,4,11,5,13
2,0,1,1,28.7,32.575,61,6.0032,2012,5,15,18,733
2,0,1,1,19.68,23.485,31,19.0012,2012,4,12,16,353
4,0,1,3,18.86,22.725,77,31.0009,2012,12,11,0,31
3,0,1,1,30.34,34.85,66,16.9979,2012,7,18,16,224
4,0,1,1,22.14,25.76,60,19.9995,2011,10,5,9,219
4,1,0,2,28.7,31.82,45,6.0032,2011,10,10,16,402
2,0,1,1,22.14,25.76,77,19.0012,2011,5,19,20,282
2,0,1,1,27.06,31.06,57,16.9979,2012,6,14,11,228
1,0,0,1,8.2,9.09,44,22.0028,2011,1,8,13,102
2,0,1,1,13.94,17.425,81,7.0015,2011,5,6,5,16
1,0,1,3,16.4,20.455,0,11.0014,2011,3,10,10,17
3,0,0,1,31.16,34.09,40,8.9981,2012,8,12,15,577
3,0,1,1,28.7,32.575,48,0.0,2011,8,11,22,157
2,0,0,2,15.58,19.695,87,6.0032,2011,4,9,23,57
2,0,1,1,25.42,31.06,33,16.9979,2011,6,3,10,161
4,0,1,2,13.12,15.15,53,19.0012,2012,11,7,12,212
2,0,0,1,15.58,19.695,62,22.0028,2011,4,2,16,196
4,0,1,1,27.06,30.305,78,12.998,2011,10,13,14,133
2,0,0,1,24.6,28.79,78,7.0015,2012,6,10,7,62
4,0,1,1,8.2,12.88,80,0.0,2011,12,13,6,92
2,0,1,1,26.24,30.305,73,6.0032,2012,6,19,9,328
3,0,0,1,34.44,41.665,59,11.0014,2012,7,7,9,256
1,0,1,1,12.3,14.395,28,12.998,2011,2,11,16,125
4,0,1,1,11.48,12.88,36,26.0027,2012,11,8,7,423
3,0,1,1,32.8,37.88,55,0.0,2012,8,2,10,181
3,0,0,2,29.52,34.09,66,11.0014,2011,9,3,14,380
4,0,0,1,19.68,23.485,33,12.998,2012,10,13,14,597
2,1,0,1,16.4,20.455,76,0.0,2011,4,15,3,3
1,0,1,1,5.74,7.575,74,8.9981,2011,2,4,8,220
1,0,0,2,6.56,8.335,74,11.0014,2011,1,8,5,5
1,0,1,1,0.82,2.275,41,12.998,2012,1,4,4,2
3,0,0,2,24.6,29.545,73,8.9981,2012,8,19,5,11
1,0,0,2,17.22,21.21,100,19.9995,2011,3,6,10,31
3,0,0,3,29.52,34.85,74,6.0032,2012,9,2,13,493
2,0,1,1,24.6,31.06,40,16.9979,2011,5,6,16,344
3,0,1,1,30.34,34.09,58,19.0012,2011,8,15,12,178
4,0,1,1,24.6,31.06,53,8.9981,2012,12,3,16,442
4,0,0,1,15.58,19.695,87,8.9981,2012,12,8,17,345
2,0,0,1,28.7,31.82,39,8.9981,2012,5,19,19,432
4,0,1,1,10.66,14.395,70,6.0032,2011,12,2,0,38
2,0,1,1,28.7,31.82,34,16.9979,2011,6,13,14,200
1,0,1,3,18.04,21.97,0,15.0013,2011,3,10,15,14
3,0,1,1,29.52,33.335,51,12.998,2011,9,12,12,184
3,0,1,1,38.54,42.425,33,0.0,2012,7,18,13,203
2,0,1,1,21.32,25.0,55,19.0012,2011,4,18,22,90
4,0,1,2,13.94,15.91,66,15.0013,2011,12,15,8,457
1,0,0,1,9.84,12.88,81,6.0032,2012,2,4,5,4
3,0,1,1,37.72,41.665,33,23.9994,2012,7,5,15,254
3,0,0,1,31.16,34.85,55,8.9981,2011,7,10,10,268
3,0,0,1,29.52,34.09,62,6.0032,2012,8,11,10,407
1,0,0,1,6.56,6.82,47,23.9994,2012,1,14,22,66
1,0,1,2,8.2,10.605,37,11.0014,2011,1,7,15,72
4,0,1,1,8.2,11.365,69,6.0032,2011,12,12,0,20
3,0,0,1,29.52,35.605,84,8.9981,2012,8,4,2,84
1,0,1,3,13.12,15.15,93,15.0013,2012,1,11,19,93
3,0,1,1,27.06,31.06,74,12.998,2011,9,13,20,272
4,0,1,2,22.96,26.515,83,0.0,2012,10,19,4,6
2,0,1,1,22.14,25.76,56,19.9995,2011,6,14,6,113
3,1,0,2,31.16,34.85,55,6.0032,2011,7,4,11,349
2,0,1,1,22.96,26.515,73,15.0013,2012,5,2,18,813
3,0,1,1,29.52,34.09,62,15.0013,2011,8,17,21,230
3,0,1,3,22.14,25.76,94,23.9994,2011,9,6,0,8
2,0,1,1,28.7,32.575,65,7.0015,2012,6,11,0,41
1,0,1,2,9.84,12.12,65,11.0014,2011,2,4,20,71
3,0,1,1,31.16,35.605,62,19.0012,2012,8,10,19,492
3,0,0,1,36.9,40.91,37,35.0008,2012,8,5,15,450
4,0,1,1,18.04,21.97,58,12.998,2012,10,10,23,136
4,0,1,1,12.3,16.665,87,0.0,2011,11,2,4,4
1,0,1,1,13.12,15.15,22,15.0013,2012,2,13,13,140
2,0,0,1,26.24,31.06,53,0.0,2012,6,17,14,582
2,0,1,1,18.04,21.97,38,12.998,2012,4,13,10,192
2,0,1,2,25.42,30.305,69,8.9981,2011,5,2,20,218
4,0,0,1,13.94,16.665,76,12.998,2011,10,2,7,29
2,0,0,1,23.78,27.275,88,0.0,2012,5,5,2,75
4,0,1,2,24.6,31.06,43,11.0014,2012,10,1,13,305
2,0,1,1,20.5,24.24,31,12.998,2012,4,5,16,402
2,0,1,1,21.32,25.0,59,8.9981,2011,5,9,21,156
4,0,1,1,26.24,28.79,89,0.0,2012,10,4,8,738
1,0,1,1,5.74,7.575,69,8.9981,2011,1,14,9,117
4,0,1,2,24.6,29.545,73,12.998,2011,10,11,13,180
4,0,1,1,10.66,12.88,81,12.998,2012,12,14,10,190
3,0,1,1,30.34,33.335,51,11.0014,2012,7,13,19,488
3,0,1,1,25.42,28.79,83,8.9981,2011,8,19,21,107
3,0,1,1,27.06,31.06,61,15.0013,2011,9,1,20,280
3,0,1,1,27.06,29.545,89,11.0014,2011,9,9,19,349
1,0,1,1,10.66,13.635,70,8.9981,2012,2,6,11,116
3,0,0,2,28.7,33.335,74,19.0012,2011,8,13,16,281
4,0,1,2,17.22,21.21,71,31.0009,2011,11,4,9,254
1,0,0,1,5.74,6.06,46,16.9979,2011,1,9,20,38
4,0,1,2,13.12,15.15,53,15.0013,2012,12,12,17,561
1,0,1,1,12.3,14.395,52,16.9979,2011,3,11,23,37
1,0,1,1,29.52,32.575,32,15.0013,2012,3,15,15,287
4,0,0,1,14.76,18.94,77,0.0,2012,11,11,9,273
3,0,0,1,31.16,35.605,62,7.0015,2011,7,3,11,390
3,0,1,1,29.52,33.335,51,8.9981,2011,9,1,11,192
1,0,1,1,4.1,6.82,54,6.0032,2011,1,14,5,8
2,0,1,2,22.96,26.515,68,22.0028,2011,5,3,23,62
2,0,0,1,33.62,36.365,38,15.0013,2012,6,10,18,490
4,0,1,1,18.04,21.97,67,8.9981,2012,10,16,2,3
2,0,1,1,25.42,31.06,38,19.9995,2011,5,9,18,524
3,0,1,1,27.88,31.82,74,12.998,2011,8,4,22,174
3,0,1,1,32.8,36.365,43,7.0015,2011,7,5,12,201
4,0,1,1,13.12,15.91,81,12.998,2011,11,1,5,18
1,0,1,3,9.02,13.635,87,0.0,2012,1,9,17,152
3,0,0,1,30.34,35.605,79,11.0014,2012,8,4,0,161
3,0,1,1,32.8,37.88,55,6.0032,2011,7,18,11,141
4,0,1,1,11.48,13.635,48,11.0014,2011,11,18,21,111
4,0,0,1,18.04,21.97,58,27.9993,2011,10,1,4,8
2,0,1,1,25.42,31.06,38,16.9979,2011,5,9,17,598
1,0,1,1,13.12,15.15,53,19.9995,2012,2,3,11,164
4,0,0,2,18.04,21.97,72,6.0032,2012,10,7,13,320
4,0,1,3,13.12,14.395,81,31.0009,2012,11,13,6,50
1,1,0,2,6.56,7.575,55,12.998,2011,1,17,11,64
1,0,1,2,8.2,12.88,93,0.0,2012,1,9,21,79
4,0,1,2,24.6,29.545,73,11.0014,2011,10,11,12,181
3,0,1,1,27.06,31.06,54,8.9981,2011,8,11,2,11
3,0,1,1,35.26,37.88,36,11.0014,2011,8,1,10,97
1,0,1,2,10.66,12.88,65,15.0013,2012,2,8,11,102
4,0,1,1,15.58,19.695,50,26.0027,2012,12,19,19,336
1,0,1,1,14.76,16.665,34,27.9993,2012,3,9,12,201
3,0,0,1,33.62,35.605,30,7.0015,2011,7,2,13,404
3,0,0,1,24.6,31.06,43,6.0032,2012,9,15,20,330
2,0,1,1,24.6,30.305,28,7.0015,2012,5,11,21,270
3,0,1,3,25.42,28.79,83,15.0013,2012,9,17,21,233
3,0,0,2,26.24,30.305,69,7.0015,2012,8,19,8,124
4,0,1,1,17.22,21.21,35,30.0026,2012,12,5,18,609
3,0,1,3,27.88,31.82,83,30.0026,2012,9,18,12,88
3,0,0,1,30.34,34.09,55,12.998,2011,9,10,16,431
3,0,1,2,24.6,27.275,88,19.9995,2012,9,18,19,324
4,0,0,1,9.84,12.88,65,6.0032,2011,11,12,2,46
4,1,0,1,18.86,22.725,94,0.0,2011,10,10,5,21
1,0,1,3,6.56,9.09,93,7.0015,2011,1,11,22,29
2,0,0,2,22.14,25.76,77,7.0015,2012,5,6,10,333
4,0,0,2,13.12,17.425,81,0.0,2012,12,1,19,249
3,0,0,1,33.62,37.12,43,19.0012,2011,7,10,18,363
1,0,1,1,5.74,6.06,50,19.0012,2011,1,13,1,2
1,0,1,1,21.32,25.0,72,8.9981,2012,3,19,10,184
3,0,1,1,30.34,34.09,55,8.9981,2011,8,5,10,163
2,0,1,1,18.86,22.725,67,23.9994,2012,5,10,8,630
2,0,0,1,28.7,32.575,61,8.9981,2011,6,11,6,40
1,0,1,1,8.2,8.335,44,27.9993,2011,1,13,12,52
2,0,1,1,22.14,25.76,90,8.9981,2012,5,2,5,33
3,0,0,1,26.24,30.305,69,12.998,2011,7,17,1,102
4,0,0,3,15.58,19.695,87,15.0013,2011,10,1,18,140
2,0,1,1,30.34,32.575,28,19.0012,2011,6,15,13,189
4,0,0,1,14.76,16.665,46,26.0027,2012,11,3,10,328
1,0,1,3,12.3,15.15,61,8.9981,2012,2,10,18,359
4,0,1,2,18.86,22.725,87,12.998,2011,12,6,3,3
1,0,1,2,18.86,22.725,94,19.0012,2012,3,1,2,6
4,0,1,1,28.7,32.575,61,16.9979,2012,10,4,14,267
3,0,0,1,32.8,34.85,33,0.0,2012,8,12,17,505
4,0,1,2,12.3,14.395,75,12.998,2012,12,7,8,441
3,0,1,1,31.16,36.365,70,23.9994,2012,9,4,17,856
2,0,1,1,24.6,30.305,26,11.0014,2012,4,3,18,800
4,0,1,1,16.4,20.455,50,16.9979,2012,10,11,4,10
2,0,1,1,27.06,31.06,39,19.9995,2012,6,4,15,292
4,0,0,3,15.58,19.695,82,22.0028,2011,10,1,11,132
1,0,1,1,8.2,9.09,47,23.9994,2011,1,12,17,139
1,0,1,1,17.22,21.21,32,19.0012,2012,2,6,15,171
3,0,0,3,28.7,33.335,74,8.9981,2012,8,5,18,229
4,0,1,1,20.5,24.24,51,12.998,2011,11,3,12,179
3,0,1,2,28.7,33.335,74,7.0015,2011,8,18,22,135
3,0,1,1,31.16,35.605,58,16.9979,2011,8,18,11,141
3,0,1,1,36.08,40.91,44,19.0012,2011,7,12,17,428
3,0,1,2,25.42,29.545,73,11.0014,2012,9,17,18,774
4,0,1,3,25.42,27.275,94,0.0,2012,10,2,19,395
4,0,1,1,18.86,22.725,82,0.0,2011,10,7,8,417
3,0,1,2,27.88,31.82,89,6.0032,2011,8,4,0,17
2,0,0,3,17.22,21.21,41,15.0013,2011,4,3,20,79
1,0,1,2,16.4,20.455,87,12.998,2012,3,16,7,278
3,0,1,2,21.32,25.0,48,11.0014,2011,9,16,16,358
4,0,1,2,23.78,27.275,78,12.998,2011,10,11,21,175
2,0,1,1,29.52,32.575,32,32.9975,2012,6,13,15,281
2,0,0,2,27.88,31.82,74,7.0015,2011,6,19,9,169
2,0,1,1,20.5,24.24,31,11.0014,2012,4,5,17,822
2,0,1,2,22.14,25.76,73,22.0028,2011,4,5,3,4
1,0,1,1,11.48,13.635,52,16.9979,2011,1,4,15,65
1,0,0,1,13.12,14.395,28,35.0008,2011,2,19,20,47
4,0,0,2,13.12,15.91,81,11.0014,2012,12,2,11,355
3,0,1,1,29.52,34.09,70,7.0015,2012,8,1,22,288
4,0,1,1,14.76,18.18,76,6.0032,2011,11,2,23,57
4,0,1,3,22.14,25.76,94,11.0014,2011,10,19,14,97
4,0,0,1,18.04,21.97,62,11.0014,2011,11,6,17,256
4,0,1,1,18.86,22.725,67,11.0014,2012,12,5,2,9
1,0,1,1,13.12,15.91,49,12.998,2012,3,6,20,187
2,0,1,1,22.14,25.76,64,8.9981,2011,5,11,20,273
3,0,1,1,36.08,40.91,42,7.0015,2012,7,16,14,212
4,0,1,1,9.84,11.365,48,12.998,2012,12,6,9,276
1,0,1,1,12.3,15.15,56,11.0014,2011,3,11,20,76
2,0,1,3,28.7,32.575,65,15.0013,2011,6,10,0,69
3,0,1,1,18.86,22.725,67,31.0009,2011,9,15,19,232
2,0,0,2,26.24,31.06,57,0.0,2011,6,4,23,150
4,0,1,1,24.6,31.06,56,19.0012,2012,10,18,16,450
1,0,1,2,12.3,15.91,70,6.0032,2012,2,16,8,498
3,0,0,1,30.34,35.605,74,11.0014,2012,7,7,4,16
4,0,0,1,10.66,15.15,87,0.0,2011,12,4,4,11
4,0,0,1,19.68,23.485,48,0.0,2012,11,10,12,606
4,0,1,2,14.76,16.665,62,19.0012,2011,11,10,20,168
4,0,0,1,22.14,25.76,37,0.0,2012,11,10,16,605
3,0,1,1,28.7,32.575,61,12.998,2012,8,15,21,315
2,0,0,1,28.7,31.82,34,16.9979,2012,6,3,17,578
2,0,0,1,29.52,34.09,62,11.0014,2012,6,10,21,253
2,0,1,2,26.24,30.305,73,12.998,2012,5,15,14,184
2,1,0,1,32.8,34.85,33,31.0009,2012,4,16,16,358
2,0,1,1,27.88,31.82,79,7.0015,2011,6,7,23,90
1,0,1,1,8.2,12.88,61,0.0,2012,1,5,3,4
1,0,1,2,13.94,15.91,57,15.0013,2011,3,15,11,78
3,0,1,2,27.06,30.305,83,39.0007,2012,9,18,9,293
1,0,1,1,12.3,16.665,61,0.0,2012,2,7,2,4
4,0,1,2,16.4,20.455,54,11.0014,2012,11,1,16,344
1,0,1,1,12.3,14.395,49,12.998,2011,3,8,21,75
3,0,1,3,26.24,28.03,94,23.9994,2011,9,8,18,68
4,0,0,1,20.5,24.24,51,8.9981,2011,10,15,19,238
3,0,0,2,31.16,35.605,58,12.998,2012,9,1,9,237
2,0,0,2,28.7,31.82,42,12.998,2012,6,16,19,461
1,0,1,2,8.2,10.605,75,8.9981,2012,1,5,6,78
1,0,1,1,9.02,12.88,75,6.0032,2012,2,6,1,6
4,0,1,1,28.7,31.82,42,11.0014,2012,10,5,17,900
2,0,1,1,19.68,23.485,63,6.0032,2012,4,19,10,189
1,0,1,1,18.86,22.725,47,15.0013,2012,2,1,13,186
2,0,1,1,22.96,26.515,88,6.0032,2011,5,16,23,57
3,0,1,1,24.6,30.305,60,15.0013,2011,7,14,6,130
3,0,1,1,20.5,24.24,63,6.0032,2012,9,19,22,229
1,0,1,3,17.22,21.21,0,16.9979,2011,3,10,16,21
3,0,1,1,32.8,35.605,41,15.0013,2012,7,10,15,265
1,0,0,1,4.92,8.335,74,6.0032,2011,2,12,4,4
2,0,1,2,21.32,25.0,48,7.0015,2011,5,10,9,205
4,0,0,1,17.22,21.21,32,19.9995,2011,11,19,14,349
2,0,1,1,29.52,32.575,32,8.9981,2012,6,8,20,408
3,0,0,2,27.06,29.545,94,15.0013,2012,9,8,4,11
4,0,1,1,22.96,26.515,94,11.0014,2011,10,14,2,6
4,0,0,3,16.4,20.455,82,12.998,2012,10,7,18,106
3,1,0,1,26.24,29.545,78,0.0,2011,7,4,3,26
3,0,1,1,29.52,34.09,62,11.0014,2011,9,14,18,586
3,0,1,3,27.06,30.305,83,15.0013,2012,7,9,7,230
4,0,0,1,18.86,22.725,38,11.0014,2012,10,13,17,528
4,0,1,1,12.3,15.15,52,11.0014,2012,12,12,0,34
2,0,1,1,24.6,31.06,43,12.998,2012,5,17,12,348
1,0,1,1,4.92,6.82,39,11.0014,2011,2,9,9,123
2,0,1,3,28.7,32.575,65,15.0013,2011,6,10,1,23
2,0,1,3,19.68,23.485,82,7.0015,2012,5,9,22,67
2,0,1,1,27.06,31.06,36,19.9995,2012,6,7,20,478
3,0,0,1,25.42,28.79,83,11.0014,2011,9,10,8,119
4,0,1,1,14.76,18.18,76,6.0032,2012,10,12,3,6
2,0,0,1,29.52,34.09,62,12.998,2011,6,18,10,244
4,0,1,1,20.5,24.24,72,8.9981,2012,10,17,20,414
3,0,1,2,22.14,25.76,94,22.0028,2011,9,6,22,84
2,0,1,1,25.42,29.545,73,31.0009,2011,5,17,14,184
4,0,0,1,16.4,20.455,50,8.9981,2012,12,15,16,413
1,0,1,1,18.04,21.97,77,16.9979,2012,3,16,0,57
4,0,1,1,12.3,14.395,52,19.0012,2012,11,5,21,152
3,0,1,1,27.06,29.545,89,7.0015,2011,8,8,4,10
2,0,1,2,23.78,27.275,78,6.0032,2012,5,14,22,129
3,0,1,1,28.7,32.575,65,7.0015,2011,7,5,1,39
4,0,1,1,14.76,18.18,76,7.0015,2011,10,3,2,4
2,0,1,2,28.7,32.575,61,6.0032,2012,5,15,15,256
2,1,0,2,18.86,22.725,67,26.0027,2011,4,15,18,263
3,0,1,2,27.06,31.06,69,19.9995,2011,9,15,12,179
4,0,1,1,20.5,24.24,63,19.9995,2011,10,17,5,29
3,0,1,1,27.88,31.82,74,12.998,2011,7,11,6,121
4,0,1,1,14.76,16.665,43,19.0012,2012,11,5,16,360
3,0,1,1,26.24,28.03,94,7.0015,2011,7,7,3,4
1,0,1,1,10.66,10.605,33,36.9974,2012,1,13,14,129
4,0,1,2,20.5,24.24,72,11.0014,2012,10,9,20,360
2,0,0,1,25.42,28.03,88,15.0013,2011,6,12,5,10
3,0,0,1,27.06,29.545,89,19.0012,2012,9,8,7,82
2,0,1,1,32.8,34.85,29,12.998,2011,6,6,15,165
4,0,1,1,10.66,12.12,60,19.0012,2011,12,1,1,10
1,0,1,3,14.76,18.18,73,7.0015,2012,2,1,8,520
2,0,1,2,20.5,24.24,100,0.0,2011,5,19,7,257
1,0,1,1,9.02,10.605,37,16.9979,2012,1,18,20,165
2,0,1,2,21.32,25.0,88,0.0,2011,5,19,8,487
3,0,1,1,33.62,37.88,46,16.9979,2011,8,8,12,182
2,0,1,1,25.42,30.305,65,11.0014,2012,6,15,9,366
3,0,1,1,26.24,28.79,83,0.0,2011,8,19,5,17
4,0,1,1,11.48,13.635,61,15.0013,2012,12,12,1,21
3,0,1,1,29.52,33.335,54,16.9979,2011,9,1,17,628
1,0,1,2,12.3,14.395,65,12.998,2012,2,15,7,321
2,0,1,1,32.8,38.635,59,15.0013,2011,6,10,18,463
2,0,0,1,18.86,22.725,67,0.0,2012,5,19,5,12
3,0,1,1,34.44,39.395,49,22.0028,2011,7,18,17,545
1,0,1,1,11.48,13.635,48,15.0013,2011,1,4,17,212
3,0,1,1,32.8,37.88,55,16.9979,2012,9,7,15,331
1,0,0,2,9.84,12.88,93,7.0015,2012,2,5,2,63
3,0,1,1,33.62,37.12,43,0.0,2011,7,5,15,162
3,0,0,1,27.88,31.82,83,8.9981,2011,9,3,21,164
3,0,0,1,29.52,34.09,70,15.0013,2011,9,3,17,371
4,0,1,2,19.68,23.485,82,19.0012,2012,12,10,17,616
4,0,0,1,17.22,21.21,47,0.0,2012,12,15,15,447
4,0,1,1,9.84,14.395,65,0.0,2011,12,9,0,34
2,0,1,1,19.68,23.485,39,19.0012,2012,4,9,0,37
1,0,1,1,11.48,12.12,33,27.9993,2012,1,13,17,332
4,0,1,2,16.4,20.455,87,23.9994,2011,11,4,8,395
2,0,1,2,20.5,24.24,59,7.0015,2011,5,11,1,20
3,0,1,1,31.98,34.09,29,6.0032,2011,8,12,13,253
2,0,1,1,24.6,30.305,60,32.9975,2011,6,13,3,7
3,0,1,2,32.8,35.605,36,11.0014,2012,7,13,17,835
2,0,1,2,25.42,30.305,65,16.9979,2012,5,9,10,153
3,0,1,3,28.7,33.335,84,0.0,2011,8,3,18,492
1,0,1,2,9.84,12.12,65,8.9981,2011,2,4,19,103
4,0,0,1,11.48,13.635,45,15.0013,2011,12,17,16,222
2,0,0,2,26.24,31.06,50,15.0013,2012,6,16,21,290
1,0,1,1,15.58,19.695,54,12.998,2012,3,12,0,24
3,0,0,1,33.62,37.12,41,15.0013,2011,7,9,13,416
1,0,1,2,8.2,11.365,59,6.0032,2011,1,11,13,52
1,0,1,1,9.84,11.365,65,15.0013,2012,2,3,7,226
4,0,1,1,20.5,24.24,51,11.0014,2011,11,9,12,180
4,0,0,2,14.76,15.91,46,31.0009,2012,11,3,12,394
3,0,1,1,32.8,34.85,29,11.0014,2011,8,12,15,249
4,1,0,1,16.4,20.455,76,6.0032,2012,11,12,4,4
3,0,1,2,28.7,32.575,61,8.9981,2011,9,2,16,381
2,0,1,1,30.34,33.335,42,12.998,2012,6,14,18,823
2,0,0,1,34.44,36.365,30,15.0013,2012,6,10,15,475
2,0,0,2,25.42,30.305,65,8.9981,2012,5,6,17,511
4,0,0,1,10.66,13.635,87,7.0015,2012,11,10,4,6
1,0,1,2,7.38,8.335,40,19.0012,2012,1,4,16,131
1,0,0,1,17.22,21.21,41,16.9979,2012,2,18,15,499
2,0,1,2,18.04,21.97,62,8.9981,2011,5,10,7,314
1,0,1,1,8.2,9.09,59,26.0027,2011,3,1,8,214
1,0,0,1,18.04,21.97,16,43.0006,2011,2,19,16,120
1,0,1,1,7.38,8.335,51,19.9995,2012,3,6,4,3
4,0,1,1,9.84,10.605,52,19.0012,2012,12,6,2,9
4,0,1,1,21.32,25.0,32,6.0032,2012,10,11,14,348
2,0,1,3,22.96,26.515,94,8.9981,2012,5,15,7,92
1,0,1,1,9.84,9.85,38,32.9975,2012,1,13,12,154
1,0,0,1,9.02,10.605,55,19.0012,2011,1,16,8,18
4,0,0,1,16.4,20.455,50,15.0013,2012,12,15,17,309
1,1,0,1,10.66,11.365,41,26.0027,2012,1,2,6,14
2,1,0,1,32.8,34.85,33,26.0027,2012,4,16,17,712
4,0,1,3,22.14,25.76,77,6.0032,2012,10,1,22,207
2,0,1,1,28.7,32.575,54,8.9981,2012,5,1,18,743
2,0,0,1,25.42,31.06,38,6.0032,2012,5,19,11,586
3,0,0,3,25.42,28.79,83,12.998,2011,7,3,5,1
2,0,1,2,23.78,27.275,68,12.998,2012,6,18,14,219
1,0,1,1,17.22,21.21,62,19.0012,2011,3,17,23,50
2,0,1,1,23.78,27.275,24,27.9993,2011,5,5,16,269
3,0,1,3,24.6,25.76,94,16.9979,2012,9,17,23,70
1,0,0,1,14.76,16.665,37,23.9994,2012,3,4,13,364
4,0,1,1,13.94,16.665,49,0.0,2012,12,18,22,132
4,0,1,1,13.12,16.665,57,7.0015,2012,11,2,8,687
3,0,1,1,29.52,34.09,66,16.9979,2011,8,18,9,228
1,1,0,1,4.1,6.82,54,7.0015,2012,1,16,7,33
4,0,0,1,17.22,21.21,38,19.9995,2011,11,19,16,287
2,0,0,2,14.76,18.18,100,6.0032,2011,4,10,7,10
1,0,1,2,9.84,12.88,60,6.0032,2012,2,14,7,280
2,0,1,1,24.6,29.545,73,6.0032,2011,6,7,2,5
1,0,1,1,11.48,12.88,65,19.0012,2012,3,7,0,15
3,0,0,1,24.6,27.275,88,8.9981,2011,9,10,7,52
3,0,1,1,32.8,37.88,55,11.0014,2011,8,4,14,167
3,0,1,1,32.8,37.88,55,27.9993,2012,9,4,14,274
3,0,0,3,29.52,34.85,74,19.9995,2011,8,7,16,193
1,0,1,1,9.02,9.85,37,22.0028,2011,2,3,15,60
3,0,1,1,30.34,33.335,51,19.0012,2011,8,15,17,530
2,0,1,2,27.88,31.82,65,11.0014,2012,6,12,1,16
1,0,1,2,13.12,16.665,93,6.0032,2011,3,11,3,2
1,0,1,2,9.02,12.12,87,7.0015,2012,1,10,0,14
4,0,1,2,25.42,27.275,94,0.0,2012,10,3,2,9
1,0,0,1,3.28,3.79,53,16.9979,2012,2,12,8,26
4,0,1,1,9.02,12.88,64,6.0032,2012,12,14,0,47
4,0,1,2,24.6,25.76,94,0.0,2012,10,3,3,7
2,0,1,2,25.42,31.06,53,16.9979,2012,6,14,2,9
3,0,1,1,28.7,32.575,61,11.0014,2012,8,15,22,226
2,0,1,1,18.86,22.725,59,0.0,2012,4,4,1,11
3,0,1,2,28.7,32.575,54,12.998,2012,9,14,12,409
1,0,0,1,18.04,21.97,47,15.0013,2012,3,11,20,171
4,0,1,1,17.22,21.21,67,16.9979,2012,10,16,5,52
3,0,1,1,27.06,31.06,69,8.9981,2011,9,2,19,287
2,0,0,1,26.24,28.79,89,16.9979,2011,6,12,2,66
1,0,1,3,13.94,15.91,87,15.0013,2012,1,11,17,134
3,0,1,3,28.7,33.335,79,11.0014,2012,8,6,9,276
4,0,1,2,10.66,14.395,60,6.0032,2011,12,12,11,115
2,0,1,2,21.32,25.0,77,22.0028,2012,6,5,1,20
3,1,0,2,30.34,34.09,62,7.0015,2011,7,4,21,457
1,0,0,1,5.74,6.06,42,22.0028,2012,2,12,20,57
3,0,1,1,28.7,33.335,79,16.9979,2011,9,9,17,505
2,0,0,1,30.34,32.575,40,12.998,2012,6,9,21,316
3,0,0,1,20.5,24.24,68,0.0,2012,9,16,3,48
3,0,1,3,26.24,28.03,94,8.9981,2011,7,13,15,46
2,0,0,3,21.32,25.0,83,39.0007,2011,4,16,14,63
1,0,1,3,14.76,17.425,93,12.998,2012,1,12,1,3
2,0,1,1,27.88,31.06,26,16.9979,2011,6,3,13,248
4,0,1,2,21.32,25.0,68,11.0014,2012,10,9,17,806
1,0,1,1,17.22,21.21,77,16.9979,2012,3,8,6,109
1,0,1,1,16.4,20.455,37,7.0015,2012,2,3,16,311
2,0,1,2,22.14,25.76,68,15.0013,2011,5,12,10,147
2,0,1,1,19.68,23.485,77,6.0032,2011,4,19,22,112
2,0,1,1,21.32,25.0,77,0.0,2012,6,6,23,123
3,0,0,1,28.7,33.335,79,7.0015,2011,8,7,23,55
4,0,0,1,9.02,11.365,75,12.998,2011,11,12,7,27
1,0,1,1,28.7,31.82,39,15.0013,2012,3,13,15,264
3,0,1,1,29.52,34.85,74,8.9981,2012,9,7,10,224
2,0,0,1,26.24,31.06,53,12.998,2012,6,17,18,513
2,0,1,2,22.14,25.76,68,19.0012,2011,4,12,6,58
2,0,0,1,22.96,26.515,30,30.0026,2011,4,17,17,306
1,0,1,1,4.92,6.06,50,19.0012,2011,1,10,6,31
2,0,1,1,24.6,30.305,60,19.9995,2012,5,14,2,2
1,0,1,3,19.68,23.485,82,6.0032,2012,3,16,18,408
3,0,1,1,26.24,12.12,73,7.0015,2012,8,17,7,379
1,0,1,1,8.2,8.335,40,27.9993,2011,2,3,13,51
4,0,1,2,22.14,25.76,88,0.0,2012,10,19,2,10
3,0,1,2,24.6,27.275,88,8.9981,2011,8,15,1,10
2,0,1,1,13.94,17.425,71,7.0015,2012,4,10,6,103
4,0,1,3,18.86,22.725,100,16.9979,2011,12,6,16,88
4,0,0,1,10.66,12.88,60,11.0014,2011,12,10,5,6
3,0,1,1,28.7,32.575,48,8.9981,2011,8,12,21,226
1,0,1,1,13.94,17.425,57,7.0015,2012,3,12,6,88
2,0,0,1,27.88,31.06,24,12.998,2012,5,12,15,590
1,0,1,3,9.02,12.12,93,7.0015,2011,2,2,6,18
1,0,0,1,12.3,13.635,52,22.0028,2012,3,4,8,66
1,0,1,1,21.32,25.0,68,0.0,2012,3,14,9,351
1,0,1,2,8.2,9.85,40,12.998,2012,1,4,20,123
4,0,1,2,13.12,16.665,66,7.0015,2012,11,16,0,65
1,0,0,2,18.04,21.97,94,16.9979,2011,1,2,1,17
3,0,1,1,25.42,29.545,73,22.0028,2011,8,16,6,119
2,0,1,1,27.06,31.06,74,7.0015,2011,6,8,7,353
3,0,0,2,27.06,30.305,83,11.0014,2011,8,6,4,10
4,0,0,1,6.56,9.09,59,8.9981,2011,12,11,3,19
3,0,1,2,22.14,25.76,64,22.0028,2012,9,19,2,3
2,0,0,1,18.86,22.725,82,7.0015,2011,4,10,13,263
4,0,0,2,13.94,15.15,49,22.0028,2012,11,3,1,89
3,0,0,1,24.6,28.03,83,7.0015,2012,9,15,0,207
1,0,1,1,27.06,31.06,44,19.0012,2012,3,15,18,746
3,0,1,1,24.6,28.79,78,6.0032,2011,9,12,8,408
2,0,1,1,24.6,28.03,83,0.0,2012,5,3,23,121
3,0,1,1,32.8,34.85,27,12.998,2011,8,11,16,298
4,0,1,1,17.22,21.21,58,6.0032,2011,11,1,19,313
1,0,0,2,12.3,14.395,100,15.0013,2011,3,5,6,4
2,0,0,1,31.16,34.85,55,0.0,2011,6,18,13,327
2,0,1,2,26.24,31.06,61,30.0026,2011,5,3,21,225
3,0,1,1,29.52,34.85,74,7.0015,2012,8,9,8,698
3,0,1,1,32.8,34.85,33,16.9979,2012,8,16,15,260
3,0,1,2,31.16,34.09,45,15.0013,2012,7,9,15,280
3,0,1,2,27.06,31.82,56,6.0032,2012,7,13,5,34
1,0,1,1,10.66,10.605,33,35.0008,2012,1,13,13,154
1,0,1,2,11.48,13.635,48,16.9979,2011,2,4,15,90
3,0,1,1,28.7,32.575,61,8.9981,2012,8,15,20,427
4,0,1,2,14.76,18.94,93,0.0,2012,12,4,6,153
3,0,1,2,29.52,33.335,51,0.0,2012,9,14,16,563
1,0,1,3,17.22,21.21,0,15.0013,2011,3,10,13,12
3,0,0,2,30.34,34.85,70,19.0012,2011,8,6,10,290
2,0,0,1,21.32,25.0,72,7.0015,2012,6,2,7,86
4,0,1,2,13.12,15.15,45,15.0013,2011,12,16,19,214
2,0,0,2,33.62,37.88,46,8.9981,2011,6,18,15,367
4,0,1,1,20.5,24.24,45,27.9993,2012,10,16,11,228
3,0,0,2,27.06,29.545,89,0.0,2012,9,1,22,78
3,0,0,2,21.32,25.0,68,12.998,2011,9,17,13,349
1,0,0,1,4.92,3.79,46,35.0008,2011,1,9,9,19
4,0,1,1,13.94,18.18,93,0.0,2011,11,9,9,219
1,0,1,3,5.74,6.82,86,12.998,2011,2,10,0,16
3,0,1,2,27.06,29.545,89,0.0,2012,9,4,4,8
3,0,0,3,29.52,35.605,84,16.9979,2011,8,6,19,171
3,0,1,1,33.62,38.635,49,23.9994,2011,7,18,18,558
4,0,1,3,19.68,23.485,48,16.9979,2012,12,18,12,313
3,0,1,2,27.88,31.82,79,0.0,2011,8,18,21,149
2,0,1,2,26.24,31.06,44,19.0012,2012,4,4,16,390
4,0,0,1,17.22,21.21,77,19.9995,2012,10,14,3,28
4,0,1,3,22.96,26.515,83,8.9981,2011,10,12,1,10
2,0,1,1,21.32,25.0,77,0.0,2012,6,7,8,681
4,0,1,1,17.22,21.21,50,23.9994,2012,12,19,16,334
2,0,1,1,21.32,25.0,88,0.0,2011,5,18,21,85
4,0,1,1,17.22,21.21,71,11.0014,2011,11,2,18,479
4,0,0,1,22.96,26.515,40,26.0027,2011,10,15,11,374
4,0,0,1,22.14,25.76,88,16.9979,2012,10,6,6,30
2,0,1,2,22.96,26.515,68,15.0013,2012,5,7,12,263
3,1,0,3,27.06,29.545,94,16.9979,2011,9,5,20,82
1,0,1,2,12.3,15.15,75,11.0014,2011,3,4,23,46
4,0,1,1,16.4,20.455,76,8.9981,2011,11,3,21,144
1,0,1,2,25.42,31.06,38,36.9974,2012,3,8,18,590
1,0,1,2,17.22,21.21,82,0.0,2012,3,16,9,312
1,0,0,2,9.02,11.365,64,12.998,2011,2,13,8,12
3,0,1,1,33.62,37.88,46,8.9981,2012,8,6,15,274
1,0,0,1,7.38,7.575,37,27.9993,2012,2,12,17,87
4,0,1,1,13.94,15.91,61,19.0012,2012,11,13,12,196
3,0,1,1,26.24,30.305,69,6.0032,2011,9,13,9,214
3,0,1,1,33.62,37.88,46,7.0015,2011,7,5,17,545
2,0,1,1,24.6,31.06,56,11.0014,2011,6,14,20,297
3,0,0,2,22.96,26.515,60,7.0015,2011,9,18,18,289
1,0,1,2,12.3,14.395,52,15.0013,2012,2,14,12,172
1,0,0,2,15.58,19.695,76,15.0013,2011,1,2,9,20
3,0,0,3,26.24,28.79,83,8.9981,2012,8,19,13,162
4,0,1,1,29.52,32.575,39,16.9979,2012,10,5,15,470
4,0,1,1,13.12,15.15,53,15.0013,2012,12,11,18,546
4,0,0,2,16.4,20.455,76,22.0028,2011,10,1,8,67
4,0,1,2,22.96,26.515,46,39.0007,2012,10,10,19,566
2,0,1,1,26.24,30.305,65,12.998,2012,5,3,14,204
1,0,1,1,9.84,12.88,70,7.0015,2012,1,5,23,60
2,0,0,3,21.32,25.0,83,39.0007,2011,4,16,15,78
3,0,1,1,27.06,31.06,74,6.0032,2011,7,5,6,94
2,0,1,2,23.78,27.275,78,7.0015,2011,5,19,12,168
1,0,1,1,18.04,21.97,62,32.9975,2012,1,17,15,129
4,0,1,1,19.68,23.485,67,16.9979,2012,12,4,23,96
3,0,1,2,26.24,28.79,89,0.0,2011,9,7,19,226
3,0,1,1,22.96,26.515,88,0.0,2011,9,12,2,2
2,0,1,1,27.06,31.06,34,16.9979,2012,5,18,16,568
4,0,0,1,24.6,29.545,73,12.998,2012,10,6,9,395
4,0,1,1,22.14,25.76,60,19.0012,2012,10,10,9,366
2,0,1,2,26.24,28.79,89,19.0012,2012,6,12,9,285
2,0,0,1,33.62,39.395,56,16.9979,2011,6,12,14,315
3,0,1,3,24.6,27.275,88,0.0,2011,9,7,13,11
3,0,1,1,28.7,33.335,79,12.998,2011,7,6,21,241
3,0,1,1,29.52,34.85,74,22.0028,2011,8,4,9,187
4,0,1,1,27.06,31.06,41,0.0,2011,10,7,15,270
3,0,1,1,30.34,34.09,58,15.0013,2011,9,14,12,212
3,0,1,1,30.34,33.335,51,15.0013,2011,9,13,17,579
2,0,1,1,29.52,31.82,23,19.9995,2011,6,2,19,379
2,0,1,1,17.22,21.21,50,15.0013,2012,4,10,1,9
2,0,1,2,24.6,28.79,78,8.9981,2012,6,19,4,10
2,0,1,1,17.22,21.21,58,19.0012,2011,4,4,6,46
1,0,1,1,13.12,15.15,53,19.0012,2011,2,14,4,2
1,0,0,1,9.02,10.605,44,19.0012,2012,3,10,6,12
4,0,0,1,22.96,26.515,73,6.0032,2011,10,9,19,302
4,0,1,1,13.12,16.665,42,7.0015,2012,12,13,18,466
4,0,1,1,16.4,20.455,40,15.0013,2011,12,1,13,154
3,0,1,2,31.16,34.85,52,16.9979,2011,8,5,11,147
3,0,0,1,28.7,32.575,65,0.0,2011,9,11,11,402
4,0,1,1,13.12,15.91,49,12.998,2012,11,14,17,583
2,0,0,2,30.34,33.335,51,7.0015,2011,6,18,19,326
2,0,1,1,22.96,26.515,60,15.0013,2012,6,4,7,517
4,0,0,1,12.3,15.91,61,7.0015,2012,11,4,0,102
1,0,1,1,5.74,6.82,69,12.998,2011,2,11,10,44
2,0,1,1,29.52,33.335,58,8.9981,2012,5,3,18,706
3,0,0,1,31.98,37.88,66,7.0015,2012,7,8,4,13
2,0,1,1,20.5,24.24,36,0.0,2012,4,10,11,239
3,1,0,2,30.34,34.85,70,19.0012,2012,9,3,11,459
3,0,0,2,25.42,28.03,88,0.0,2011,9,11,1,88
2,0,1,2,25.42,30.305,69,12.998,2011,5,2,13,170
3,0,0,3,31.16,36.365,67,16.9979,2012,9,1,20,207
4,0,1,2,13.94,17.425,46,7.0015,2012,12,12,15,228
4,0,0,2,13.12,15.91,49,12.998,2012,11,3,6,21
4,0,0,1,13.94,17.425,87,6.0032,2011,11,6,23,50
3,0,0,1,25.42,29.545,73,12.998,2011,9,3,7,38
2,0,0,2,21.32,25.0,94,11.0014,2011,5,14,10,167
4,0,1,1,9.02,13.635,80,0.0,2011,12,9,5,20
1,0,1,2,18.86,22.725,88,0.0,2012,3,16,19,296
2,1,0,1,22.14,25.76,52,30.0026,2011,4,15,15,162
2,0,0,2,21.32,25.0,94,8.9981,2011,5,14,11,279
4,0,1,1,25.42,31.06,50,0.0,2011,10,7,14,256
3,0,1,1,30.34,34.85,66,11.0014,2012,7,18,7,495
2,0,0,1,21.32,25.0,63,7.0015,2012,6,3,3,50
2,0,0,2,15.58,19.695,94,8.9981,2011,4,10,9,81
3,0,1,2,29.52,33.335,58,7.0015,2012,7,9,22,224
2,0,1,1,22.96,26.515,43,6.0032,2012,5,17,22,251
3,0,1,1,31.16,34.85,55,26.0027,2011,8,8,9,183
3,0,1,1,26.24,30.305,73,7.0015,2012,7,12,4,5
1,0,0,2,9.84,10.605,56,19.9995,2011,1,16,7,3
4,0,0,2,11.48,15.15,61,6.0032,2011,12,10,2,60
2,0,1,1,21.32,25.0,29,23.9994,2011,4,6,18,325
4,0,1,1,18.04,21.97,18,27.9993,2012,11,8,14,182
1,0,1,1,26.24,31.06,53,22.0028,2012,3,13,14,212
4,0,0,1,16.4,20.455,69,7.0015,2012,11,11,10,405
3,0,1,2,27.06,29.545,94,6.0032,2011,8,4,2,7
1,0,1,1,9.84,12.88,21,7.0015,2011,3,3,14,78
4,0,1,2,14.76,17.425,57,11.0014,2012,11,1,7,420
4,0,1,1,12.3,13.635,49,23.9994,2011,12,8,13,124
2,0,1,1,22.96,26.515,83,6.0032,2012,4,17,3,6
1,0,0,1,14.76,15.91,32,35.0008,2012,3,4,15,334
1,0,1,1,13.12,14.395,53,26.0027,2012,2,3,0,38
2,0,1,3,24.6,28.79,78,22.0028,2012,5,8,23,63
3,0,1,1,28.7,33.335,79,7.0015,2012,8,7,5,36
2,0,1,1,22.96,26.515,37,19.0012,2011,4,18,21,151
3,0,1,2,21.32,25.0,48,8.9981,2011,9,16,17,566
3,0,1,1,27.06,30.305,83,6.0032,2012,8,1,1,33
2,0,1,2,22.14,25.76,64,8.9981,2011,4,19,18,421
1,0,1,2,15.58,19.695,34,0.0,2011,3,14,14,79
2,0,1,1,13.94,15.91,66,16.9979,2011,5,5,4,7
2,0,0,1,27.88,31.82,74,6.0032,2011,6,19,2,72
3,0,1,1,27.06,31.06,74,7.0015,2011,8,2,1,12
2,0,1,1,21.32,25.0,55,7.0015,2011,5,10,22,150
2,0,1,2,22.96,26.515,43,8.9981,2011,5,10,11,125
3,0,1,3,26.24,12.12,83,15.0013,2012,8,17,23,121
3,0,1,1,22.96,26.515,88,7.0015,2011,9,13,6,122
4,0,1,1,17.22,21.21,50,19.0012,2012,12,19,15,237
3,0,1,1,28.7,33.335,74,19.0012,2011,8,4,19,366
4,0,0,1,20.5,24.24,45,15.0013,2011,10,16,9,190
4,0,1,2,14.76,17.425,81,11.0014,2011,11,10,18,273
4,0,1,2,23.78,27.275,88,12.998,2012,10,19,10,224
2,0,1,2,21.32,25.0,88,12.998,2011,5,13,12,223
4,0,0,1,12.3,16.665,31,0.0,2011,12,11,13,268
1,0,1,2,8.2,9.09,86,22.0028,2011,1,18,12,3
3,0,1,1,27.06,31.06,74,6.0032,2011,7,5,2,13
2,0,1,1,30.34,33.335,51,11.0014,2011,6,1,23,69
4,0,1,1,22.96,26.515,52,19.9995,2012,10,10,10,217
4,0,0,3,16.4,20.455,76,12.998,2011,10,1,17,228
1,0,0,1,9.02,11.365,80,8.9981,2012,1,7,9,130
3,1,0,1,27.06,29.545,94,0.0,2012,9,3,6,15
4,0,1,1,13.12,15.15,53,15.0013,2012,11,16,23,128
4,0,0,2,10.66,12.88,60,12.998,2011,12,17,5,9
3,0,1,1,32.8,35.605,41,15.0013,2012,7,11,14,241
1,0,1,1,10.66,14.395,56,6.0032,2012,2,10,3,5
2,0,1,1,31.16,35.605,58,7.0015,2012,6,19,14,227
2,0,0,3,12.3,13.635,100,16.9979,2011,4,9,4,3
3,0,1,1,33.62,37.12,41,15.0013,2012,8,14,14,255
2,0,0,1,13.12,15.15,57,15.0013,2011,4,3,7,33
1,0,1,3,12.3,16.665,81,0.0,2012,1,11,12,55
1,0,1,1,8.2,7.575,80,35.0008,2011,3,7,4,1
2,0,1,1,30.34,32.575,28,7.0015,2011,6,15,17,638
3,0,0,1,25.42,31.06,41,19.0012,2012,9,9,20,356
4,0,0,2,16.4,20.455,87,19.0012,2012,12,9,10,219
1,0,1,2,9.02,12.88,55,6.0032,2012,1,9,8,420
3,0,1,1,28.7,33.335,74,0.0,2012,8,2,0,63
4,0,1,1,16.4,20.455,50,0.0,2011,12,2,18,372
3,0,1,1,29.52,34.09,66,0.0,2011,7,7,23,129
4,0,0,1,14.76,17.425,93,8.9981,2012,10,7,23,80
1,0,0,1,9.02,11.365,27,12.998,2012,1,15,15,206
1,0,1,1,12.3,12.88,33,35.0008,2012,1,18,15,130
2,0,0,2,21.32,25.0,59,8.9981,2012,4,15,3,45
3,0,1,2,28.7,32.575,65,7.0015,2012,7,9,23,131
1,0,1,1,13.94,14.395,46,35.0008,2012,1,18,5,29
2,0,1,1,18.04,21.97,62,16.9979,2011,4,13,19,175
4,0,1,3,18.86,22.725,88,26.0027,2011,11,16,18,189
4,0,1,1,19.68,23.485,44,11.0014,2011,11,1,16,298
3,0,1,1,31.16,34.09,45,22.0028,2011,8,16,17,600
1,0,1,3,16.4,20.455,82,0.0,2012,2,2,5,19
1,0,1,2,9.84,12.12,65,11.0014,2011,2,4,22,46
3,0,1,1,22.96,26.515,73,6.0032,2011,9,1,5,23
4,1,0,3,22.14,25.76,73,15.0013,2012,11,12,21,155
4,0,0,1,12.3,16.665,28,0.0,2011,12,11,14,242
2,0,1,1,25.42,31.06,29,16.9979,2012,4,17,13,239
1,0,1,1,5.74,7.575,59,11.0014,2011,1,11,1,3
3,0,0,1,18.86,22.725,72,11.0014,2011,9,17,5,5
3,0,1,3,25.42,27.275,94,11.0014,2011,9,9,4,3
4,0,1,3,16.4,20.455,76,0.0,2011,10,3,15,101
1,0,0,2,11.48,13.635,52,16.9979,2012,2,19,12,255
4,0,1,1,13.94,16.665,66,11.0014,2011,12,2,11,160
2,0,1,1,17.22,21.21,62,6.0032,2012,4,13,23,198
1,0,1,2,26.24,31.06,57,12.998,2012,3,19,14,260
3,0,1,3,25.42,27.275,94,11.0014,2011,9,9,8,288
3,0,1,1,29.52,34.09,70,7.0015,2012,7,19,4,8
3,0,1,1,29.52,33.335,58,15.0013,2011,9,13,12,187
4,0,0,1,13.12,16.665,61,8.9981,2011,12,3,10,195
2,0,0,1,19.68,23.485,63,0.0,2011,5,8,2,59
1,0,1,1,12.3,16.665,70,0.0,2012,3,2,7,262
1,0,1,1,14.76,16.665,71,19.9995,2011,2,2,16,103
2,0,1,2,30.34,34.09,58,11.0014,2011,6,9,22,153
3,0,1,1,27.88,31.82,69,19.0012,2011,8,15,10,141
2,0,1,1,14.76,17.425,53,11.0014,2012,4,3,2,5
1,0,1,2,11.48,15.15,61,6.0032,2012,2,10,1,13
2,0,0,2,27.06,30.305,78,0.0,2011,6,19,5,19
4,0,1,1,18.86,22.725,88,16.9979,2012,12,10,23,84
2,0,1,3,22.14,25.76,73,12.998,2011,5,19,14,180
1,0,1,2,18.04,21.97,0,26.0027,2011,3,10,17,111
2,0,1,3,21.32,25.0,94,15.0013,2011,5,18,2,6
1,0,1,1,22.14,25.76,34,15.0013,2011,2,17,13,123
2,0,1,1,12.3,13.635,65,22.0028,2012,4,12,7,306
1,0,0,1,22.96,26.515,64,11.0014,2012,3,18,18,459
1,0,0,1,10.66,13.635,75,7.0015,2012,1,7,6,7
4,0,1,1,19.68,23.485,55,12.998,2011,11,1,13,167
1,1,0,2,9.84,9.85,41,27.9993,2012,1,16,13,228
4,0,0,1,12.3,15.91,87,6.0032,2012,11,11,6,19
4,0,1,3,13.12,15.15,87,16.9979,2012,11,13,7,107
1,0,0,1,5.74,7.575,50,0.0,2012,1,14,6,5
2,0,1,1,22.96,26.515,94,0.0,2011,6,17,6,97
4,0,1,2,15.58,19.695,94,0.0,2011,11,10,2,5
4,0,0,1,22.14,25.76,45,11.0014,2012,11,11,17,493
4,0,0,2,13.94,17.425,87,6.0032,2012,12,16,2,87
4,0,1,2,21.32,25.0,68,15.0013,2012,10,18,10,218
1,0,1,1,11.48,13.635,45,16.9979,2011,3,1,11,56
3,0,1,1,31.16,36.365,66,11.0014,2012,8,6,20,457
3,0,1,2,28.7,32.575,54,0.0,2012,7,13,8,713
2,0,1,1,36.9,42.425,42,15.0013,2011,6,9,11,118
1,0,1,2,12.3,15.15,56,11.0014,2012,2,8,14,108
3,0,1,1,28.7,33.335,79,19.0012,2012,9,5,6,210
1,0,1,1,19.68,23.485,41,15.0013,2011,2,17,12,101
4,0,1,2,18.86,22.725,88,6.0032,2012,10,10,5,40
3,0,1,1,25.42,31.06,53,8.9981,2011,8,12,4,5
1,0,1,1,15.58,19.695,50,16.9979,2012,3,1,22,126
2,0,0,2,26.24,30.305,69,7.0015,2011,6,5,11,335
4,0,0,1,22.14,25.76,56,12.998,2012,10,14,10,428
3,0,1,1,28.7,32.575,70,16.9979,2011,8,1,21,220
2,0,1,2,18.86,22.725,82,22.0028,2011,5,2,7,209
3,0,1,1,32.8,37.12,49,11.0014,2012,8,1,17,837
3,0,1,1,30.34,34.85,66,19.9995,2012,8,10,20,370
2,1,0,1,32.8,34.85,31,26.0027,2012,4,16,18,676
1,0,1,1,20.5,24.24,45,15.0013,2011,3,17,12,105
4,0,1,2,20.5,24.24,77,19.9995,2011,12,6,0,28
3,0,1,1,31.16,36.365,66,8.9981,2012,7,16,21,328
1,0,1,1,12.3,13.635,52,27.9993,2012,1,18,8,489
2,0,1,1,23.78,27.275,21,16.9979,2012,4,10,16,362
4,0,0,1,13.12,14.395,45,27.9993,2011,12,10,12,283
4,0,1,1,21.32,25.0,45,11.0014,2011,10,17,10,135
4,0,0,1,10.66,12.12,48,16.9979,2011,11,19,3,15
2,0,1,2,19.68,23.485,88,7.0015,2012,5,10,2,3
3,0,1,2,24.6,30.305,60,12.998,2011,9,19,14,188
2,0,1,1,21.32,25.0,68,0.0,2012,6,4,6,139
3,1,0,2,27.88,31.82,69,19.0012,2011,9,5,4,8
1,0,1,1,13.94,15.15,31,23.9994,2011,3,7,16,122
4,0,1,1,15.58,19.695,40,11.0014,2012,11,5,14,196
2,0,1,1,20.5,24.24,27,19.0012,2012,4,6,15,537
1,0,0,1,13.94,16.665,42,12.998,2012,1,8,1,72
2,0,1,1,21.32,25.0,48,0.0,2012,4,19,11,229
1,0,1,2,13.12,15.91,87,11.0014,2011,3,15,23,18
4,0,1,1,13.12,15.15,31,22.0028,2012,11,8,10,161
3,0,1,1,24.6,29.545,69,8.9981,2012,9,13,22,251
2,0,1,2,24.6,28.79,78,12.998,2012,6,19,5,37
4,0,1,1,9.02,10.605,60,15.0013,2011,12,8,7,244
3,0,1,2,28.7,32.575,70,11.0014,2012,8,7,8,705
1,0,0,1,9.02,10.605,42,19.0012,2012,3,10,5,10
1,0,1,1,5.74,6.82,50,12.998,2011,1,3,7,64
1,0,0,3,18.04,21.97,100,15.0013,2011,3,6,15,7
1,0,0,1,9.84,10.605,41,22.0028,2012,3,10,9,148
3,0,0,1,29.52,34.85,74,7.0015,2012,7,15,22,130
2,0,1,1,26.24,31.06,27,19.0012,2012,4,17,14,257
3,0,1,2,29.52,34.85,74,16.9979,2012,9,4,10,172
1,0,1,2,7.38,9.85,43,11.0014,2011,1,7,22,36
3,0,1,2,29.52,34.09,70,7.0015,2012,7,19,5,40
2,0,1,2,25.42,31.06,50,6.0032,2011,4,12,1,13
2,0,1,2,23.78,27.275,56,8.9981,2011,4,12,3,1
4,0,1,2,13.12,15.15,49,15.0013,2012,12,12,18,540
4,0,1,2,13.12,15.91,66,11.0014,2012,11,15,22,153
3,0,1,2,31.16,36.365,66,6.0032,2012,8,7,11,214
4,0,1,2,10.66,14.395,70,6.0032,2012,11,15,3,2
4,0,1,1,13.94,15.15,42,19.9995,2012,11,8,22,161
1,0,1,1,21.32,25.0,68,8.9981,2012,3,15,22,169
4,0,1,1,14.76,16.665,50,22.0028,2012,11,9,10,197
3,1,0,1,36.9,40.91,35,0.0,2012,7,4,13,499
2,0,1,1,31.16,33.335,27,15.0013,2012,6,8,18,723
1,0,1,1,11.48,12.88,28,22.0028,2012,2,13,12,118
4,0,1,1,8.2,11.365,69,7.0015,2012,12,14,3,12
4,1,0,2,13.94,16.665,76,11.0014,2012,10,8,7,154
2,0,1,1,18.86,22.725,51,8.9981,2012,5,11,1,46
3,0,0,1,27.88,31.82,65,19.9995,2011,9,11,18,339
4,0,1,2,15.58,19.695,50,15.0013,2012,12,11,14,204
4,0,1,1,13.94,15.91,46,15.0013,2012,11,5,17,638
2,0,1,1,24.6,28.03,83,19.9995,2012,6,13,7,505
3,0,1,1,31.16,35.605,62,12.998,2011,7,6,18,563
1,0,1,3,5.74,10.605,93,0.0,2011,2,1,6,22
1,1,0,1,4.1,6.06,58,11.0014,2012,1,16,9,96
4,0,1,1,17.22,21.21,35,7.0015,2012,11,16,14,251
4,0,1,2,10.66,15.15,65,0.0,2012,11,15,0,34
3,0,1,1,29.52,34.09,62,22.0028,2012,8,13,22,192
3,0,1,1,30.34,33.335,48,6.0032,2011,9,12,15,212
2,0,1,2,24.6,31.06,53,8.9981,2011,4,12,2,14
2,0,1,2,25.42,31.06,53,19.9995,2012,5,7,15,262
3,1,0,1,32.8,36.365,46,8.9981,2011,7,4,18,418
4,0,1,1,14.76,18.18,81,6.0032,2012,10,12,7,392
3,0,1,1,20.5,24.24,77,6.0032,2012,9,12,3,7
1,0,1,3,14.76,17.425,93,16.9979,2012,1,12,2,2
3,0,1,1,15.58,19.695,71,15.0013,2011,9,16,6,93
4,0,1,2,16.4,20.455,87,0.0,2011,11,10,1,11
1,0,0,2,11.48,14.395,81,7.0015,2011,3,5,0,19
1,0,1,2,14.76,17.425,81,11.0014,2011,3,16,10,68
3,0,1,1,28.7,33.335,79,27.9993,2011,7,11,21,130
2,0,1,1,28.7,32.575,54,19.0012,2012,5,16,19,590
2,0,0,2,26.24,30.305,69,7.0015,2011,6,5,12,335
2,0,1,3,20.5,24.24,82,12.998,2012,6,5,3,5
3,0,1,2,32.8,35.605,36,7.0015,2012,7,13,15,353
1,0,1,1,9.84,12.88,70,6.0032,2012,2,8,4,1
2,0,1,1,23.78,27.275,83,0.0,2011,5,16,20,198
4,0,1,1,12.3,14.395,56,15.0013,2012,11,6,23,205
2,0,1,1,23.78,27.275,60,6.0032,2012,6,8,8,700
2,0,1,2,13.94,18.18,87,0.0,2011,4,8,6,35
4,0,1,1,17.22,21.21,71,8.9981,2011,11,2,11,144
1,0,1,1,13.94,15.15,36,19.9995,2012,3,6,15,166
2,0,0,1,24.6,28.79,78,16.9979,2012,5,5,20,309
2,0,0,1,22.96,26.515,68,8.9981,2012,5,12,22,274
2,0,0,2,27.06,31.06,50,19.0012,2012,5,13,20,230
4,0,0,1,22.96,26.515,68,6.0032,2011,10,9,10,365
2,0,1,1,32.8,39.395,63,8.9981,2011,6,8,20,280
3,0,1,1,22.96,26.515,64,7.0015,2012,9,12,8,770
4,0,1,1,17.22,21.21,77,11.0014,2012,12,3,2,10
4,0,0,2,11.48,15.15,61,6.0032,2011,12,10,3,25
1,0,1,1,17.22,21.21,38,19.9995,2012,1,10,11,101
1,0,0,1,9.02,10.605,51,16.9979,2011,1,16,9,32
4,0,1,1,11.48,14.395,52,7.0015,2011,12,12,12,145
2,0,0,1,26.24,30.305,69,16.9979,2011,5,15,16,440
4,0,0,1,12.3,13.635,52,19.9995,2012,11,4,21,87
2,0,0,2,20.5,24.24,88,8.9981,2011,5,14,2,52
4,0,1,1,10.66,12.12,65,16.9979,2011,12,19,11,127
2,0,1,1,22.14,25.76,52,0.0,2011,5,10,21,203
4,0,1,1,12.3,13.635,52,26.0027,2012,11,14,9,332
3,0,1,2,24.6,30.305,60,0.0,2011,9,19,13,177
1,0,0,1,4.1,3.03,46,31.0009,2011,1,9,2,11
3,0,1,1,35.26,37.88,34,15.0013,2012,7,2,13,236
3,0,0,1,25.42,30.305,69,12.998,2011,9,3,5,12
3,0,1,1,33.62,35.605,28,0.0,2011,8,12,16,334
4,0,1,1,15.58,19.695,76,0.0,2012,10,17,0,49
2,0,0,1,16.4,20.455,43,27.9993,2011,4,3,10,215
3,0,1,2,30.34,34.85,70,0.0,2012,7,17,7,526
1,0,1,2,9.02,12.88,93,6.0032,2011,1,19,6,32
2,0,1,2,26.24,30.305,69,19.0012,2012,5,8,20,302
2,0,1,2,24.6,31.06,56,16.9979,2012,5,14,0,35
4,0,0,1,12.3,15.15,70,8.9981,2011,12,3,23,85
4,0,1,2,17.22,21.21,77,22.0028,2011,11,17,3,3
3,0,1,1,31.16,35.605,58,7.0015,2011,8,8,22,147
3,0,1,1,22.96,26.515,83,6.0032,2011,9,1,4,7
3,0,1,1,27.06,31.06,74,8.9981,2011,8,2,5,21
2,0,1,1,22.96,26.515,21,15.0013,2012,4,3,14,311
2,0,1,2,28.7,33.335,79,11.0014,2011,6,1,7,284
4,0,1,1,9.84,12.12,65,11.0014,2012,12,6,23,93
3,0,0,1,35.26,40.15,47,35.0008,2012,8,5,12,491
1,0,1,2,6.56,9.09,86,7.0015,2011,1,12,1,6
4,0,0,1,16.4,20.455,71,15.0013,2012,12,2,13,431
1,0,0,1,9.02,9.85,35,23.9994,2011,1,9,15,82
3,0,1,2,35.26,40.91,50,19.9995,2012,8,3,12,338
2,0,1,1,28.7,33.335,84,16.9979,2011,6,1,1,17
4,0,1,3,14.76,17.425,81,15.0013,2011,11,10,17,177
2,0,1,2,22.14,25.76,68,15.0013,2011,4,19,13,129
4,0,0,1,25.42,31.06,46,7.0015,2011,10,8,13,485
2,0,1,1,22.14,25.76,88,7.0015,2012,6,15,5,33
3,0,1,1,29.52,34.09,70,16.9979,2012,9,6,18,835
3,0,1,2,28.7,33.335,74,7.0015,2012,7,10,7,520
2,0,1,2,22.96,26.515,83,19.9995,2011,4,11,10,96
1,0,0,2,18.86,22.725,88,19.9995,2011,1,2,0,17
3,0,1,1,29.52,33.335,54,12.998,2011,8,10,1,17
1,0,1,2,13.12,15.15,93,22.0028,2011,3,9,21,62
4,0,1,1,16.4,20.455,71,0.0,2011,11,7,20,204
3,0,1,1,25.42,31.06,57,0.0,2011,7,1,4,6
3,0,1,1,34.44,37.88,44,16.9979,2012,7,19,19,533
3,0,1,1,31.98,34.09,31,16.9979,2011,8,11,12,214
3,0,1,1,26.24,29.545,78,19.0012,2011,8,18,5,27
4,0,1,1,13.94,16.665,61,8.9981,2012,11,1,3,15
3,0,1,2,27.06,29.545,89,7.0015,2011,7,7,7,292
2,0,0,1,20.5,24.24,64,0.0,2011,6,4,5,8
2,0,0,1,24.6,30.305,60,16.9979,2012,5,13,10,350
3,0,0,2,33.62,38.635,52,0.0,2012,9,1,18,442
3,0,1,1,31.16,35.605,62,22.0028,2011,8,4,16,290
2,0,1,1,22.14,25.76,37,26.0027,2012,5,10,15,271
4,0,1,1,19.68,23.485,77,11.0014,2011,10,5,1,11
1,0,0,1,18.04,21.97,38,27.9993,2011,3,19,10,140
1,0,0,1,4.92,7.575,80,7.0015,2011,2,12,7,11
4,0,0,1,16.4,20.455,66,0.0,2012,11,10,21,220
2,0,1,2,24.6,27.275,88,8.9981,2012,6,12,6,136
3,0,1,3,24.6,27.275,88,6.0032,2011,9,7,7,86
1,0,1,2,18.04,21.97,94,8.9981,2012,3,1,7,304
1,0,1,2,13.12,15.91,87,11.0014,2011,3,15,22,21
2,0,1,1,16.4,20.455,66,15.0013,2011,5,10,5,29
1,0,1,1,5.74,5.305,59,27.9993,2011,1,12,23,20
2,0,0,1,22.14,25.76,68,8.9981,2012,6,17,5,17
2,0,1,1,31.98,34.09,35,0.0,2011,6,6,13,180
1,0,1,1,9.84,12.12,65,11.0014,2012,2,3,6,88
3,0,1,1,28.7,33.335,79,8.9981,2011,7,11,23,55
3,0,1,2,27.06,31.06,74,7.0015,2011,9,2,11,192
3,0,1,1,27.88,31.82,69,11.0014,2011,9,13,19,396
4,0,0,1,8.2,10.605,80,8.9981,2011,11,12,4,7
1,0,1,1,9.84,10.605,32,23.9994,2012,1,18,18,355
4,0,1,1,12.3,16.665,39,0.0,2012,12,6,13,245
4,0,1,3,16.4,20.455,76,0.0,2011,10,3,14,120
2,0,1,1,22.14,25.76,64,26.0027,2011,6,13,5,29
1,0,0,1,9.84,11.365,65,12.998,2011,3,12,1,18
3,1,0,2,26.24,28.79,83,8.9981,2011,7,4,5,4
2,0,0,2,25.42,30.305,65,11.0014,2011,6,5,4,12
3,0,1,2,31.98,37.88,66,15.0013,2012,8,3,20,389
2,0,1,1,27.06,31.06,34,8.9981,2012,5,18,14,350
1,0,1,1,10.66,15.15,22,0.0,2011,3,3,17,202
3,0,1,3,25.42,27.275,91,11.0014,2012,8,10,8,119
2,0,0,1,24.6,30.305,60,6.0032,2012,6,16,9,367
2,0,0,2,32.8,36.365,46,12.998,2011,6,11,16,394
4,0,1,1,18.86,22.725,33,19.0012,2012,12,5,16,377
2,0,0,1,22.96,26.515,52,7.0015,2012,6,2,23,238
1,0,0,1,9.02,13.635,87,0.0,2012,2,18,8,102
4,0,1,1,13.12,16.665,31,8.9981,2011,11,18,17,378
3,0,1,1,26.24,30.305,69,8.9981,2011,9,15,0,37
2,0,1,1,21.32,25.0,23,27.9993,2012,4,5,0,45
3,0,1,1,29.52,33.335,58,0.0,2012,7,5,6,133
2,0,1,1,24.6,28.79,78,8.9981,2011,6,7,6,126
2,0,1,1,21.32,25.0,27,19.0012,2012,4,13,13,358
1,0,1,1,7.38,12.12,55,0.0,2011,1,6,0,11
2,0,1,2,18.86,22.725,59,30.0026,2011,5,4,13,143
2,0,1,1,26.24,30.305,23,16.9979,2012,5,11,17,779
4,0,1,1,13.94,17.425,49,6.0032,2012,12,18,23,81
3,0,1,1,30.34,34.85,66,12.998,2011,7,18,21,202
4,0,0,1,25.42,31.06,53,6.0032,2011,10,9,11,423
4,0,1,2,25.42,28.03,88,7.0015,2012,10,3,8,809
1,0,1,1,9.02,11.365,69,12.998,2011,3,2,1,4
3,0,1,3,28.7,33.335,79,12.998,2011,7,6,9,189
3,0,0,1,23.78,27.275,94,11.0014,2011,9,10,6,6
3,0,0,3,27.88,31.82,83,6.0032,2012,7,8,23,123
3,0,0,2,25.42,30.305,69,7.0015,2012,8,19,6,20
4,0,1,1,15.58,19.695,76,0.0,2012,10,17,1,17
4,0,1,1,16.4,20.455,76,0.0,2011,11,8,21,182
4,0,1,2,10.66,12.88,56,11.0014,2012,12,13,5,33
3,0,1,2,25.42,25.76,100,0.0,2011,9,9,10,29
3,0,0,2,26.24,30.305,73,8.9981,2012,8,19,19,341
1,0,1,1,9.02,11.365,80,8.9981,2012,2,9,2,2
1,0,1,3,12.3,14.395,81,15.0013,2012,1,17,7,126
3,0,1,1,25.42,29.545,78,0.0,2011,8,17,6,105
3,0,0,1,26.24,29.545,78,19.9995,2011,9,10,9,207
1,0,1,1,21.32,25.0,63,6.0032,2012,3,14,1,27
3,0,0,1,22.96,26.515,52,0.0,2012,9,15,22,279
3,0,1,2,25.42,29.545,78,11.0014,2012,9,14,9,347
4,0,0,2,21.32,25.0,29,27.9993,2011,11,13,12,354
2,0,0,2,20.5,24.24,59,7.0015,2011,5,8,0,100
3,0,1,1,25.42,31.06,38,16.9979,2012,9,19,14,286
3,0,1,2,27.06,30.305,83,11.0014,2012,7,9,8,455
4,0,1,1,14.76,16.665,46,26.0027,2011,12,16,9,243
3,0,1,1,24.6,27.275,88,16.9979,2011,8,15,6,90
2,0,1,2,16.4,20.455,100,19.9995,2011,4,13,0,15
2,0,1,3,22.96,26.515,84,0.0,2012,5,2,6,120
3,0,1,1,29.52,34.09,70,6.0032,2012,7,17,2,7
4,0,0,1,11.48,13.635,81,11.0014,2012,11,18,6,15
2,1,0,1,28.7,31.82,45,19.9995,2012,4,16,23,121
4,0,1,1,14.76,18.18,87,6.0032,2011,11,7,23,48
4,0,0,1,16.4,20.455,40,12.998,2011,11,19,17,232
2,0,0,1,20.5,24.24,25,19.0012,2012,4,8,11,404
1,0,1,1,10.66,11.365,41,22.0028,2012,1,19,16,193
4,0,1,2,24.6,27.275,88,8.9981,2012,10,2,13,154
2,0,1,1,23.78,27.275,30,31.0009,2012,5,10,16,421
4,1,0,1,13.94,14.395,42,32.9975,2011,11,11,11,170
2,0,1,1,22.96,26.515,88,19.0012,2011,5,18,8,453
1,0,1,1,8.2,9.09,64,19.0012,2011,3,1,5,2
2,0,1,1,26.24,31.06,53,15.0013,2012,6,1,1,34
1,0,1,1,18.86,22.725,63,11.0014,2012,1,12,17,495
2,0,0,1,27.88,31.82,41,6.0032,2012,5,19,20,315
4,0,1,3,18.86,22.725,100,15.0013,2011,12,7,3,3
1,0,0,1,11.48,14.395,56,7.0015,2011,2,6,9,45
3,0,0,1,32.8,36.365,46,19.0012,2012,8,11,15,562
4,0,1,1,9.02,10.605,64,15.0013,2011,12,8,5,12
1,0,1,1,12.3,15.15,62,6.0032,2011,3,15,1,10
1,0,0,2,12.3,14.395,87,12.998,2011,3,5,3,2
2,0,0,1,28.7,31.82,37,8.9981,2012,5,19,13,704
3,0,0,1,28.7,32.575,58,8.9981,2012,8,12,22,181
2,0,1,3,12.3,13.635,93,27.9993,2011,4,8,19,53
2,0,0,1,22.14,25.76,64,6.0032,2012,6,17,4,18
3,0,0,1,30.34,34.09,55,19.0012,2011,9,10,13,370
3,0,1,3,22.14,25.76,83,26.0027,2011,9,6,11,89
3,0,1,2,27.88,31.82,89,8.9981,2012,8,9,4,10
3,0,1,2,28.7,33.335,79,0.0,2011,8,3,17,425
3,0,1,1,24.6,28.03,83,6.0032,2011,9,2,4,4
2,0,0,1,16.4,20.455,62,12.998,2011,4,17,2,29
2,0,1,1,27.88,31.82,57,23.9994,2011,5,3,19,365
1,0,1,1,9.02,9.85,44,23.9994,2011,1,12,13,49
1,0,0,1,12.3,15.15,61,11.0014,2012,2,5,14,243
1,0,0,1,9.84,11.365,65,16.9979,2011,3,12,4,1
3,0,1,1,36.9,39.395,27,0.0,2011,8,1,16,231
1,0,1,2,14.76,18.18,50,7.0015,2012,2,14,21,109
2,0,1,1,17.22,21.21,94,0.0,2011,5,12,4,6
3,0,1,2,22.14,25.76,81,27.9993,2011,9,6,9,185
2,0,1,2,22.14,25.76,49,22.0028,2011,5,6,11,165
2,0,1,1,20.5,24.24,94,0.0,2011,5,19,1,6
2,0,0,2,30.34,34.09,55,12.998,2011,6,18,18,381
1,0,1,1,8.2,9.09,27,19.0012,2011,2,10,14,48
1,0,1,1,26.24,31.06,33,11.0014,2012,3,14,19,472
1,0,0,1,17.22,21.21,47,32.9975,2011,3,19,8,48
2,0,1,1,24.6,31.06,56,19.9995,2011,6,14,21,243
1,0,0,2,17.22,21.21,77,19.0012,2011,3,6,1,39
4,0,1,1,24.6,31.06,40,15.0013,2012,10,10,16,566
3,0,1,1,27.06,29.545,89,8.9981,2011,7,7,0,35
4,0,1,2,16.4,20.455,58,19.0012,2012,11,19,19,406
4,0,1,1,12.3,15.15,70,11.0014,2012,11,2,3,3
1,0,1,1,16.4,20.455,50,11.0014,2012,2,1,5,18
1,0,1,2,13.12,16.665,93,8.9981,2011,3,16,9,154
2,0,1,1,27.88,31.82,51,0.0,2011,5,16,13,214
3,0,0,1,28.7,32.575,58,8.9981,2011,9,10,19,315
4,0,1,1,9.84,11.365,52,12.998,2012,12,6,10,145
3,0,1,3,28.7,33.335,74,15.0013,2012,7,10,19,414
3,0,1,1,26.24,30.305,69,15.0013,2012,8,16,7,464
1,0,0,1,10.66,12.88,60,15.0013,2012,3,11,9,90
4,0,1,3,18.86,22.725,88,15.0013,2011,12,6,5,20
2,0,1,2,22.14,25.76,88,15.0013,2011,5,18,0,23
3,0,0,1,24.6,31.06,43,27.9993,2012,9,15,9,342
1,0,1,1,12.3,15.15,52,11.0014,2011,3,11,22,64
4,0,1,1,17.22,21.21,44,7.0015,2011,12,2,14,170
1,0,1,1,19.68,23.485,82,19.0012,2012,3,13,9,342
4,0,0,2,18.04,21.97,72,7.0015,2012,12,2,18,203
1,0,0,1,21.32,25.0,34,27.9993,2011,3,19,4,3
3,0,1,1,32.8,38.635,59,16.9979,2012,9,7,14,253
2,0,1,1,18.86,22.725,67,19.9995,2011,4,13,17,309
3,0,1,1,34.44,37.88,41,7.0015,2012,8,6,16,451
2,0,0,2,12.3,15.15,93,11.0014,2011,4,9,7,21
4,0,1,1,13.94,15.15,61,26.0027,2012,12,11,9,334
1,0,0,1,9.02,10.605,51,19.0012,2011,1,16,10,79
1,0,1,2,8.2,9.85,64,12.998,2011,1,7,0,17
1,0,1,1,5.74,6.06,46,22.0028,2011,1,13,22,30
2,0,0,2,21.32,25.0,72,12.998,2011,4,10,17,236
4,0,1,3,18.86,22.725,100,12.998,2011,12,6,13,71
1,1,0,2,6.56,7.575,50,16.9979,2011,1,17,10,57
3,0,0,2,26.24,29.545,78,7.0015,2012,8,19,18,377
3,0,1,1,30.34,33.335,51,19.0012,2012,7,5,1,30
2,0,1,1,27.06,31.06,34,8.9981,2012,5,18,17,812
4,0,1,2,22.96,26.515,64,12.998,2011,11,15,11,134
4,0,1,2,14.76,16.665,66,16.9979,2012,11,19,6,131
3,0,1,1,33.62,36.365,36,19.9995,2011,8,2,10,140
2,0,1,1,13.94,15.91,46,19.0012,2011,4,5,20,91
3,0,1,3,26.24,28.79,89,16.9979,2012,7,9,6,92
1,0,1,3,13.12,17.425,76,0.0,2012,1,11,13,65
2,0,1,1,16.4,20.455,40,23.9994,2012,4,11,19,384
1,0,1,1,7.38,10.605,40,7.0015,2011,3,3,21,51
2,0,1,2,32.8,36.365,46,19.0012,2011,6,7,12,183
1,0,1,1,0.82,2.275,41,12.998,2012,1,4,5,14
4,0,1,1,10.66,12.12,52,16.9979,2011,11,17,22,84
4,0,0,1,15.58,19.695,46,15.0013,2012,11,4,11,445
3,0,0,1,26.24,30.305,65,0.0,2011,7,2,7,45
2,0,0,1,22.96,26.515,49,19.9995,2011,5,7,10,298
2,0,0,1,26.24,29.545,78,15.0013,2011,6,5,22,130
2,0,1,1,22.96,26.515,56,7.0015,2012,5,18,9,361
3,0,1,1,28.7,33.335,74,19.9995,2011,8,4,18,523
3,0,1,1,32.8,40.15,66,8.9981,2011,7,19,18,530
4,0,1,1,25.42,31.06,43,22.0028,2011,10,5,12,214
4,1,0,1,13.12,16.665,87,8.9981,2012,10,8,4,7
3,0,0,1,30.34,32.575,37,11.0014,2012,8,18,18,554
3,0,1,1,30.34,34.85,66,0.0,2011,9,9,15,188
4,0,1,2,14.76,17.425,57,12.998,2012,11,15,18,573
2,0,0,3,24.6,31.06,35,11.0014,2011,5,7,14,378
4,1,0,3,16.4,20.455,71,15.0013,2012,10,8,20,227
1,0,1,1,24.6,30.305,64,15.0013,2012,3,19,20,330
3,0,1,2,36.9,38.635,24,12.998,2012,7,3,16,527
4,0,1,1,18.86,22.725,82,7.0015,2011,10,5,3,6
4,0,1,1,20.5,24.24,82,7.0015,2011,10,5,21,201
1,0,1,1,18.86,22.725,28,27.9993,2011,2,16,15,117
2,0,1,1,37.72,43.94,40,16.9979,2011,6,8,14,155
3,0,1,1,30.34,34.85,66,8.9981,2012,7,10,9,331
1,0,0,3,3.28,2.275,79,31.0009,2012,2,12,1,24
1,0,1,1,8.2,9.85,51,12.998,2011,2,16,4,1
3,0,0,1,37.72,41.665,33,8.9981,2012,7,7,19,287
2,0,0,2,13.94,17.425,81,6.0032,2012,4,1,4,12
3,0,1,1,36.9,40.15,33,16.9979,2011,8,1,12,168
2,0,1,3,18.86,22.725,47,16.9979,2012,4,18,11,119
1,0,1,2,7.38,12.12,51,0.0,2011,1,6,9,122
4,0,1,1,12.3,15.91,52,6.0032,2012,11,14,20,267
1,0,1,1,8.2,11.365,82,7.0015,2012,1,11,8,499
2,0,1,3,22.14,25.76,88,16.9979,2011,5,17,10,104
2,0,1,2,21.32,25.0,94,16.9979,2011,5,17,7,151
1,0,1,1,22.14,25.76,73,19.0012,2012,3,13,11,219
3,0,0,1,18.04,21.97,82,16.9979,2011,9,18,2,89
4,0,1,2,10.66,11.365,56,19.9995,2012,11,7,7,319
4,0,1,3,22.14,25.76,100,7.0015,2011,10,12,21,83
1,0,1,1,11.48,12.88,56,19.9995,2011,3,2,9,148
1,0,1,1,13.94,15.91,71,19.0012,2012,2,17,10,116
3,0,0,1,30.34,34.85,70,16.9979,2012,8,5,1,87
2,0,0,1,21.32,25.0,59,7.0015,2011,6,4,3,18
4,0,1,1,19.68,23.485,67,15.0013,2012,12,4,19,460
3,0,1,1,25.42,29.545,78,12.998,2011,9,2,8,456
1,0,1,1,13.12,16.665,76,7.0015,2011,3,17,5,13
1,0,0,1,16.4,20.455,54,12.998,2012,3,11,22,94
4,0,1,1,22.14,25.76,68,7.0015,2011,10,17,19,333
1,0,0,2,8.2,7.575,40,36.9974,2012,2,11,19,87
2,0,1,1,23.78,27.275,78,15.0013,2012,5,15,22,83
1,0,0,1,14.76,16.665,50,23.9994,2011,3,13,19,101
4,0,1,2,28.7,32.575,70,7.0015,2012,10,4,11,214
4,0,1,1,13.94,15.15,46,23.9994,2012,11,8,23,87
4,0,0,1,14.76,18.94,87,0.0,2011,11,6,22,45
1,0,1,1,13.12,14.395,61,23.9994,2012,2,15,8,515
3,0,0,2,26.24,30.305,73,7.0015,2011,9,3,0,87
1,0,1,2,8.2,12.88,86,0.0,2011,2,1,12,55
3,0,1,1,24.6,31.06,56,8.9981,2011,8,12,5,26
2,0,1,1,15.58,19.695,71,19.9995,2011,4,4,4,2
4,0,1,2,18.86,22.725,77,7.0015,2012,10,1,8,784
3,0,1,3,28.7,33.335,74,15.0013,2012,7,10,18,819
2,0,1,1,20.5,24.24,34,27.9993,2011,4,6,14,115
3,0,1,1,38.54,43.94,38,22.0028,2012,7,18,14,170
1,0,0,1,9.02,10.605,41,16.9979,2012,1,14,12,219
4,0,1,2,15.58,19.695,87,7.0015,2012,12,17,8,592
1,0,1,2,14.76,17.425,25,11.0014,2011,3,8,11,78
2,0,0,1,25.42,31.06,57,12.998,2012,6,17,20,302
2,0,1,1,18.04,21.97,77,8.9981,2012,5,18,6,182
3,0,0,1,30.34,34.85,70,15.0013,2011,8,6,9,215
2,0,1,1,18.86,22.725,51,15.0013,2011,4,6,20,141
3,1,0,2,27.88,31.82,79,7.0015,2011,9,5,1,54
3,0,1,3,24.6,25.76,93,0.0,2011,9,7,14,25
1,0,1,1,6.56,6.06,31,32.9975,2011,3,3,4,1
1,0,1,2,8.2,10.605,37,8.9981,2012,1,4,18,289
1,0,1,1,13.94,15.15,42,22.0028,2012,3,6,18,457
3,0,1,1,28.7,33.335,79,19.0012,2012,9,5,3,4
2,0,1,1,22.14,25.76,83,19.0012,2011,5,3,3,2
3,0,0,1,30.34,34.85,66,15.0013,2011,7,10,22,143
3,1,0,1,37.72,42.425,35,19.9995,2012,7,4,17,414
1,0,1,1,19.68,23.485,23,27.9993,2012,3,9,16,343
4,0,1,1,20.5,24.24,68,0.0,2011,10,7,22,146
3,0,1,1,33.62,37.12,43,15.0013,2011,8,17,16,300
1,0,0,1,13.12,16.665,53,8.9981,2012,1,8,9,125
4,0,1,1,20.5,24.24,77,11.0014,2012,10,10,8,839
3,0,1,1,29.52,33.335,54,0.0,2012,7,13,21,299
3,0,0,1,29.52,33.335,51,6.0032,2012,8,12,21,220
2,0,1,1,26.24,31.06,33,0.0,2011,5,10,17,611
1,0,1,1,16.4,20.455,43,12.998,2011,3,2,12,82
2,0,1,1,28.7,32.575,54,12.998,2012,5,16,12,330
3,0,1,1,28.7,32.575,54,7.0015,2012,8,16,23,226
2,0,1,1,22.14,25.76,73,11.0014,2012,6,6,21,298
3,0,1,1,29.52,33.335,58,7.0015,2012,7,12,9,327
3,0,1,2,27.06,29.545,94,6.0032,2011,8,4,1,17
2,0,1,1,29.52,33.335,54,26.0027,2011,6,16,12,206
3,0,1,1,28.7,32.575,65,15.0013,2011,8,5,22,188
4,0,1,1,10.66,12.12,41,19.0012,2011,11,18,10,115
3,0,0,1,25.42,31.06,50,11.0014,2012,9,16,18,481
1,0,0,1,14.76,18.18,21,6.0032,2012,3,10,18,297
3,0,1,1,27.06,31.06,65,7.0015,2012,8,13,0,47
1,0,0,1,9.02,13.635,80,0.0,2011,1,1,6,2
3,0,1,1,31.16,34.85,55,0.0,2011,7,13,2,5
2,0,1,1,22.14,25.76,73,19.0012,2012,6,6,20,408
1,0,0,1,18.86,22.725,31,19.0012,2012,3,11,14,501
3,0,1,1,31.16,34.09,48,19.0012,2011,8,9,23,75
4,0,0,1,9.84,12.12,60,8.9981,2011,11,12,0,64
2,0,0,1,22.14,25.76,49,15.0013,2011,5,7,21,182
3,0,1,1,32.8,39.395,63,8.9981,2012,7,16,19,595
1,0,1,1,0.82,2.275,41,11.0014,2012,1,4,6,59
2,0,1,1,15.58,19.695,76,15.0013,2011,4,14,1,10
1,0,0,1,9.02,11.365,69,12.998,2011,3,12,5,2
4,0,0,2,17.22,21.21,71,7.0015,2012,10,7,11,336
2,0,1,1,18.86,22.725,88,16.9979,2011,5,11,23,81
2,0,1,1,13.94,15.15,66,26.0027,2012,4,2,7,306
1,0,1,2,19.68,23.485,72,0.0,2012,3,16,14,202
2,0,1,2,20.5,24.24,77,0.0,2012,5,1,3,3
1,0,0,1,9.84,11.365,44,16.9979,2011,1,16,11,93
2,0,1,3,20.5,24.24,88,11.0014,2011,5,13,4,5
3,0,1,1,34.44,40.91,56,6.0032,2011,7,19,12,153
4,0,1,1,9.84,14.395,70,0.0,2011,12,9,2,12
2,0,1,1,22.96,26.515,28,36.9974,2012,4,9,14,218
3,0,1,1,26.24,29.545,78,6.0032,2011,8,5,1,19
4,0,1,1,12.3,15.15,52,11.0014,2011,12,13,21,139
2,0,1,2,29.52,34.85,79,12.998,2011,6,1,8,454
2,0,1,2,13.94,16.665,76,11.0014,2011,4,7,7,160
3,0,1,1,27.06,31.06,50,11.0014,2012,9,13,11,254
2,0,1,1,22.96,26.515,26,32.9975,2011,5,5,15,147
3,0,0,2,27.88,31.82,57,6.0032,2011,8,13,1,77
3,0,1,1,31.98,35.605,49,19.9995,2011,8,5,17,550
4,0,1,1,13.12,16.665,45,8.9981,2011,12,8,15,117
3,1,0,1,27.06,31.06,74,11.0014,2011,9,5,7,41
2,0,1,1,20.5,24.24,63,15.0013,2011,5,11,3,3
3,0,0,1,22.96,26.515,60,8.9981,2011,9,18,13,376
4,0,1,1,30.34,32.575,37,15.0013,2012,10,5,14,400
3,0,1,3,27.06,29.545,94,8.9981,2012,9,6,10,49
3,0,1,1,28.7,32.575,65,12.998,2011,8,15,18,483
2,0,0,2,31.16,34.85,52,15.0013,2011,6,18,16,468
4,0,1,1,17.22,21.21,58,16.9979,2012,11,19,16,380
3,0,0,1,27.06,31.06,74,15.0013,2012,8,11,1,116
1,0,1,1,13.12,15.15,49,22.0028,2011,3,11,18,153
1,0,1,1,21.32,25.0,27,19.0012,2012,1,6,16,294
3,0,0,3,28.7,33.335,79,11.0014,2012,7,14,17,458
2,0,1,1,27.06,31.06,65,12.998,2011,5,2,17,537
2,0,1,1,18.04,21.97,72,15.0013,2012,5,10,6,139
3,0,1,1,31.16,35.605,58,6.0032,2012,7,18,22,288
3,0,0,1,29.52,34.85,79,6.0032,2012,8,5,22,157
3,0,1,2,27.88,31.82,83,12.998,2012,8,14,3,3
2,0,1,1,20.5,24.24,27,26.0027,2012,4,12,17,656
4,0,1,2,22.96,26.515,83,19.0012,2011,10,11,23,57
4,0,0,2,12.3,16.665,87,0.0,2012,12,2,10,293
4,0,1,1,22.96,26.515,60,26.0027,2011,10,4,17,585
4,0,1,1,22.96,26.515,37,7.0015,2011,11,7,15,170
1,0,1,2,13.12,15.91,93,0.0,2011,3,16,8,253
1,0,1,1,5.74,6.06,59,16.9979,2012,1,3,7,170
2,0,0,1,23.78,27.275,53,15.0013,2012,4,15,10,421
4,0,1,2,13.94,18.18,42,0.0,2012,12,12,13,238
4,0,1,1,11.48,13.635,52,16.9979,2012,12,13,9,325
2,0,1,1,19.68,23.485,48,7.0015,2012,5,10,23,135
2,0,1,3,13.94,15.15,93,26.0027,2011,5,4,6,21
2,0,1,1,25.42,31.06,38,19.0012,2011,6,3,0,68
3,0,1,2,26.24,28.79,89,30.0026,2012,9,18,7,356
4,0,1,1,16.4,20.455,24,32.9975,2012,11,8,12,235
4,0,0,3,14.76,17.425,81,11.0014,2011,10,2,14,256
3,0,0,1,18.86,22.725,77,15.0013,2011,9,18,1,79
4,0,0,1,10.66,12.88,38,15.0013,2011,12,10,18,172
1,0,0,1,17.22,21.21,24,0.0,2012,3,3,23,106
4,0,1,2,15.58,19.695,87,0.0,2012,12,17,5,24
3,0,1,1,31.16,33.335,29,0.0,2011,8,12,11,156
4,0,1,1,9.02,12.88,69,6.0032,2012,11,6,4,7
1,1,0,2,7.38,10.605,43,7.0015,2011,1,17,14,86
3,0,1,1,26.24,31.06,33,0.0,2012,9,11,12,316
2,0,1,1,18.04,21.97,62,26.0027,2011,4,13,18,321
3,0,1,2,27.06,30.305,83,6.0032,2011,8,19,7,263
4,0,1,1,16.4,20.455,87,0.0,2011,11,9,22,114
3,0,0,1,27.88,31.82,47,6.0032,2011,7,2,0,115
2,0,0,1,26.24,28.79,89,19.0012,2011,6,12,3,28
3,0,1,1,29.52,34.85,79,0.0,2012,9,6,2,8
4,0,1,1,18.04,21.97,18,27.9993,2012,11,8,13,228
1,0,1,1,10.66,13.635,81,7.0015,2012,1,10,23,41
2,0,1,3,24.6,27.275,88,8.9981,2012,6,1,23,73
3,0,1,2,31.16,35.605,58,8.9981,2012,7,11,11,229
2,0,1,1,19.68,23.485,48,0.0,2012,4,4,0,41
3,0,1,2,35.26,37.88,36,15.0013,2011,8,2,19,454
4,0,1,1,18.86,22.725,47,30.0026,2012,12,18,14,247
4,0,1,2,24.6,29.545,69,8.9981,2011,10,11,10,149
1,0,1,1,9.84,10.605,65,19.0012,2011,3,2,8,256
4,0,0,2,9.84,11.365,60,15.0013,2011,12,18,11,188
2,0,1,1,18.04,21.97,58,8.9981,2011,5,10,2,5
2,0,1,1,20.5,24.24,45,31.0009,2011,5,4,16,195
2,0,1,1,29.52,33.335,54,31.0009,2011,5,3,16,271
2,0,0,1,27.06,31.06,74,7.0015,2011,6,11,23,131
1,0,0,1,8.2,8.335,34,30.0026,2011,1,9,16,92
3,0,1,2,30.34,34.85,70,8.9981,2012,8,7,20,448
3,0,1,1,22.96,26.515,83,0.0,2011,9,12,5,24
4,0,0,1,17.22,21.21,58,15.0013,2011,12,4,16,330
1,0,1,1,25.42,31.06,33,15.0013,2012,2,1,14,192
3,0,1,1,32.8,34.85,26,0.0,2011,7,1,12,263
2,0,0,1,31.16,34.09,45,6.0032,2012,6,10,11,499
1,0,0,1,5.74,10.605,63,0.0,2011,1,15,7,10
3,0,1,1,30.34,34.85,66,8.9981,2011,9,9,16,285
1,0,1,1,7.38,9.09,29,12.998,2011,3,3,10,56
2,0,1,2,20.5,24.24,72,15.0013,2011,4,19,20,168
3,0,1,1,27.88,31.82,79,11.0014,2012,8,1,0,47
4,0,1,3,25.42,30.305,69,23.9994,2012,10,19,17,425
1,0,0,2,19.68,23.485,59,19.9995,2011,3,5,16,204
1,0,0,2,18.04,21.97,67,16.9979,2012,1,1,21,71
3,0,0,2,28.7,33.335,84,0.0,2012,9,2,9,232
2,0,1,1,22.14,25.76,32,27.9993,2012,4,9,17,632
3,0,1,1,28.7,31.82,28,7.0015,2012,9,11,15,326
1,0,1,3,11.48,13.635,75,16.9979,2012,1,17,2,12
4,0,1,1,18.04,21.97,77,0.0,2012,10,1,3,7
3,0,1,2,27.88,31.82,79,43.0006,2012,9,18,11,151
1,0,0,1,9.84,12.12,60,11.0014,2012,3,11,5,7
3,0,0,1,24.6,29.545,73,8.9981,2011,7,16,2,58
3,0,0,2,27.06,31.06,36,16.9979,2012,9,15,17,729
4,0,0,1,12.3,13.635,56,19.9995,2011,11,5,9,141
3,0,1,1,29.52,34.09,62,19.9995,2011,8,8,7,267
3,0,0,1,39.36,42.425,26,8.9981,2012,7,7,17,279
1,0,1,3,13.12,16.665,76,6.0032,2012,2,16,12,45
1,0,1,2,9.84,14.395,70,0.0,2012,2,8,6,98
3,0,0,1,29.52,35.605,84,7.0015,2011,8,7,21,136
3,0,1,3,29.52,34.85,79,7.0015,2012,7,16,0,43
4,0,0,1,13.12,16.665,87,7.0015,2012,11,11,2,70
3,0,1,1,35.26,37.88,34,12.998,2012,7,3,11,217
3,0,1,3,25.42,29.545,73,7.0015,2011,9,2,2,20
4,0,0,1,18.04,21.97,54,15.0013,2012,10,7,1,109
2,0,0,2,13.94,17.425,66,7.0015,2011,4,2,9,87
4,0,1,1,14.76,17.425,57,8.9981,2011,12,2,12,204
3,0,0,2,28.7,33.335,84,8.9981,2012,7,15,8,133
1,0,1,1,18.86,22.725,63,23.9994,2012,1,17,20,180
4,0,1,1,12.3,14.395,56,15.0013,2012,12,11,22,106
1,0,1,2,9.84,12.12,87,8.9981,2012,1,11,10,97
3,0,1,1,33.62,39.395,56,22.0028,2011,7,18,14,138
1,0,0,1,4.92,5.305,39,23.9994,2011,1,8,21,37
4,0,0,1,19.68,23.485,55,16.9979,2012,10,6,20,247
1,0,0,1,18.04,21.97,13,26.0027,2011,2,19,2,17
3,0,1,3,27.06,29.545,94,8.9981,2012,9,6,9,123
4,0,1,1,13.12,15.91,39,12.998,2011,11,17,18,307
3,0,1,1,18.86,22.725,72,6.0032,2012,9,11,5,44
2,0,0,2,18.86,22.725,82,0.0,2011,5,1,22,100
4,0,1,2,12.3,14.395,52,19.0012,2012,11,5,9,257
1,0,1,1,7.38,6.06,34,43.9989,2012,1,3,13,73
3,0,1,1,31.98,37.12,59,11.0014,2012,9,7,12,323
2,0,0,1,20.5,24.24,88,6.0032,2011,5,8,22,115
4,0,1,2,14.76,16.665,66,16.9979,2012,11,19,10,139
3,0,1,1,27.06,31.06,65,8.9981,2012,8,13,7,436
4,0,1,1,18.86,22.725,59,0.0,2011,11,8,19,278
4,0,1,1,12.3,15.91,61,7.0015,2011,12,1,21,162
4,0,0,1,14.76,18.18,81,7.0015,2011,11,6,20,116
1,0,0,1,15.58,19.695,66,6.0032,2011,3,12,23,49
3,0,0,1,26.24,29.545,78,19.0012,2012,7,14,7,48
2,0,1,3,10.66,12.88,93,12.998,2011,4,1,2,7
3,0,1,1,35.26,39.395,41,0.0,2012,7,19,17,771
4,0,0,1,17.22,21.21,47,16.9979,2011,11,12,22,118
2,0,0,2,16.4,20.455,71,12.998,2012,4,1,11,451
1,0,1,3,13.12,15.15,66,22.0028,2012,1,17,5,13
4,0,1,1,11.48,15.91,48,0.0,2012,12,13,21,213
2,0,1,1,18.04,21.97,41,16.9979,2011,4,6,12,134
4,0,1,1,12.3,13.635,61,22.0028,2011,12,19,12,141
3,0,1,1,32.8,37.12,49,11.0014,2011,7,5,14,178
2,0,1,1,29.52,33.335,51,12.998,2012,5,16,17,873
4,0,1,1,18.86,22.725,55,19.9995,2012,10,10,22,197
2,0,1,1,21.32,25.0,59,6.0032,2012,6,6,0,49
4,0,1,3,21.32,25.0,88,11.0014,2011,10,14,11,87
3,0,0,1,36.08,40.91,42,27.9993,2012,8,4,15,489
1,0,0,2,18.04,21.97,88,0.0,2012,3,17,3,26
3,0,1,3,22.14,25.76,94,26.0027,2011,9,6,15,89
2,0,1,1,27.06,31.06,44,7.0015,2011,6,2,3,4
2,0,1,3,24.6,28.79,78,16.9979,2012,5,8,22,147
3,0,0,1,20.5,24.24,72,15.0013,2011,9,17,22,143
2,0,1,1,32.8,35.605,38,15.0013,2011,6,7,16,308
1,0,1,1,10.66,14.395,65,6.0032,2011,3,14,2,1
2,0,1,2,25.42,31.06,38,16.9979,2011,5,10,13,202
1,0,0,1,4.1,4.545,49,19.0012,2011,1,9,8,10
1,0,1,2,8.2,12.88,75,0.0,2012,1,5,8,388
1,0,1,1,13.12,15.15,21,15.0013,2011,2,15,13,82
2,0,1,2,18.86,22.725,55,0.0,2011,4,7,11,122
2,0,1,1,27.06,31.06,61,12.998,2011,5,3,20,290
3,0,1,2,22.14,25.76,88,27.9993,2011,9,6,19,281
2,0,1,1,25.42,28.79,83,12.998,2012,6,13,3,8
1,0,1,2,9.02,12.12,93,7.0015,2011,1,18,21,41
4,0,0,1,13.12,15.15,70,16.9979,2012,11,18,9,204
3,0,1,1,28.7,31.82,28,0.0,2012,9,11,17,970
1,0,0,2,10.66,11.365,56,22.0028,2012,2,19,11,226
1,0,0,1,16.4,20.455,37,19.9995,2012,3,11,12,410
2,0,1,1,9.84,12.12,65,8.9981,2011,4,6,4,1
1,0,0,2,12.3,14.395,45,16.9979,2011,1,15,18,84
2,0,1,1,22.14,25.76,39,30.0026,2012,5,10,13,318
1,0,0,2,17.22,21.21,28,22.0028,2011,2,13,16,134
4,0,1,1,18.04,21.97,67,6.0032,2011,11,3,19,252
3,0,1,1,28.7,32.575,58,26.0027,2011,8,16,10,111
4,1,0,1,13.94,17.425,76,7.0015,2012,10,8,6,59
3,0,1,1,34.44,37.88,44,0.0,2012,8,9,11,260
2,1,0,1,30.34,33.335,45,19.9995,2012,4,16,13,263
2,0,1,1,28.7,31.82,42,0.0,2012,6,7,12,336
2,0,0,1,10.66,13.635,65,8.9981,2011,4,2,1,32
1,0,1,1,6.56,9.09,28,8.9981,2011,2,10,18,160
2,0,1,2,13.94,16.665,76,8.9981,2011,4,8,1,9
3,0,1,1,27.06,31.06,31,26.0027,2012,9,10,15,346
4,0,1,1,10.66,13.635,60,7.0015,2011,12,8,20,175
4,0,0,1,9.84,12.12,87,8.9981,2012,12,1,6,27
2,0,1,1,25.42,29.545,73,19.0012,2011,6,13,2,10
3,0,1,1,26.24,30.305,73,8.9981,2012,7,12,7,512
3,0,0,2,27.06,29.545,89,19.0012,2012,9,8,1,117
4,0,0,1,8.2,10.605,75,8.9981,2011,12,18,0,71
3,0,1,2,31.16,34.85,52,11.0014,2011,8,3,4,7
1,0,1,1,9.02,9.85,47,26.0027,2012,1,13,9,214
3,0,0,1,38.54,43.94,38,16.9979,2012,7,8,13,337
4,0,1,2,23.78,27.275,43,15.0013,2012,10,17,15,301
3,0,1,1,32.8,34.85,33,7.0015,2012,8,16,12,343
3,0,1,1,36.9,40.91,35,23.9994,2012,7,5,12,276
3,0,0,1,27.88,31.82,34,22.0028,2012,9,15,14,715
1,0,0,1,13.94,16.665,57,12.998,2011,1,2,17,65
4,0,0,1,16.4,20.455,87,7.0015,2012,12,8,18,304
2,0,1,1,14.76,16.665,57,22.0028,2012,4,2,8,589
3,0,1,2,32.8,35.605,42,11.0014,2012,7,11,13,273
3,0,1,1,29.52,34.09,66,12.998,2012,8,13,21,290
3,0,0,1,30.34,33.335,51,6.0032,2011,7,2,9,179
4,0,1,1,15.58,19.695,46,19.9995,2012,11,2,10,204
3,0,1,1,22.96,26.515,64,6.0032,2012,9,12,22,212
4,0,0,2,14.76,18.18,93,7.0015,2012,12,8,3,29
2,1,0,1,27.88,31.82,57,16.9979,2012,4,16,12,271
3,0,1,2,28.7,33.335,74,8.9981,2012,7,11,9,328
4,0,1,1,13.94,16.665,46,0.0,2012,11,14,12,240
2,0,1,1,24.6,31.06,43,0.0,2012,4,19,15,262
4,0,1,2,17.22,21.21,71,6.0032,2011,12,5,13,171
2,0,1,1,31.16,33.335,29,12.998,2012,6,8,17,793
4,0,0,1,9.84,12.88,60,7.0015,2011,12,18,20,104
3,0,1,1,25.42,31.06,41,12.998,2012,9,11,19,596
2,0,1,1,22.96,26.515,52,19.0012,2012,6,4,22,168
4,0,1,1,10.66,13.635,65,7.0015,2012,11,9,6,131
4,0,0,1,14.76,16.665,76,23.9994,2011,10,2,9,115
2,0,0,1,21.32,25.0,77,6.0032,2011,5,8,21,127
4,0,1,1,21.32,25.0,42,30.0026,2012,10,12,15,455
4,0,1,2,26.24,28.79,89,6.0032,2012,10,4,7,391
4,0,0,2,16.4,20.455,62,0.0,2012,12,1,15,484
2,0,1,1,18.04,21.97,44,19.9995,2012,4,9,23,67
1,0,1,1,15.58,19.695,58,26.0027,2011,1,19,16,104
3,0,1,1,22.96,26.515,73,6.0032,2012,9,13,0,57
1,0,0,2,4.1,2.275,46,47.9988,2012,2,12,4,1
1,0,1,1,9.84,12.88,87,6.0032,2012,1,11,1,7
4,0,1,1,18.04,21.97,47,19.9995,2011,11,4,14,201
2,0,0,2,31.16,34.09,48,11.0014,2011,6,18,17,449
1,0,1,2,8.2,10.605,69,8.9981,2011,1,7,4,1
2,0,1,2,22.96,26.515,73,6.0032,2011,6,16,3,4
1,0,1,2,18.04,21.97,82,8.9981,2012,3,16,12,294
2,0,0,1,11.48,13.635,65,12.998,2011,4,3,6,33
3,0,0,1,27.06,29.545,89,12.998,2011,9,4,0,109
4,0,0,2,9.84,12.88,87,7.0015,2012,12,15,4,6
1,0,1,1,11.48,15.15,75,6.0032,2012,3,2,8,549
4,0,0,1,14.76,17.425,66,12.998,2012,11,10,9,259
4,0,1,3,14.76,16.665,81,19.9995,2011,11,10,15,62
1,0,0,1,9.84,11.365,65,12.998,2011,3,12,2,14
2,0,0,2,25.42,30.305,61,7.0015,2012,5,6,15,571
2,0,0,2,18.86,22.725,72,8.9981,2011,5,1,9,141
3,0,1,2,31.98,37.12,62,8.9981,2012,8,7,17,868
4,0,0,1,18.86,22.725,55,15.0013,2011,11,6,16,347
2,0,1,3,22.96,26.515,88,16.9979,2012,5,14,17,229
1,0,1,3,9.02,12.12,93,7.0015,2011,2,2,5,3
1,0,0,3,11.48,14.395,81,8.9981,2012,2,11,1,45
3,0,1,2,29.52,33.335,54,19.9995,2012,7,2,4,12
1,0,1,2,7.38,10.605,43,6.0032,2011,3,3,23,23
1,0,1,3,16.4,20.455,58,19.9995,2012,3,2,16,50
4,0,0,1,12.3,16.665,65,0.0,2011,11,5,22,82
2,0,0,2,22.96,26.515,83,19.0012,2012,5,5,23,149
1,0,1,1,12.3,14.395,52,15.0013,2012,2,3,2,6
1,0,1,1,13.12,15.91,57,12.998,2012,2,7,22,118
1,0,1,2,7.38,12.12,86,0.0,2011,2,1,11,51
1,0,1,1,28.7,31.82,32,0.0,2012,3,14,18,749
3,0,0,1,30.34,34.09,55,19.0012,2011,9,10,14,359
4,0,0,1,18.04,21.97,62,11.0014,2012,11,11,20,200
1,0,0,1,4.1,3.79,49,26.0027,2012,2,12,6,2
4,0,1,1,26.24,30.305,69,15.0013,2012,10,19,12,332
1,0,1,1,23.78,27.275,35,15.0013,2012,3,1,14,211
2,0,0,1,24.6,31.06,46,6.0032,2011,5,8,12,382
1,0,1,1,8.2,11.365,40,6.0032,2011,1,7,18,123
4,0,1,1,17.22,21.21,71,7.0015,2011,11,3,20,209
1,0,1,3,13.12,15.91,93,11.0014,2011,3,9,22,21
1,0,1,2,9.84,12.88,70,7.0015,2012,2,8,7,281
2,0,1,1,32.8,35.605,41,23.9994,2012,6,11,15,259
2,1,0,1,21.32,25.0,55,32.9975,2011,4,15,16,243
1,0,1,1,18.86,22.725,88,11.0014,2012,3,19,2,8
4,0,1,1,18.86,22.725,88,7.0015,2012,10,19,23,131
1,0,0,1,14.76,16.665,34,23.9994,2012,3,4,14,332
2,0,0,2,28.7,32.575,48,6.0032,2011,6,4,20,239
2,0,0,1,16.4,20.455,58,8.9981,2012,4,14,1,70
3,0,1,1,28.7,31.82,42,0.0,2012,9,13,13,283
3,0,0,3,23.78,27.275,83,12.998,2012,9,8,17,171
1,0,1,1,9.02,10.605,37,19.9995,2012,3,6,0,8
2,0,0,1,16.4,20.455,43,19.0012,2011,4,17,9,102
3,0,1,1,33.62,36.365,38,11.0014,2012,7,10,14,242
3,0,0,1,30.34,34.09,55,15.0013,2011,9,10,15,480
1,0,0,1,19.68,23.485,36,19.0012,2012,2,18,17,364
3,0,1,2,32.8,38.635,59,15.0013,2011,8,9,10,144
4,0,0,1,15.58,19.695,43,12.998,2012,11,17,11,423
1,0,1,2,15.58,19.695,54,6.0032,2011,2,7,15,50
4,0,0,1,17.22,21.21,35,19.9995,2012,11,17,15,549
3,0,1,1,34.44,37.88,41,19.0012,2011,7,13,12,174
4,0,1,1,13.94,15.91,46,16.9979,2012,11,6,15,272
3,0,1,1,29.52,34.85,74,7.0015,2012,8,2,8,739
4,0,0,2,17.22,21.21,67,12.998,2012,10,7,10,185
1,0,1,1,8.2,9.09,51,26.0027,2011,1,12,11,35
3,0,1,3,31.16,35.605,62,15.0013,2012,8,1,18,891
2,0,0,2,13.94,16.665,81,8.9981,2012,4,1,3,25
3,0,0,1,22.96,26.515,52,19.0012,2012,9,9,23,92
3,0,1,1,22.96,26.515,88,6.0032,2011,9,12,0,16
1,0,1,1,17.22,21.21,32,19.9995,2012,2,17,16,307
4,0,1,2,16.4,20.455,66,22.0028,2012,12,11,2,1
3,1,0,2,30.34,34.85,70,8.9981,2011,9,5,13,389
2,0,0,2,14.76,17.425,81,8.9981,2011,4,9,14,212
3,0,1,1,28.7,32.575,61,8.9981,2012,8,15,19,649
1,0,1,1,12.3,12.88,26,36.9974,2011,3,2,22,48
3,0,1,1,29.52,34.09,66,8.9981,2012,7,19,6,152
2,0,1,1,28.7,32.575,54,31.0009,2012,5,4,18,641
4,0,1,1,25.42,28.79,83,12.998,2011,10,13,21,123
1,0,1,1,3.28,6.06,63,6.0032,2011,2,11,5,4
3,0,1,1,23.78,27.275,78,6.0032,2011,9,1,2,25
4,0,1,3,18.86,22.725,100,11.0014,2011,12,6,22,87
4,0,1,1,12.3,15.91,56,6.0032,2011,12,12,18,357
2,0,1,1,27.88,31.06,22,23.9994,2012,4,17,16,370
2,0,1,1,26.24,31.06,47,15.0013,2011,6,15,21,257
1,0,1,3,14.76,18.94,93,0.0,2012,2,2,7,205
1,0,1,2,22.14,25.76,60,31.0009,2012,3,8,11,204
2,0,0,1,28.7,31.82,39,19.0012,2012,4,15,14,628
2,0,0,1,22.14,25.76,64,7.0015,2011,6,4,1,94
3,0,0,1,32.8,38.635,59,15.0013,2011,9,4,16,337
1,0,1,1,7.38,12.12,69,0.0,2011,2,11,23,53
1,0,1,1,9.02,9.09,35,35.0008,2011,2,8,16,83
2,0,1,1,27.06,31.06,54,12.998,2012,4,17,0,43
3,0,1,1,27.06,30.305,83,0.0,2012,8,2,3,6
3,0,1,3,29.52,34.09,66,32.9975,2011,8,3,6,110
1,0,1,1,24.6,30.305,60,19.0012,2012,3,13,12,244
4,0,1,1,18.04,21.97,77,15.0013,2011,10,4,8,400
2,0,1,1,18.04,21.97,44,11.0014,2011,5,6,0,56
1,0,1,1,5.74,6.06,50,19.9995,2011,1,13,5,3
1,0,1,1,5.74,7.575,86,11.0014,2011,1,12,5,5
4,0,1,2,14.76,16.665,81,26.0027,2012,11,13,4,9
4,0,0,1,10.66,11.365,52,19.9995,2011,11,19,1,35
3,0,1,2,30.34,34.85,66,6.0032,2011,7,6,12,152
3,0,1,1,30.34,33.335,48,12.998,2011,8,16,19,376
4,0,1,1,21.32,25.0,59,15.0013,2012,12,4,17,743
4,0,0,1,11.48,15.91,30,0.0,2011,12,11,17,163
2,0,1,1,22.14,25.76,49,15.0013,2011,6,3,3,5
1,0,1,3,9.84,11.365,87,12.998,2012,2,8,21,129
2,0,0,1,24.6,31.06,53,19.9995,2012,6,16,23,183
4,0,1,1,13.94,18.18,87,0.0,2011,11,7,0,15
4,0,1,1,12.3,14.395,75,15.0013,2011,12,2,10,105
1,0,1,2,18.04,21.97,94,0.0,2012,3,16,21,152
4,0,1,1,16.4,20.455,20,19.9995,2012,11,8,17,592
4,0,1,1,14.76,17.425,50,12.998,2011,12,19,18,354
1,0,1,1,9.02,9.85,47,22.0028,2011,2,2,21,63
2,0,1,1,25.42,31.06,46,12.998,2011,6,14,9,193
2,0,0,1,22.96,26.515,68,16.9979,2012,6,17,8,119
1,0,0,1,8.2,12.88,86,0.0,2011,1,1,7,3
1,0,0,1,12.3,13.635,49,30.0026,2012,3,4,9,118
4,0,1,3,15.58,19.695,62,11.0014,2012,11,1,12,221
4,0,1,2,14.76,18.18,93,6.0032,2012,12,7,23,122
1,0,1,2,8.2,10.605,80,8.9981,2012,1,6,5,13
2,0,1,2,30.34,35.605,79,8.9981,2011,6,9,0,47
1,0,0,3,17.22,21.21,88,11.0014,2012,3,18,7,42
4,0,1,1,14.76,18.94,93,0.0,2012,12,3,8,731
2,0,1,1,32.8,34.09,22,32.9975,2011,6,2,16,318
2,0,1,1,30.34,33.335,48,35.0008,2011,4,11,15,141
2,0,1,1,22.96,26.515,83,0.0,2012,5,2,1,15
3,0,1,2,20.5,24.24,51,8.9981,2011,9,16,11,179
1,0,1,1,16.4,20.455,50,11.0014,2012,2,1,4,1
3,0,1,1,29.52,34.85,79,0.0,2012,9,5,21,296
4,0,1,1,15.58,19.695,29,31.0009,2012,11,8,20,245
2,0,1,2,20.5,24.24,42,12.998,2012,4,18,2,9
3,0,1,1,22.14,25.76,94,7.0015,2011,9,12,4,4
4,1,0,1,21.32,25.0,72,8.9981,2012,11,12,18,551
2,0,1,1,19.68,23.485,33,27.9993,2012,4,2,15,324
2,0,0,2,26.24,31.06,53,12.998,2012,5,13,21,169
1,0,1,2,9.02,12.88,44,6.0032,2011,2,15,23,20
2,0,1,1,22.96,26.515,46,16.9979,2011,4,18,19,286
1,0,1,1,24.6,31.06,43,26.0027,2012,3,8,21,233
1,0,0,1,7.38,9.09,29,15.0013,2012,1,15,18,120
2,0,0,2,30.34,32.575,30,11.0014,2011,6,4,18,341
4,0,0,1,15.58,19.695,76,8.9981,2011,12,4,17,245
4,0,1,2,23.78,27.275,64,26.0027,2012,10,15,1,29
2,0,0,1,20.5,24.24,42,12.998,2011,4,17,21,83
1,0,1,1,9.02,9.85,37,27.9993,2011,2,8,14,64
4,0,1,1,18.86,22.725,67,0.0,2011,11,7,12,179
4,0,1,1,15.58,19.695,46,11.0014,2011,12,19,15,159
2,0,1,1,22.96,26.515,73,16.9979,2012,6,18,0,40
3,0,0,3,31.98,35.605,52,11.0014,2012,7,1,23,110
3,0,1,2,22.96,26.515,100,8.9981,2011,9,7,5,16
1,0,1,1,8.2,9.85,47,15.0013,2011,1,5,6,33
2,0,1,1,18.86,22.725,31,23.9994,2012,4,9,9,286
3,0,1,1,36.08,40.91,44,12.998,2011,7,19,15,158
2,0,0,2,14.76,17.425,93,8.9981,2011,4,9,22,87
3,0,1,2,26.24,30.305,73,11.0014,2011,9,2,22,147
2,0,0,2,13.12,15.15,87,15.0013,2011,4,9,2,17
4,0,1,1,14.76,17.425,66,8.9981,2012,11,9,20,255
4,0,0,1,14.76,18.18,50,6.0032,2011,11,5,18,237
1,0,0,1,13.12,16.665,33,8.9981,2012,3,10,20,121
2,0,0,2,20.5,24.24,88,8.9981,2011,5,14,0,102
2,0,0,1,15.58,19.695,66,8.9981,2012,4,14,2,56
1,0,1,1,4.92,6.82,50,12.998,2012,2,13,9,205
2,0,0,2,27.06,31.06,31,12.998,2012,5,12,18,546
1,0,1,1,9.84,14.395,65,0.0,2011,2,7,0,15
4,0,1,1,18.04,21.97,62,0.0,2012,10,16,8,835
3,0,0,1,31.16,34.09,43,19.0012,2011,7,16,12,463
1,0,1,2,11.48,15.91,87,0.0,2011,2,8,1,4
1,0,1,1,29.52,32.575,34,26.0027,2012,3,13,16,365
2,0,1,1,29.52,32.575,39,22.0028,2012,6,8,12,369
2,0,0,1,27.06,31.06,65,8.9981,2012,5,5,10,432
1,0,0,1,16.4,20.455,40,30.0026,2012,2,18,22,118
4,0,1,1,10.66,11.365,56,22.0028,2012,11,13,22,135
1,0,0,3,10.66,12.88,81,12.998,2012,2,5,5,4
2,0,0,1,24.6,31.06,38,12.998,2011,5,7,16,342
2,0,0,1,25.42,31.06,57,12.998,2012,6,17,21,246
2,0,1,1,20.5,24.24,59,16.9979,2011,4,18,23,46
3,0,0,1,28.7,33.335,79,11.0014,2011,9,3,20,219
3,0,1,1,29.52,34.85,74,7.0015,2012,8,7,22,224
2,0,1,1,25.42,29.545,78,7.0015,2011,6,6,7,299
4,0,0,1,27.06,31.06,44,6.0032,2011,10,9,13,418
1,0,0,1,12.3,15.91,81,7.0015,2012,1,1,10,70
1,0,0,1,11.48,14.395,65,7.0015,2012,2,18,3,18
4,0,0,1,12.3,15.15,65,11.0014,2012,10,13,4,11
4,0,1,2,10.66,13.635,65,7.0015,2012,11,15,1,16
3,0,1,1,36.9,42.425,42,0.0,2012,7,18,11,183
4,0,0,1,26.24,30.305,65,16.9979,2012,10,6,11,647
1,0,0,1,14.76,16.665,37,19.0012,2012,1,8,2,67
1,0,0,1,18.86,22.725,38,26.0027,2011,3,13,12,194
2,0,0,1,34.44,37.12,36,19.0012,2012,6,10,16,508
3,0,1,2,34.44,37.88,44,12.998,2012,8,8,15,278
4,0,1,1,13.94,18.18,76,0.0,2012,11,9,21,199
3,0,1,1,27.06,29.545,89,7.0015,2012,8,10,10,193
4,0,1,2,20.5,24.24,87,11.0014,2012,12,10,15,236
1,0,0,1,13.12,13.635,26,36.9974,2011,2,19,21,33
2,0,1,1,28.7,31.82,28,19.0012,2011,6,3,15,212
4,0,1,2,13.12,14.395,53,23.9994,2012,11,7,16,273
2,0,0,1,25.42,28.79,83,7.0015,2011,6,18,1,95
4,0,1,2,13.12,15.91,45,11.0014,2011,12,16,21,102
4,0,1,2,15.58,19.695,87,0.0,2012,12,17,0,28
1,0,1,1,9.02,13.635,80,0.0,2011,2,7,9,118
1,0,0,1,6.56,6.82,43,22.0028,2011,1,9,19,41
2,0,0,1,26.24,31.06,57,11.0014,2012,6,9,9,340
2,0,1,1,22.14,25.76,60,8.9981,2011,5,10,20,291
1,0,1,1,8.2,10.605,75,8.9981,2011,3,2,4,1
1,0,1,2,7.38,9.09,40,15.0013,2011,2,9,12,61
3,0,1,1,30.34,33.335,45,0.0,2012,7,13,22,263
3,0,0,2,29.52,34.85,79,0.0,2012,9,2,10,388
2,0,1,1,17.22,21.21,82,11.0014,2011,5,9,4,4
1,0,0,2,7.38,10.605,55,6.0032,2011,1,8,1,16
4,0,1,1,9.84,14.395,87,0.0,2011,12,2,8,445
4,0,1,1,18.86,22.725,67,11.0014,2011,11,9,11,152
2,0,1,2,13.94,15.15,71,26.0027,2011,4,5,12,38
2,0,1,2,24.6,31.06,46,27.9993,2012,4,4,12,283
4,0,1,3,22.14,25.76,94,0.0,2012,10,19,7,154
2,0,1,3,29.52,34.09,66,19.0012,2012,6,1,15,258
2,0,0,1,26.24,31.06,36,0.0,2012,6,2,17,586
4,1,0,2,28.7,32.575,48,6.0032,2011,10,10,12,365
2,0,0,2,22.14,25.76,68,12.998,2012,5,13,4,9
3,0,0,1,33.62,38.635,52,19.9995,2012,8,4,20,312
3,0,1,1,30.34,32.575,37,0.0,2011,8,10,22,139
4,0,1,1,18.04,21.97,54,16.9979,2012,11,19,13,251
3,0,0,1,26.24,30.305,69,8.9981,2012,8,12,2,86
3,0,0,1,27.88,31.82,89,6.0032,2012,9,2,8,129
2,0,1,1,18.04,21.97,72,19.9995,2012,5,10,7,401
3,0,1,1,35.26,38.635,39,11.0014,2011,8,8,17,527
1,0,0,2,14.76,17.425,40,11.0014,2012,3,4,2,80
2,0,0,2,20.5,24.24,88,7.0015,2011,5,14,6,11
3,0,1,1,30.34,34.85,70,19.0012,2012,9,4,22,179
2,0,1,1,29.52,32.575,30,32.9975,2012,6,13,16,392
4,0,0,1,9.84,12.12,70,8.9981,2011,12,3,3,9
2,0,1,1,9.84,12.88,70,7.0015,2011,4,6,6,56
2,0,1,1,18.04,21.97,41,12.998,2012,4,5,20,312
2,0,1,3,27.06,31.06,69,12.998,2011,6,16,16,294
2,0,1,1,15.58,19.695,62,7.0015,2011,5,6,2,16
3,0,1,1,34.44,36.365,28,19.9995,2012,7,2,11,201
3,0,1,1,26.24,29.545,78,11.0014,2011,9,14,9,202
3,0,0,2,27.06,30.305,83,12.998,2011,7,3,19,183
1,0,0,1,18.86,22.725,33,11.0014,2012,3,3,19,225
3,0,1,1,22.14,25.76,68,11.0014,2012,9,17,0,45
2,0,0,3,19.68,23.485,100,0.0,2011,5,14,7,32
3,0,0,1,36.9,43.18,45,0.0,2012,7,8,10,319
1,0,1,2,10.66,14.395,56,6.0032,2012,1,9,11,88
3,0,0,1,29.52,34.85,74,16.9979,2011,8,14,13,377
3,0,1,2,36.08,40.15,39,16.9979,2012,7,5,19,503
2,0,1,2,22.14,25.76,88,16.9979,2011,5,17,9,207
4,0,0,1,15.58,19.695,46,15.0013,2012,11,4,12,504
4,0,1,1,13.94,17.425,53,7.0015,2012,11,2,9,382
2,0,1,1,27.06,31.06,31,7.0015,2011,5,10,16,327
4,0,1,2,20.5,24.24,94,15.0013,2012,12,10,14,210
1,0,1,1,17.22,21.21,67,16.9979,2011,3,18,8,280
4,0,0,2,12.3,16.665,87,0.0,2012,12,2,2,74
1,0,0,2,9.02,9.85,100,27.9993,2011,3,6,23,9
3,0,1,1,29.52,34.85,74,12.998,2011,7,6,0,37
3,0,0,1,26.24,31.06,38,26.0027,2012,9,15,11,627
2,0,1,1,24.6,30.305,28,0.0,2011,4,14,17,388
4,0,0,3,16.4,20.455,76,12.998,2012,12,2,17,303
1,0,0,1,17.22,21.21,47,16.9979,2011,3,13,10,122
1,0,1,2,13.12,17.425,81,0.0,2012,2,16,22,111
1,0,1,1,8.2,9.85,51,16.9979,2012,1,3,0,13
1,0,0,1,18.86,22.725,15,43.9989,2011,2,19,14,196
4,0,1,2,18.86,22.725,94,12.998,2011,12,6,7,234
1,0,0,1,13.94,16.665,76,8.9981,2012,1,1,11,138
1,0,0,2,9.84,10.605,100,19.0012,2011,2,5,17,78
4,0,1,2,13.94,18.18,46,0.0,2012,12,12,14,225
1,0,1,1,13.94,16.665,53,11.0014,2012,3,2,0,46
4,0,1,1,13.12,14.395,53,27.9993,2012,11,9,3,9
3,0,1,1,26.24,31.06,57,11.0014,2011,8,11,4,5
3,0,1,1,28.7,33.335,84,0.0,2012,8,8,2,6
4,0,0,2,14.76,17.425,93,8.9981,2012,12,16,23,33
3,0,1,1,17.22,21.21,71,15.0013,2011,9,16,0,48
1,0,1,1,20.5,24.24,68,12.998,2012,3,14,2,2
2,0,1,1,17.22,21.21,38,6.0032,2012,4,3,9,408
3,0,0,2,25.42,30.305,65,11.0014,2012,8,19,4,26
3,0,1,2,27.06,30.305,83,0.0,2011,8,19,8,398
3,0,1,1,32.8,37.88,55,12.998,2012,8,9,19,623
2,0,1,3,26.24,31.06,50,19.0012,2011,6,14,17,569
4,0,0,2,13.12,16.665,61,6.0032,2011,12,3,22,114
1,0,1,2,13.12,14.395,76,23.9994,2011,3,9,13,99
1,0,1,1,24.6,31.06,40,15.0013,2012,2,1,16,283
4,0,1,1,11.48,12.88,52,22.0028,2011,12,1,0,20
2,0,1,1,18.86,22.725,88,8.9981,2011,5,11,5,20
4,0,1,1,22.96,26.515,37,26.0027,2012,10,12,13,381
2,0,0,1,28.7,32.575,58,11.0014,2012,6,9,22,214
3,0,1,1,22.96,26.515,52,12.998,2012,9,19,10,192
2,0,1,2,25.42,29.545,73,8.9981,2012,5,4,10,199
1,0,1,1,8.2,11.365,40,7.0015,2011,1,10,17,178
1,0,0,3,13.94,15.15,100,19.9995,2011,3,6,17,25
2,0,0,1,19.68,23.485,59,0.0,2011,5,7,7,40
4,0,1,1,10.66,15.15,81,0.0,2011,12,12,21,121
2,0,1,1,25.42,30.305,65,27.9993,2011,5,17,17,604
1,0,0,1,6.56,9.09,64,8.9981,2011,2,12,9,43
1,0,1,2,13.94,15.91,53,16.9979,2011,3,11,12,111
2,0,0,2,24.6,30.305,64,11.0014,2012,5,6,19,383
3,0,1,2,31.98,35.605,49,12.998,2012,8,15,13,294
4,0,1,1,18.04,21.97,100,12.998,2011,12,7,0,33
2,0,0,1,34.44,35.605,20,19.9995,2012,6,9,15,555
2,0,0,1,17.22,21.21,67,6.0032,2011,5,1,0,96
3,0,0,1,29.52,34.85,79,16.9979,2012,8,5,6,19
2,0,1,1,31.16,34.09,45,11.0014,2011,6,17,16,355
2,0,0,1,28.7,31.82,45,27.9993,2012,5,13,17,478
2,0,1,1,22.14,25.76,94,7.0015,2012,5,16,5,38
3,0,1,1,24.6,27.275,88,16.9979,2011,8,15,7,258
1,0,1,1,13.12,15.15,31,15.0013,2011,3,7,18,233
3,0,0,2,25.42,29.545,78,11.0014,2012,8,19,22,56
3,0,0,3,29.52,34.85,79,23.9994,2012,7,15,18,312
2,0,0,1,26.24,29.545,78,8.9981,2011,6,18,7,57
3,0,1,1,31.16,34.85,55,0.0,2011,7,13,1,12
2,0,1,1,24.6,31.06,49,16.9979,2011,6,14,1,13
4,0,1,3,9.84,9.85,93,30.0026,2011,12,7,22,13
2,0,1,1,23.78,27.275,83,0.0,2011,5,16,21,177
1,0,1,1,10.66,12.88,53,15.0013,2012,3,5,19,226
3,0,1,1,17.22,21.21,67,15.0013,2011,9,16,8,409
2,0,1,3,14.76,15.91,87,32.9975,2011,4,5,9,46
3,0,1,1,32.8,39.395,63,11.0014,2012,9,5,13,234
2,0,0,1,26.24,28.79,83,8.9981,2011,6,12,22,128
2,0,1,1,22.96,26.515,83,7.0015,2012,6,15,2,15
3,0,0,1,27.06,31.06,36,23.9994,2012,9,15,12,706
4,0,1,1,9.02,12.88,69,6.0032,2012,12,14,1,26
1,0,1,2,9.84,12.88,81,7.0015,2011,2,1,18,168
3,0,0,3,22.96,26.515,88,16.9979,2012,9,8,15,512
1,0,1,1,9.84,12.12,65,8.9981,2012,2,6,0,21
4,0,0,1,17.22,21.21,35,8.9981,2012,10,13,11,527
3,0,1,2,22.14,25.76,88,22.0028,2011,9,6,6,72
2,0,0,2,27.06,31.06,69,23.9994,2012,5,5,18,434
3,0,1,1,36.9,40.15,33,12.998,2012,7,17,18,772
1,0,1,1,15.58,19.695,37,12.998,2012,2,17,21,129
4,0,1,1,22.96,26.515,49,0.0,2012,10,10,13,297
2,0,1,3,18.86,22.725,88,12.998,2012,5,3,8,627
1,0,1,3,13.94,18.18,87,0.0,2012,2,16,17,289
1,0,1,1,11.48,12.88,56,19.9995,2012,2,3,3,4
2,0,1,1,31.98,35.605,52,0.0,2011,6,10,10,111
1,0,0,2,16.4,20.455,94,15.0013,2011,1,1,22,28
2,0,1,2,21.32,25.0,83,11.0014,2011,5,13,0,52
2,0,1,1,22.14,25.76,32,0.0,2011,4,14,19,259
2,0,0,1,11.48,13.635,65,15.0013,2011,4,3,5,5
2,0,0,1,22.96,26.515,30,26.0027,2011,4,17,18,277
3,0,1,3,24.6,27.275,88,8.9981,2011,9,7,9,190
3,0,1,1,31.16,36.365,66,15.0013,2012,8,2,21,342
4,0,1,1,18.04,21.97,62,11.0014,2011,10,6,8,457
4,0,0,3,13.94,15.91,87,19.0012,2011,10,2,3,9
3,0,0,2,29.52,34.09,70,7.0015,2012,7,14,11,439
1,0,0,1,13.12,15.15,49,19.0012,2012,3,11,10,218
4,0,1,1,14.76,18.18,76,6.0032,2011,11,3,0,31
3,0,1,1,27.06,31.06,65,6.0032,2011,8,17,7,308
2,0,1,1,14.76,17.425,71,8.9981,2012,4,10,3,2
4,0,1,2,12.3,14.395,61,15.0013,2012,11,15,8,646
1,0,1,2,5.74,6.82,59,15.0013,2011,2,10,4,1
1,0,0,2,14.76,17.425,93,11.0014,2012,3,3,3,21
2,0,0,1,22.96,26.515,64,11.0014,2012,5,13,0,98
4,0,1,1,11.48,15.91,41,0.0,2012,12,6,12,235
2,1,0,1,27.88,31.82,51,16.9979,2012,4,16,22,214
4,0,1,1,20.5,24.24,63,15.0013,2012,12,4,18,731
2,0,1,1,26.24,31.06,57,15.0013,2012,6,1,2,16
4,1,0,1,18.04,21.97,88,7.0015,2012,11,12,9,397
4,0,1,3,18.86,22.725,94,7.0015,2011,11,16,5,13
3,0,1,1,29.52,32.575,42,12.998,2012,9,13,17,884
4,0,1,2,13.12,15.15,45,19.9995,2011,12,16,15,153
2,0,1,1,12.3,14.395,49,15.0013,2012,4,11,8,595
2,0,1,1,22.96,26.515,88,6.0032,2011,5,16,22,127
1,0,1,1,8.2,10.605,59,8.9981,2011,2,11,21,47
2,0,1,1,33.62,37.88,46,0.0,2011,6,10,11,153
2,0,0,1,22.14,25.76,56,15.0013,2012,4,15,9,251
1,0,1,2,10.66,15.15,100,0.0,2012,2,17,9,283
4,0,1,1,10.66,13.635,60,8.9981,2011,11,18,23,59
1,0,1,1,10.66,13.635,70,7.0015,2012,2,3,23,77
4,0,1,2,16.4,20.455,82,0.0,2011,11,4,1,17
1,1,0,1,4.92,7.575,58,7.0015,2012,1,16,4,8
2,0,1,2,23.78,27.275,83,0.0,2012,5,14,18,300
1,0,1,2,9.84,12.12,70,11.0014,2011,2,4,21,43
3,0,0,1,18.86,22.725,72,11.0014,2011,9,17,0,108
4,0,1,2,14.76,16.665,66,16.9979,2012,11,19,9,278
1,0,1,1,9.84,14.395,44,0.0,2011,2,15,22,41
3,0,1,1,25.42,29.545,73,16.9979,2012,8,16,3,4
1,0,0,1,13.94,15.91,46,15.0013,2012,1,8,18,181
1,0,0,2,9.84,12.12,75,11.0014,2012,2,5,7,16
3,0,1,2,22.14,25.76,94,15.0013,2011,9,7,2,6
2,0,1,3,22.14,25.76,88,19.0012,2011,5,18,10,106
3,0,1,1,30.34,34.85,66,8.9981,2012,7,18,2,8
4,0,1,1,13.94,16.665,57,11.0014,2012,12,14,17,622
4,1,0,1,30.34,32.575,37,0.0,2011,10,10,14,370
3,0,1,1,36.9,42.425,42,12.998,2012,7,18,10,138
2,0,1,1,18.04,21.97,30,11.0014,2012,4,9,3,3
2,0,1,2,22.96,26.515,78,16.9979,2011,5,3,1,14
4,0,1,2,18.04,21.97,51,15.0013,2012,12,5,9,388
2,0,1,1,27.06,31.06,61,6.0032,2011,6,6,22,173
3,0,1,1,37.72,40.91,29,11.0014,2012,7,17,16,381
3,0,0,2,25.42,28.03,88,0.0,2011,9,10,23,139
1,0,1,2,18.04,21.97,54,15.0013,2011,3,16,18,237
2,0,0,1,20.5,24.24,48,0.0,2012,5,12,1,93
1,0,1,2,24.6,31.06,49,43.0006,2012,3,8,13,233
1,0,0,2,19.68,23.485,48,11.0014,2012,1,1,17,111
4,0,1,2,12.3,14.395,56,12.998,2012,11,5,0,23
1,0,1,2,8.2,9.85,40,12.998,2012,1,4,17,281
4,0,1,2,20.5,24.24,59,12.998,2011,12,16,4,5
4,0,1,1,14.76,18.94,81,0.0,2011,11,1,21,127
1,0,0,1,9.02,10.605,37,16.9979,2011,1,16,17,105
4,0,1,1,9.84,12.88,75,6.0032,2012,12,19,6,112
1,0,1,1,9.02,9.85,37,22.0028,2011,1,7,10,63
2,1,0,1,20.5,24.24,55,12.998,2011,4,15,10,122
4,0,0,1,22.14,25.76,83,12.998,2012,10,6,5,10
2,0,1,1,18.86,22.725,72,6.0032,2012,5,18,3,14
3,0,1,1,34.44,38.635,47,6.0032,2012,7,19,16,358
2,0,1,1,23.78,27.275,49,16.9979,2012,6,4,21,265
3,0,0,2,27.88,31.82,83,26.0027,2011,8,13,22,154
3,0,0,1,26.24,28.79,89,6.0032,2011,8,6,5,6
4,0,1,1,10.66,13.635,52,7.0015,2011,11,18,22,97
1,0,1,1,14.76,17.425,46,11.0014,2012,2,15,20,211
4,1,0,3,16.4,20.455,76,16.9979,2012,10,8,22,107
3,0,1,1,33.62,35.605,32,0.0,2012,8,16,14,248
3,0,1,1,31.98,35.605,49,16.9979,2011,9,14,15,176
3,0,1,1,25.42,31.06,38,0.0,2012,9,11,10,196
2,0,0,1,22.96,26.515,60,11.0014,2012,6,17,1,88
1,0,1,2,6.56,6.82,69,22.0028,2011,1,4,10,42
2,0,1,1,22.96,26.515,24,11.0014,2012,4,13,17,738
2,0,1,1,36.9,40.91,37,12.998,2011,6,1,13,154
4,0,1,2,25.42,31.06,46,16.9979,2012,10,1,16,459
4,0,1,2,16.4,20.455,87,6.0032,2012,12,17,14,181
2,0,1,3,20.5,24.24,82,15.0013,2012,5,9,20,51
2,0,1,1,27.06,31.06,31,12.998,2011,6,2,21,248
2,0,1,2,25.42,29.545,73,8.9981,2012,6,18,20,362
3,0,1,1,27.88,31.82,69,8.9981,2011,9,13,10,135
3,0,1,1,31.16,36.365,66,15.0013,2012,8,8,19,686
2,0,1,1,24.6,31.06,38,27.9993,2012,4,17,10,217
4,0,1,1,14.76,16.665,43,19.0012,2012,11,14,15,260
3,0,1,2,24.6,28.03,83,8.9981,2011,9,2,5,20
3,0,0,1,24.6,29.545,73,16.9979,2012,9,15,3,37
1,0,1,1,16.4,20.455,37,23.9994,2012,2,17,14,170
3,0,1,2,27.88,31.82,74,6.0032,2012,8,1,9,350
1,1,0,3,6.56,7.575,80,12.998,2011,1,17,20,33
3,0,1,1,32.8,37.12,52,15.0013,2011,8,2,21,254
1,0,0,2,17.22,21.21,82,19.9995,2011,1,1,16,93
4,0,1,1,18.04,21.97,88,0.0,2011,10,7,1,28
2,0,0,2,27.06,30.305,78,11.0014,2011,6,19,6,33
1,0,1,1,5.74,6.82,46,12.998,2012,2,13,2,4
3,0,1,2,29.52,34.09,62,16.9979,2011,8,15,11,153
2,0,1,2,22.14,25.76,73,12.998,2012,5,7,11,213
4,0,1,1,25.42,31.06,46,16.9979,2011,11,14,17,519
1,0,1,1,13.12,17.425,70,0.0,2011,2,7,21,78
4,0,1,2,12.3,14.395,45,19.0012,2012,11,8,4,10
3,0,1,1,30.34,34.85,70,15.0013,2012,8,6,10,213
1,0,1,2,18.86,22.725,77,22.0028,2012,1,18,0,17
2,0,1,2,27.88,31.82,65,12.998,2012,6,12,2,6
1,0,1,1,18.04,21.97,54,7.0015,2012,2,1,12,179
2,0,1,1,24.6,28.03,83,8.9981,2011,6,6,1,14
1,0,1,1,17.22,21.21,38,12.998,2012,2,7,18,518
4,0,0,2,16.4,20.455,58,12.998,2011,11,13,0,73
3,0,0,1,21.32,25.0,63,0.0,2012,9,16,2,89
4,0,1,2,17.22,21.21,71,22.0028,2011,11,4,10,134
3,0,1,1,28.7,33.335,74,12.998,2012,8,3,1,43
1,0,0,2,7.38,12.12,55,0.0,2011,1,8,2,16
4,0,1,1,13.12,15.91,49,11.0014,2012,11,5,19,372
4,0,1,1,15.58,19.695,40,19.9995,2012,11,13,16,310
4,0,0,3,14.76,18.18,100,6.0032,2012,12,9,23,51
2,0,0,1,22.96,26.515,73,12.998,2012,5,6,21,203
4,0,1,2,18.04,21.97,94,8.9981,2012,12,18,1,15
1,0,1,1,13.94,15.91,53,19.0012,2012,3,2,2,6
1,0,1,1,9.02,13.635,75,0.0,2012,1,6,1,8
1,0,1,1,15.58,19.695,40,15.0013,2012,2,6,13,141
2,0,1,2,26.24,30.305,65,27.9993,2012,6,13,10,198
2,0,1,1,26.24,31.06,36,16.9979,2012,5,17,15,316
2,0,0,2,14.76,18.18,76,6.0032,2012,4,1,8,125
2,0,0,1,28.7,31.82,34,0.0,2012,6,3,15,644
4,0,1,1,26.24,31.06,44,22.0028,2011,11,14,15,195
2,0,1,1,26.24,31.06,31,22.0028,2011,6,3,11,192
1,0,0,1,10.66,12.12,41,16.9979,2012,3,10,2,42
2,0,0,1,31.16,33.335,35,0.0,2012,6,9,11,569
4,0,1,1,22.96,26.515,68,7.0015,2011,10,18,18,570
3,1,0,1,27.06,29.545,89,6.0032,2011,9,5,18,123
1,0,0,2,4.1,3.03,58,39.0007,2012,2,12,2,27
2,0,0,2,16.4,20.455,87,0.0,2011,4,10,10,150
2,0,1,1,18.04,21.97,94,12.998,2011,5,12,2,15
1,0,1,1,9.02,9.85,29,30.0026,2011,2,15,9,110
1,0,1,1,13.12,16.665,81,7.0015,2012,1,12,9,230
2,0,1,1,21.32,25.0,72,7.0015,2012,6,8,7,428
2,0,1,1,28.7,31.82,34,19.0012,2012,6,7,18,813
3,0,0,1,36.9,42.425,42,19.9995,2011,8,7,12,370
4,0,1,1,13.94,16.665,76,12.998,2011,11,1,7,254
4,0,1,2,21.32,25.0,45,22.0028,2012,10,16,12,325
3,0,0,2,28.7,33.335,84,15.0013,2011,8,7,2,66
2,0,1,2,18.86,22.725,55,19.9995,2011,4,4,8,339
2,0,0,1,17.22,21.21,41,16.9979,2011,4,3,11,243
2,0,0,1,17.22,21.21,26,19.9995,2012,4,7,0,94
1,0,1,2,10.66,14.395,87,6.0032,2012,1,11,11,99
2,0,1,1,13.94,18.18,76,0.0,2011,4,14,4,9
4,0,1,1,21.32,25.0,77,19.0012,2012,12,10,19,427
2,0,1,1,13.94,15.15,53,22.0028,2012,4,6,3,8
3,0,1,1,31.16,35.605,58,16.9979,2012,7,19,8,657
1,0,0,2,13.94,16.665,46,12.998,2012,3,4,4,14
1,0,0,1,13.12,15.15,57,19.9995,2011,3,13,20,77
1,1,0,1,14.76,15.91,34,30.0026,2012,1,2,2,7
4,0,1,1,20.5,24.24,63,6.0032,2011,12,5,16,248
3,0,1,1,33.62,38.635,52,16.9979,2012,8,2,17,865
4,0,1,1,13.94,17.425,66,7.0015,2011,12,9,17,362
1,0,0,1,5.74,10.605,86,0.0,2011,2,12,1,24
4,0,0,1,24.6,31.06,46,27.9993,2012,10,6,15,620
1,0,1,1,18.86,22.725,77,35.0008,2012,3,9,3,7
4,0,1,1,13.12,15.91,53,12.998,2012,12,11,21,207
1,0,1,1,21.32,25.0,36,22.0028,2012,3,7,14,175
2,1,0,1,26.24,30.305,65,16.9979,2012,4,16,11,251
3,0,1,1,31.98,38.635,70,12.998,2012,9,5,15,245
1,0,1,2,25.42,31.06,38,27.9993,2012,3,12,17,644
3,0,1,1,27.06,31.06,50,12.998,2012,9,12,11,232
4,0,1,3,22.14,25.76,100,6.0032,2011,10,13,6,52
2,0,1,1,20.5,24.24,39,19.0012,2011,5,5,10,128
3,0,0,1,25.42,31.06,41,11.0014,2012,9,15,19,478
2,0,0,1,27.88,31.82,74,16.9979,2011,6,11,20,275
1,0,0,1,10.66,13.635,70,7.0015,2012,2,4,0,86
3,0,1,2,27.06,31.06,61,11.0014,2011,7,15,10,166
1,0,0,1,6.56,8.335,40,11.0014,2012,1,15,21,72
1,0,1,1,27.06,31.06,36,19.0012,2011,2,18,16,232
3,0,1,3,29.52,34.09,70,12.998,2012,8,6,7,407
2,0,1,2,25.42,28.03,88,15.0013,2012,6,12,8,613
3,0,0,1,30.34,34.85,70,26.0027,2012,9,8,10,422
2,0,0,1,22.96,26.515,88,6.0032,2012,5,5,5,22
4,0,0,1,12.3,14.395,75,16.9979,2012,11,18,8,119
3,0,0,1,28.7,31.82,45,11.0014,2012,8,18,19,488
2,0,0,1,28.7,31.82,42,16.9979,2012,4,15,18,479
3,0,1,1,33.62,38.635,52,11.0014,2011,7,12,10,123
2,0,1,1,22.96,26.515,56,23.9994,2011,6,13,7,328
1,0,0,1,9.02,10.605,29,19.9995,2012,1,15,16,205
1,0,1,1,8.2,11.365,69,7.0015,2011,3,8,5,10
2,0,1,1,13.94,15.15,57,22.0028,2012,4,11,22,134
2,0,0,1,24.6,31.06,49,0.0,2011,5,8,14,366
2,0,1,1,23.78,27.275,49,30.0026,2011,6,13,8,476
3,0,1,1,31.98,34.09,33,15.0013,2012,7,12,14,209
4,0,1,1,10.66,12.88,52,15.0013,2011,11,17,23,58
1,0,1,2,17.22,21.21,67,8.9981,2012,2,2,2,9
3,0,1,1,37.72,40.91,29,12.998,2012,7,6,15,285
4,0,0,1,26.24,31.06,44,6.0032,2011,10,9,12,455
1,0,1,1,13.94,17.425,53,7.0015,2012,1,10,20,200
1,0,1,1,8.2,10.605,59,11.0014,2012,2,10,7,230
1,0,1,3,16.4,20.455,87,0.0,2012,2,2,8,445
2,0,0,2,24.6,30.305,64,7.0015,2012,5,6,14,518
3,0,1,1,31.16,35.605,62,0.0,2011,7,13,0,46
4,0,0,1,18.04,21.97,62,11.0014,2012,10,7,0,127
4,0,1,2,13.12,15.15,53,16.9979,2012,11,7,13,181
1,0,0,2,17.22,21.21,94,7.0015,2012,3,17,8,218
2,0,1,1,20.5,24.24,77,7.0015,2012,6,7,3,5
3,0,1,1,37.72,42.425,35,11.0014,2012,7,5,17,689
4,0,1,3,25.42,28.03,88,7.0015,2012,10,2,17,715
3,0,1,1,36.9,42.425,42,19.9995,2011,7,19,16,277
3,0,0,1,31.98,38.635,70,8.9981,2012,7,8,6,21
4,0,0,1,14.76,17.425,93,8.9981,2012,12,16,19,109
2,0,1,2,22.96,26.515,83,15.0013,2011,5,3,0,16
1,0,1,2,9.84,14.395,65,0.0,2012,1,6,7,205
3,0,1,2,32.8,37.12,52,8.9981,2012,8,8,10,214
1,0,0,1,13.94,16.665,46,0.0,2011,2,6,12,174
4,0,1,2,29.52,33.335,58,22.0028,2012,10,4,13,294
3,0,1,1,30.34,33.335,48,15.0013,2012,7,12,20,514
1,0,0,1,17.22,21.21,58,19.0012,2012,1,1,13,223
4,0,0,1,22.96,26.515,49,27.9993,2011,10,16,22,130
3,0,1,1,35.26,39.395,44,6.0032,2012,7,19,14,197
2,0,1,1,12.3,14.395,49,19.0012,2011,4,5,23,26
3,0,1,2,32.8,35.605,38,0.0,2012,7,13,14,369
4,0,0,1,25.42,31.06,31,32.9975,2011,10,15,15,377
4,0,0,2,12.3,15.15,81,11.0014,2012,11,18,3,46
2,0,0,2,16.4,20.455,82,27.9993,2011,4,16,7,21
4,0,1,1,10.66,15.15,60,0.0,2012,12,13,23,120
4,0,1,1,17.22,21.21,47,8.9981,2012,10,12,20,308
1,0,0,2,13.12,15.15,66,15.0013,2012,2,4,15,305
2,0,0,1,27.06,30.305,78,15.0013,2011,6,11,22,190
3,0,1,1,31.16,35.605,62,19.0012,2012,8,14,18,854
1,0,0,2,13.94,16.665,34,12.998,2011,1,15,16,128
2,0,1,1,26.24,28.79,89,8.9981,2011,6,8,6,116
3,0,0,2,28.7,33.335,84,11.0014,2012,9,2,20,104
1,1,0,1,5.74,10.605,46,0.0,2012,1,16,2,17
4,0,1,1,18.86,22.725,63,8.9981,2011,11,3,18,433
3,0,1,2,22.14,25.76,94,19.9995,2011,9,6,4,4
3,1,0,2,29.52,34.09,70,7.0015,2011,7,4,23,138
1,0,0,3,14.76,16.665,100,19.0012,2011,3,6,16,11
4,0,1,1,10.66,15.15,75,0.0,2011,12,14,2,2
4,0,1,2,17.22,21.21,82,11.0014,2011,11,17,1,5
2,0,0,2,22.14,25.76,56,7.0015,2012,4,15,2,74
1,0,0,1,10.66,11.365,41,19.9995,2012,3,10,3,16
3,0,1,1,20.5,24.24,77,15.0013,2011,9,19,6,113
1,0,1,2,8.2,9.85,40,15.0013,2011,1,7,11,67
1,0,1,1,5.74,6.82,50,12.998,2011,1,13,8,202
4,0,1,1,21.32,25.0,68,12.998,2012,12,4,12,312
3,0,1,1,35.26,37.88,34,11.0014,2012,7,17,20,427
3,0,1,1,28.7,33.335,84,12.998,2012,9,5,1,13
1,0,1,1,20.5,24.24,72,11.0014,2012,3,19,9,331
4,0,1,1,21.32,25.0,59,11.0014,2011,10,17,4,5
2,0,1,2,26.24,31.06,53,7.0015,2012,5,9,15,259
1,0,1,2,6.56,9.09,55,8.9981,2011,1,11,5,6
4,0,0,2,14.76,18.94,71,0.0,2012,12,1,14,479
2,0,0,2,22.14,25.76,52,0.0,2012,4,15,4,12
3,0,1,1,19.68,23.485,82,6.0032,2012,9,17,5,45
3,0,0,1,29.52,33.335,58,15.0013,2011,7,17,9,184
1,0,1,1,7.38,8.335,40,16.9979,2011,2,9,13,69
2,0,1,1,16.4,20.455,76,32.9975,2012,4,2,5,24
2,0,0,1,28.7,32.575,65,12.998,2011,6,11,19,264
2,0,0,2,29.52,34.09,62,0.0,2011,6,18,23,150
3,0,0,2,23.78,27.275,88,6.0032,2012,9,8,20,194
3,0,1,2,25.42,30.305,69,12.998,2012,9,17,12,295
3,0,1,1,29.52,34.09,66,15.0013,2012,9,7,20,391
4,0,1,1,24.6,31.06,53,0.0,2011,10,7,12,235
3,0,1,1,28.7,32.575,58,12.998,2011,9,12,11,165
3,0,1,2,29.52,34.85,79,0.0,2011,7,6,7,312
3,0,1,2,30.34,12.12,55,26.0027,2012,8,17,19,491
4,0,1,2,15.58,19.695,50,15.0013,2012,12,11,15,270
4,0,1,1,14.76,16.665,40,16.9979,2012,12,13,12,282
2,0,1,2,26.24,30.305,69,19.0012,2012,5,8,19,458
3,0,1,1,22.96,26.515,73,0.0,2012,9,14,2,30
3,0,1,1,27.06,29.545,89,16.9979,2012,9,7,23,248
4,0,0,2,13.94,15.91,49,16.9979,2012,11,3,2,46
2,0,1,1,16.4,20.455,76,6.0032,2011,4,18,5,16
2,0,1,2,25.42,31.06,50,23.9994,2012,5,7,14,239
4,0,0,1,18.86,22.725,88,0.0,2011,10,9,8,107
3,0,0,1,31.16,33.335,37,16.9979,2012,8,18,16,641
2,0,0,1,28.7,33.335,79,6.0032,2011,6,11,1,77
4,0,1,1,10.66,13.635,75,8.9981,2012,12,19,7,363
3,1,0,2,27.88,31.82,79,19.0012,2011,9,5,15,253
4,0,1,1,14.76,18.18,76,7.0015,2012,10,12,4,8
2,0,1,2,18.04,21.97,77,15.0013,2011,5,2,2,35
1,0,0,1,11.48,13.635,38,11.0014,2011,2,12,19,41
4,0,0,1,9.84,12.88,93,6.0032,2012,11,10,6,16
4,0,0,1,9.84,11.365,65,12.998,2011,12,10,7,11
1,0,1,1,6.56,6.82,55,19.0012,2012,1,3,3,2
1,0,1,1,5.74,9.09,63,6.0032,2011,1,4,4,2
2,0,1,1,18.86,22.725,88,7.0015,2012,6,7,4,6
4,0,1,3,20.5,24.24,100,12.998,2011,12,6,15,45
1,0,1,1,18.86,22.725,88,6.0032,2012,3,19,3,2
1,0,1,1,14.76,16.665,53,16.9979,2011,3,11,13,107
1,0,1,2,16.4,20.455,76,8.9981,2011,3,16,13,99
3,0,1,1,26.24,12.12,73,11.0014,2012,8,17,4,9
2,0,0,1,27.88,31.82,65,11.0014,2011,6,5,19,357
1,0,1,1,15.58,19.695,54,11.0014,2012,3,12,9,281
1,0,1,1,25.42,30.305,61,15.0013,2012,3,19,19,549
4,0,1,1,27.06,30.305,78,12.998,2011,10,13,15,155
2,0,1,1,13.12,15.91,53,12.998,2011,4,1,20,77
4,0,1,1,16.4,20.455,54,19.0012,2012,12,19,12,236
3,0,1,2,26.24,30.305,65,16.9979,2012,9,17,15,338
4,0,0,2,10.66,13.635,81,8.9981,2012,12,1,3,15
3,0,1,1,27.88,31.82,79,7.0015,2012,8,2,1,42
1,0,1,2,25.42,31.06,41,11.0014,2012,3,14,11,220
1,0,1,3,16.4,20.455,0,16.9979,2011,3,10,11,11
3,0,1,1,31.16,35.605,62,19.9995,2012,8,10,18,640
2,0,1,1,31.16,34.09,48,11.0014,2012,5,4,16,440
2,0,1,1,25.42,29.545,78,7.0015,2012,5,16,23,133
1,0,0,2,19.68,23.485,59,19.0012,2011,3,5,14,198
3,0,1,1,34.44,37.88,44,19.9995,2011,7,7,18,562
3,0,0,2,25.42,28.03,88,7.0015,2012,8,11,6,23
1,0,1,2,5.74,7.575,43,11.0014,2011,2,9,11,41
1,0,1,2,17.22,21.21,58,19.0012,2011,3,16,21,78
3,0,1,1,31.98,34.85,46,19.9995,2011,8,2,9,213
1,0,1,1,6.56,6.82,50,19.9995,2011,2,3,5,2
3,0,1,1,28.7,32.575,51,12.998,2011,7,15,14,265
4,0,1,1,15.58,19.695,40,19.0012,2011,12,2,20,190
3,0,1,1,20.5,24.24,59,11.0014,2012,9,19,21,349
2,0,1,2,18.04,21.97,47,19.0012,2012,4,10,0,26
3,0,0,1,27.88,31.82,83,11.0014,2011,8,6,7,63
2,0,1,1,22.14,25.76,49,0.0,2012,4,19,12,264
3,0,0,1,27.06,30.305,78,11.0014,2011,9,4,9,189
1,0,1,1,19.68,23.485,77,6.0032,2012,3,15,9,315
2,0,0,3,20.5,24.24,63,7.0015,2012,4,1,22,68
4,0,0,2,14.76,18.18,93,7.0015,2012,12,8,5,6
1,0,0,1,19.68,23.485,31,22.0028,2011,3,19,17,278
3,0,1,2,27.88,31.82,89,19.9995,2011,8,4,7,282
1,0,1,2,9.84,12.12,81,8.9981,2011,3,9,5,8
4,0,0,1,21.32,25.0,27,22.0028,2011,11,13,17,231
3,0,1,1,25.42,28.79,83,6.0032,2012,9,7,3,9
1,0,0,1,8.2,9.85,44,16.9979,2012,1,14,20,103
4,0,1,1,26.24,30.305,65,19.9995,2012,10,19,15,395
4,0,0,1,13.12,15.15,53,16.9979,2011,11,5,10,227
3,0,0,1,28.7,33.335,74,8.9981,2011,7,17,23,93
2,0,1,2,24.6,31.06,46,16.9979,2012,4,4,13,251
1,0,0,2,23.78,27.275,46,23.9994,2011,3,19,1,51
2,0,1,1,20.5,24.24,82,15.0013,2012,5,2,22,173
1,0,0,1,12.3,14.395,61,16.9979,2012,2,18,2,45
1,0,1,1,0.82,0.76,34,19.0012,2012,1,4,2,1
4,0,1,2,14.76,18.18,57,7.0015,2011,12,14,13,133
2,0,0,2,18.86,22.725,82,0.0,2011,5,1,20,121
4,0,0,1,9.02,10.605,44,15.0013,2011,12,10,21,83
3,1,0,1,27.88,31.82,69,16.9979,2012,7,4,4,16
4,0,0,1,12.3,16.665,81,0.0,2011,12,4,9,126
1,0,1,2,12.3,14.395,53,12.998,2012,3,5,15,130
3,0,1,1,27.06,29.545,89,8.9981,2012,8,2,5,41
2,0,1,1,22.14,25.76,77,15.0013,2012,6,18,2,9
2,0,1,1,22.96,26.515,88,6.0032,2011,6,6,5,31
4,0,0,1,12.3,15.15,87,8.9981,2012,11,11,5,12
3,0,0,1,25.42,29.545,73,11.0014,2011,9,3,4,7
2,0,1,1,12.3,14.395,61,15.0013,2012,4,12,5,21
1,0,1,1,22.14,25.76,52,19.0012,2011,3,18,11,159
4,0,1,2,12.3,13.635,52,22.0028,2012,11,5,5,39
4,0,1,1,20.5,24.24,55,16.9979,2011,10,17,6,114
2,0,0,1,22.14,25.76,88,15.0013,2011,5,15,23,69
2,0,0,2,14.76,17.425,76,11.0014,2012,4,1,2,81
4,0,0,1,16.4,20.455,87,0.0,2012,12,8,19,246
3,0,0,1,27.88,31.82,36,19.0012,2012,9,9,16,701
4,0,1,1,21.32,25.0,34,11.0014,2012,10,11,15,460
2,0,1,1,18.86,22.725,33,11.0014,2012,4,5,14,287
3,0,1,1,28.7,31.82,34,8.9981,2012,9,12,13,323
3,0,1,1,29.52,34.09,70,11.0014,2012,7,18,5,46
2,1,0,2,22.96,26.515,83,11.0014,2012,4,16,8,597
1,0,1,1,14.76,16.665,40,19.0012,2011,3,4,14,95
1,0,1,1,15.58,19.695,43,15.0013,2012,2,6,18,437
4,0,1,3,18.86,22.725,100,0.0,2011,11,16,12,54
1,0,1,2,8.2,9.85,69,15.0013,2011,1,7,2,1
4,0,0,1,26.24,31.06,41,30.0026,2012,10,14,13,619
3,0,1,1,31.16,34.09,40,6.0032,2012,8,13,11,245
2,0,0,1,13.94,15.91,34,16.9979,2012,4,7,8,123
1,0,1,1,15.58,19.695,32,23.9994,2012,3,9,20,159
4,0,1,2,12.3,15.91,52,7.0015,2011,12,12,13,166
4,0,0,1,24.6,31.06,46,26.0027,2011,10,16,16,466
1,0,1,2,9.02,12.88,93,6.0032,2011,1,18,22,33
3,0,1,1,36.9,38.635,25,8.9981,2012,7,3,13,283
3,1,0,1,30.34,34.85,70,19.9995,2012,9,3,14,512
3,0,0,1,22.14,25.76,49,27.9993,2012,9,15,6,33
3,1,0,1,33.62,37.88,46,8.9981,2012,7,4,11,485
4,0,0,1,18.86,22.725,59,19.0012,2011,10,15,8,125
4,0,1,1,10.66,15.15,70,0.0,2011,12,12,22,71
1,0,0,1,14.76,16.665,81,19.0012,2011,1,1,11,56
4,1,0,1,13.12,13.635,42,36.9974,2011,11,11,10,200
1,0,0,1,16.4,20.455,43,23.9994,2011,3,13,18,147
3,0,1,1,27.88,31.82,79,16.9979,2011,7,8,5,27
1,0,1,1,13.12,15.91,49,12.998,2012,3,6,21,148
1,0,1,1,16.4,20.455,40,15.0013,2012,2,15,18,468
3,0,1,1,34.44,37.12,39,11.0014,2011,7,13,11,165
2,0,0,2,22.14,25.76,52,11.0014,2012,4,14,22,212
2,0,1,1,18.86,22.725,47,11.0014,2012,4,10,10,181
3,0,1,1,22.14,25.76,68,7.0015,2012,9,11,23,109
3,0,1,2,27.06,29.545,89,6.0032,2012,8,14,8,618
2,0,1,1,13.94,14.395,46,35.0008,2011,4,5,21,89
4,0,0,2,16.4,20.455,87,19.0012,2012,12,8,14,542
3,0,1,3,27.06,29.545,89,30.0026,2011,7,8,17,167
4,0,1,2,18.86,22.725,67,0.0,2012,10,17,10,228
4,0,1,1,28.7,32.575,65,0.0,2012,10,3,18,810
2,0,1,1,24.6,31.06,43,6.0032,2012,4,19,17,748
3,0,1,3,22.14,25.76,88,23.9994,2011,9,6,5,21
3,1,0,2,31.16,34.85,55,6.0032,2011,7,4,10,280
1,0,1,3,9.02,12.12,93,7.0015,2011,2,2,0,2
3,0,1,3,27.06,12.12,83,12.998,2012,8,17,22,213
3,0,1,1,35.26,37.88,34,15.0013,2012,7,2,14,230
2,0,0,1,13.94,15.91,53,19.0012,2011,4,2,20,85
3,1,0,1,30.34,34.85,70,11.0014,2011,9,5,14,357
4,0,1,1,9.84,11.365,60,15.0013,2012,12,13,7,385
2,0,0,2,18.86,22.725,28,8.9981,2011,4,3,17,274
3,0,0,2,25.42,30.305,61,11.0014,2012,8,19,3,55
1,0,0,2,17.22,21.21,82,19.9995,2011,3,6,3,11
2,0,0,1,28.7,31.82,34,16.9979,2012,6,3,18,496
3,0,1,1,28.7,32.575,65,19.0012,2011,8,17,23,105
4,0,1,2,16.4,20.455,71,15.0013,2011,10,3,11,126
2,1,0,1,20.5,24.24,55,12.998,2011,4,15,9,178
3,0,1,1,27.06,31.06,74,12.998,2011,8,2,3,5
4,0,0,1,17.22,21.21,71,12.998,2012,11,11,22,134
1,0,1,1,7.38,6.82,43,30.0026,2011,2,3,11,64
3,0,1,2,31.16,35.605,62,15.0013,2011,8,4,12,205
3,0,0,1,29.52,34.09,62,15.0013,2011,9,10,12,404
3,0,0,1,22.14,25.76,64,11.0014,2012,9,16,8,128
4,0,0,1,7.38,8.335,55,16.9979,2011,12,11,2,52
2,0,1,1,23.78,27.275,68,0.0,2012,6,7,9,337
1,0,1,2,17.22,21.21,71,12.998,2012,1,12,20,240
4,0,1,1,17.22,21.21,82,7.0015,2012,12,3,23,102
2,0,1,2,24.6,28.79,78,7.0015,2012,6,19,6,161
1,0,0,1,13.94,15.15,29,27.9993,2011,2,12,15,174
4,0,1,3,18.86,22.725,100,19.9995,2011,12,6,19,233
4,1,0,2,15.58,19.695,66,11.0014,2012,10,8,9,332
3,0,0,2,28.7,33.335,84,16.9979,2011,8,7,1,73
2,0,1,2,25.42,29.545,73,11.0014,2012,6,18,22,164
4,0,1,1,17.22,21.21,88,12.998,2012,12,18,3,5
4,0,0,1,17.22,21.21,77,19.0012,2012,10,14,1,112
4,0,1,2,13.94,15.15,49,30.0026,2011,11,17,15,116
4,0,1,1,22.96,26.515,54,26.0027,2011,10,17,1,17
1,0,0,2,18.86,22.725,67,19.0012,2011,3,5,13,190
4,0,0,1,14.76,17.425,43,12.998,2012,11,4,17,327
4,0,1,2,21.32,25.0,72,26.0027,2012,10,15,20,256
2,0,1,2,27.06,30.305,78,19.0012,2012,6,1,10,204
1,0,1,1,13.12,16.665,81,6.0032,2012,2,16,23,73
1,0,1,2,12.3,16.665,52,0.0,2012,2,9,23,84
4,0,1,2,6.56,9.09,80,7.0015,2011,12,12,8,385
1,0,1,1,16.4,20.455,35,7.0015,2011,3,14,16,107
4,0,1,1,17.22,21.21,67,11.0014,2012,10,16,4,7
2,0,0,2,28.7,31.82,21,12.998,2012,5,12,16,591
2,0,1,1,16.4,20.455,76,32.9975,2012,4,2,4,4
3,0,0,1,33.62,39.395,56,7.0015,2012,7,8,1,124
2,0,1,1,24.6,31.06,43,15.0013,2012,4,17,8,673
4,0,1,1,18.86,22.725,88,6.0032,2011,10,18,7,341
1,0,1,1,13.12,16.665,36,8.9981,2011,3,1,14,79
2,0,0,1,18.86,22.725,88,6.0032,2011,5,8,23,50
1,0,0,2,6.56,6.82,47,19.9995,2012,1,15,1,42
1,0,1,3,16.4,20.455,66,19.0012,2012,3,9,5,29
1,0,0,1,14.76,17.425,43,12.998,2012,2,18,12,369
2,0,1,3,26.24,30.305,73,8.9981,2012,5,15,20,263
3,0,0,3,27.06,29.545,89,6.0032,2012,9,2,23,123
3,0,1,1,27.06,30.305,78,8.9981,2011,8,5,7,270
1,0,0,1,10.66,14.395,44,6.0032,2012,3,11,0,69
1,0,1,1,23.78,27.275,56,7.0015,2012,3,13,21,244
2,0,0,2,27.88,31.82,65,26.0027,2012,5,5,16,540
4,0,1,2,15.58,19.695,54,16.9979,2012,11,1,20,296
2,0,1,1,22.96,26.515,35,35.0008,2012,5,10,18,770
4,0,0,2,13.94,15.15,49,19.9995,2012,11,3,9,219
3,0,1,1,22.14,25.76,77,6.0032,2012,9,17,8,683
1,0,1,2,14.76,17.425,81,8.9981,2011,3,16,11,75
2,0,1,1,22.14,25.76,45,16.9979,2011,6,3,7,277
3,0,0,1,28.7,32.575,58,12.998,2011,7,3,2,69
3,0,0,3,27.06,31.06,61,7.0015,2012,7,14,4,9
4,0,1,2,15.58,19.695,87,11.0014,2011,11,4,3,8
1,0,1,3,12.3,14.395,93,16.9979,2011,3,16,0,8
2,0,1,1,18.04,21.97,24,12.998,2012,4,9,4,5
4,0,1,1,12.3,16.665,81,0.0,2011,12,9,20,150
4,1,0,1,22.96,26.515,88,6.0032,2011,10,10,22,126
1,0,1,2,14.76,18.94,18,0.0,2011,3,8,15,112
1,0,1,2,11.48,13.635,93,12.998,2012,2,17,4,1
1,0,1,1,5.74,6.06,50,16.9979,2011,1,13,4,4
1,0,1,1,13.12,15.15,61,16.9979,2011,3,4,19,107
3,0,1,3,19.68,23.485,67,40.9973,2011,9,15,18,244
2,0,0,1,23.78,27.275,40,15.0013,2011,5,7,17,354
3,0,1,1,28.7,33.335,79,8.9981,2012,9,7,9,344
1,0,1,1,16.4,20.455,66,15.0013,2011,3,17,22,87
1,0,1,1,4.92,5.305,33,22.0028,2011,2,8,23,12
3,0,0,1,23.78,27.275,68,15.0013,2012,9,9,8,170
2,0,1,2,22.96,26.515,49,6.0032,2011,4,18,12,184
2,0,0,2,17.22,21.21,44,12.998,2011,4,3,19,144
2,0,1,1,24.6,29.545,69,8.9981,2011,5,18,17,565
3,0,1,1,33.62,37.88,46,22.0028,2011,8,18,14,182
1,0,0,3,10.66,12.88,81,12.998,2012,2,11,2,26
4,0,1,1,18.04,21.97,41,31.0009,2012,12,18,16,363
1,0,1,2,10.66,12.88,70,15.0013,2012,2,8,10,108
3,0,1,1,30.34,34.09,58,19.0012,2011,8,2,8,435
3,0,1,2,31.98,37.12,59,11.0014,2011,8,2,22,191
1,0,1,1,9.02,11.365,55,11.0014,2012,2,10,9,275
2,0,1,1,11.48,14.395,56,7.0015,2012,4,11,6,106
1,0,1,1,8.2,12.88,86,0.0,2011,2,7,3,1
1,0,1,1,28.7,31.82,24,0.0,2012,3,14,15,283
2,0,0,2,22.96,26.515,46,8.9981,2012,4,14,20,321
4,0,1,2,26.24,28.79,89,12.998,2012,10,4,9,359
1,0,1,1,16.4,20.455,35,16.9979,2012,2,17,18,377
4,0,1,1,21.32,25.0,36,19.9995,2012,10,12,10,275
1,0,1,1,20.5,24.24,55,12.998,2012,2,1,22,140
1,0,1,1,11.48,12.12,30,31.0009,2012,1,13,16,233
1,0,1,1,9.02,9.85,44,22.0028,2011,1,12,16,68
1,0,1,1,5.74,9.09,36,0.0,2011,2,9,10,59
3,0,0,1,26.24,30.305,73,11.0014,2011,7,17,7,50
3,0,0,2,27.06,29.545,89,19.0012,2011,8,14,8,41
1,0,1,1,8.2,11.365,55,6.0032,2012,3,5,4,1
4,0,1,3,12.3,13.635,52,23.9994,2012,11,8,1,12
2,0,1,1,19.68,23.485,31,16.9979,2012,4,12,15,211
4,0,1,2,15.58,19.695,71,7.0015,2012,12,7,18,498
1,0,1,1,9.02,11.365,69,11.0014,2012,1,6,2,5
4,0,1,2,26.24,28.79,83,11.0014,2011,10,13,13,162
2,0,0,3,21.32,25.0,100,12.998,2011,5,14,23,44
3,0,1,3,31.16,34.85,55,32.9975,2012,7,3,20,376
3,0,1,3,27.88,31.82,89,7.0015,2011,8,3,22,77
3,0,1,1,25.42,27.275,94,0.0,2011,9,9,22,160
3,0,0,1,33.62,38.635,52,7.0015,2012,7,8,2,70
4,0,0,1,13.94,16.665,53,11.0014,2012,11,3,0,108
2,0,1,1,28.7,31.82,24,12.998,2011,6,2,20,337
4,0,1,1,17.22,21.21,38,23.9994,2011,11,4,17,480
1,0,0,2,18.86,22.725,72,19.9995,2011,1,1,13,94
4,0,0,1,11.48,14.395,61,8.9981,2012,11,4,6,16
2,0,0,2,13.94,16.665,87,8.9981,2011,4,9,10,133
2,0,1,1,30.34,33.335,42,8.9981,2011,6,6,11,111
4,0,0,1,17.22,21.21,71,7.0015,2011,11,6,18,185
1,1,0,2,7.38,8.335,43,16.9979,2011,1,17,2,8
3,0,1,1,21.32,25.0,68,19.0012,2012,9,10,3,12
1,0,1,1,12.3,13.635,56,23.9994,2012,3,7,3,3
1,0,0,2,9.84,12.12,65,11.0014,2011,2,5,1,18
3,1,0,1,29.52,34.09,76,7.0015,2012,9,3,20,261
2,0,1,1,20.5,24.24,31,7.0015,2012,4,5,15,269
3,0,1,2,31.16,35.605,62,12.998,2011,8,19,13,232
2,0,0,1,34.44,35.605,24,0.0,2012,6,9,17,495
3,0,1,1,28.7,33.335,79,11.0014,2011,7,12,4,6
1,0,0,3,8.2,11.365,100,6.0032,2011,2,5,5,9
3,1,0,2,27.88,31.82,79,19.0012,2011,9,5,16,284
4,0,1,2,14.76,17.425,100,8.9981,2011,11,10,6,114
2,0,0,1,16.4,20.455,50,6.0032,2011,4,3,23,31
1,0,1,4,8.2,11.365,86,6.0032,2012,1,9,18,164
1,0,0,1,14.76,18.94,23,0.0,2012,3,10,17,354
4,0,1,1,13.94,18.18,87,0.0,2011,11,9,1,10
2,0,0,1,14.76,15.91,66,30.0026,2011,4,17,6,8
4,0,0,2,16.4,20.455,94,0.0,2012,12,8,23,162
1,0,1,2,6.56,9.85,74,6.0032,2011,3,4,6,29
1,0,1,1,21.32,25.0,68,7.0015,2012,3,15,10,164
3,0,0,2,27.88,31.82,79,19.0012,2011,8,13,19,237
3,0,1,1,34.44,39.395,49,19.0012,2012,7,19,12,274
2,0,1,2,20.5,24.24,88,12.998,2011,5,13,5,25
4,0,0,2,14.76,18.18,100,6.0032,2012,12,8,7,39
1,0,1,1,7.38,9.85,47,8.9981,2011,1,7,21,39
2,0,1,1,13.94,16.665,71,8.9981,2012,4,10,5,24
3,0,0,1,27.06,29.545,94,6.0032,2012,9,2,7,42
1,0,0,1,10.66,12.88,56,11.0014,2011,1,16,4,1
1,0,1,1,10.66,11.365,48,22.0028,2012,2,9,12,158
1,0,1,2,12.3,15.91,70,6.0032,2012,2,16,2,7
3,0,1,1,27.06,31.06,74,7.0015,2012,8,15,3,11
3,0,0,1,33.62,37.12,41,22.0028,2011,7,10,14,349
3,0,0,1,35.26,39.395,41,15.0013,2012,7,15,16,495
4,0,0,1,18.86,22.725,55,12.998,2011,11,6,14,320
1,0,1,1,5.74,8.335,28,7.0015,2011,2,10,19,112
2,0,1,1,16.4,20.455,50,19.9995,2012,4,12,10,141
3,0,0,1,29.52,34.09,70,11.0014,2011,9,3,15,388
2,0,1,1,27.88,31.82,83,12.998,2012,6,12,20,386
1,0,1,1,4.1,9.09,54,0.0,2011,1,14,6,17
4,0,0,1,21.32,25.0,32,16.9979,2011,11,12,16,361
2,0,1,1,23.78,27.275,88,7.0015,2011,6,6,2,8
2,0,0,1,18.86,22.725,59,8.9981,2011,5,7,5,7
4,0,1,1,13.12,15.15,53,19.0012,2012,11,9,1,20
3,0,1,1,33.62,35.605,26,0.0,2011,8,12,17,516
3,0,1,1,29.52,34.09,66,6.0032,2012,8,14,22,189
3,0,1,2,27.06,31.06,69,15.0013,2011,9,2,12,260
1,0,1,1,20.5,24.24,45,7.0015,2011,3,17,14,119
2,0,0,1,18.04,21.97,88,12.998,2011,4,10,21,95
2,0,1,1,24.6,31.06,33,23.9994,2012,4,17,12,244
4,0,1,2,14.76,18.94,71,0.0,2011,10,3,6,94
2,0,1,1,21.32,25.0,63,0.0,2012,6,8,4,10
4,0,1,2,13.94,15.15,61,22.0028,2011,11,17,10,81
2,0,1,3,18.04,21.97,94,7.0015,2012,5,3,7,384
1,0,1,2,11.48,13.635,45,11.0014,2011,2,4,14,91
1,0,1,1,13.94,17.425,34,6.0032,2011,3,1,17,242
3,0,1,1,35.26,39.395,41,12.998,2012,7,19,18,777
1,0,0,2,16.4,20.455,87,12.998,2011,1,1,21,34
1,0,1,1,9.84,13.635,62,7.0015,2011,3,1,22,47
1,0,0,1,5.74,6.06,46,19.9995,2011,1,9,22,15
1,0,1,3,9.02,10.605,93,19.0012,2011,2,2,4,1
2,0,1,2,29.52,34.85,79,6.0032,2011,6,9,4,6
3,0,1,2,27.88,31.82,61,0.0,2012,7,13,3,9
3,0,1,1,26.24,31.06,57,8.9981,2011,8,11,3,9
3,0,1,1,25.42,29.545,78,6.0032,2011,9,14,0,33
4,0,0,1,9.02,11.365,64,11.0014,2011,12,18,9,81
3,0,1,1,31.98,34.85,40,12.998,2012,8,13,12,276
1,0,0,1,10.66,11.365,60,23.9994,2011,2,6,4,2
3,0,1,1,30.34,35.605,74,0.0,2011,7,19,22,156
2,0,1,1,18.04,21.97,33,22.0028,2012,4,6,13,411
2,0,1,2,25.42,30.305,61,15.0013,2011,5,12,14,191
2,0,0,1,17.22,21.21,77,6.0032,2011,5,7,3,18
1,0,1,2,8.2,9.09,34,19.0012,2011,2,9,15,64
1,0,1,1,13.94,16.665,36,0.0,2012,2,9,16,238
3,0,0,1,29.52,34.85,79,6.0032,2012,7,15,21,223
4,0,1,2,9.02,11.365,64,12.998,2012,11,6,5,41
4,0,1,1,19.68,23.485,33,19.0012,2012,12,5,15,285
3,0,1,1,32.8,37.12,49,7.0015,2012,8,1,12,284
3,0,1,1,29.52,32.575,42,7.0015,2012,9,13,15,352
1,0,1,1,12.3,14.395,28,12.998,2011,1,5,14,62
3,0,1,1,29.52,32.575,45,11.0014,2011,7,15,15,237
2,0,0,1,16.4,20.455,66,8.9981,2011,4,17,3,25
1,0,1,1,9.02,13.635,64,0.0,2011,1,4,21,48
2,0,1,1,22.14,25.76,24,12.998,2012,4,10,14,224
3,0,1,1,27.06,31.06,74,7.0015,2011,8,2,4,10
1,0,1,1,22.14,25.76,19,22.0028,2011,3,2,16,139
2,0,1,3,24.6,31.06,53,12.998,2012,6,6,18,782
1,0,0,1,23.78,27.275,64,19.0012,2012,3,17,19,417
2,0,0,1,18.86,22.725,72,6.0032,2011,5,8,3,31
1,0,1,2,18.04,21.97,44,19.0012,2012,3,2,14,205
1,0,0,1,9.02,13.635,80,0.0,2011,1,1,1,40
2,0,1,1,23.78,27.275,78,12.998,2012,6,15,1,51
1,0,1,1,9.84,12.88,70,6.0032,2012,2,8,5,20
3,1,0,1,30.34,34.85,70,15.0013,2012,9,3,16,500
4,0,0,2,14.76,15.91,46,30.0026,2012,11,3,15,448
3,0,0,1,25.42,30.305,69,7.0015,2011,7,2,6,32
3,0,1,2,30.34,36.365,72,6.0032,2012,8,8,8,737
4,0,1,2,14.76,15.91,53,30.0026,2012,12,11,12,226
3,0,1,1,32.8,37.88,55,15.0013,2011,7,18,19,398
4,0,1,2,11.48,14.395,65,8.9981,2012,11,15,4,5
3,0,1,3,26.24,28.79,89,0.0,2011,9,7,17,285
1,0,1,1,4.1,6.06,54,8.9981,2011,1,10,4,3
1,0,1,1,10.66,13.635,33,7.0015,2011,2,15,20,101
3,0,1,1,30.34,34.09,55,6.0032,2011,8,15,14,151
4,0,1,1,22.96,26.515,73,0.0,2012,10,5,0,102
2,0,1,1,18.86,22.725,88,15.0013,2011,5,12,1,17
3,0,1,1,27.88,31.82,79,16.9979,2012,8,14,1,27
4,0,1,2,14.76,17.425,57,11.0014,2011,12,19,22,107
1,0,0,1,8.2,8.335,34,31.0009,2012,2,12,16,164
3,0,1,2,30.34,34.09,55,16.9979,2012,7,9,14,242
4,0,0,2,14.76,17.425,93,8.9981,2012,12,8,2,70
3,0,0,2,28.7,32.575,54,7.0015,2012,7,14,2,101
4,0,1,1,26.24,31.06,47,22.0028,2011,10,5,16,282
3,0,1,2,25.42,27.275,94,11.0014,2011,9,8,20,89
3,0,1,1,29.52,34.09,70,7.0015,2012,7,19,3,5
1,0,1,1,12.3,15.91,65,6.0032,2011,2,7,11,47
4,0,0,1,14.76,17.425,62,8.9981,2012,12,15,21,184
4,0,1,1,11.48,14.395,75,7.0015,2012,12,19,9,317
1,0,1,1,6.56,11.365,64,0.0,2011,1,6,1,4
1,0,1,1,19.68,23.485,72,12.998,2012,3,14,3,4
4,0,0,1,27.06,31.06,39,27.9993,2012,10,14,14,617
4,0,1,2,16.4,20.455,94,16.9979,2012,12,17,17,495
4,0,0,2,16.4,20.455,82,19.9995,2012,12,9,12,315
4,0,1,1,17.22,21.21,16,26.0027,2012,11,8,16,339
3,0,0,1,32.8,38.635,59,23.9994,2012,8,5,9,229
2,0,1,3,21.32,25.0,63,6.0032,2011,4,19,9,162
2,0,1,1,13.94,16.665,71,12.998,2011,5,5,1,10
3,0,1,2,27.88,31.82,89,19.9995,2011,8,4,6,97
1,0,0,2,9.84,12.12,75,11.0014,2011,2,5,2,17
2,0,0,2,20.5,24.24,77,12.998,2012,6,2,6,36
3,0,1,1,35.26,42.425,56,26.0027,2011,7,11,16,239
4,0,1,2,22.96,26.515,68,0.0,2011,10,18,10,102
1,0,1,1,15.58,19.695,46,7.0015,2012,1,10,19,281
3,0,0,1,31.98,34.85,40,0.0,2012,8,12,13,543
1,0,1,3,9.84,12.88,87,7.0015,2012,2,8,17,155
1,0,1,1,9.84,11.365,60,16.9979,2011,3,4,10,66
1,0,1,1,22.96,26.515,37,15.0013,2012,3,1,12,220
3,0,1,1,24.6,28.03,83,7.0015,2011,9,2,7,259
1,0,1,1,7.38,9.85,64,8.9981,2011,3,8,7,128
3,0,1,2,28.7,33.335,84,11.0014,2012,8,8,7,482
3,0,0,1,31.16,36.365,66,22.0028,2012,8,5,8,108
3,0,1,1,33.62,35.605,28,19.9995,2011,8,10,18,559
3,0,0,1,27.06,30.305,83,12.998,2011,9,4,2,60
1,0,0,1,6.56,9.09,37,7.0015,2012,1,15,20,95
4,0,1,2,22.96,26.515,73,16.9979,2012,10,15,3,4
1,0,0,1,9.84,12.12,60,8.9981,2012,3,11,4,22
4,0,1,1,12.3,16.665,75,0.0,2011,12,9,21,140
2,0,1,2,17.22,21.21,82,12.998,2011,4,12,21,84
3,0,1,1,25.42,29.545,73,8.9981,2011,9,1,8,498
4,0,0,2,16.4,20.455,87,7.0015,2012,12,9,2,78
1,0,1,1,28.7,31.82,34,19.9995,2012,3,13,18,734
4,0,1,1,13.94,15.91,61,15.0013,2012,12,19,21,168
1,0,1,1,10.66,11.365,41,26.0027,2011,2,16,10,69
3,0,1,1,33.62,36.365,34,12.998,2012,8,16,17,897
3,0,0,1,24.6,28.79,78,11.0014,2011,7,16,6,37
2,0,1,1,22.96,26.515,52,12.998,2011,5,9,10,119
3,0,1,3,25.42,28.79,83,19.9995,2011,8,19,20,58
1,0,1,1,5.74,6.06,39,19.9995,2011,3,3,8,220
2,0,1,2,26.24,30.305,69,19.0012,2012,5,8,17,717
1,0,1,2,10.66,13.635,56,7.0015,2012,1,9,13,80
2,0,0,2,14.76,17.425,81,15.0013,2011,4,16,0,43
4,0,1,1,18.04,21.97,62,19.0012,2011,10,6,4,5
1,0,1,1,10.66,11.365,37,31.0009,2012,3,5,20,179
4,0,1,3,17.22,21.21,67,11.0014,2011,10,3,13,118
1,0,0,2,18.86,22.725,63,19.9995,2011,3,5,15,205
3,0,0,1,34.44,37.12,36,8.9981,2011,7,9,14,373
3,0,1,2,26.24,28.03,94,7.0015,2011,9,8,10,65
1,0,1,1,12.3,15.15,70,6.0032,2012,1,10,22,114
3,0,0,1,31.16,34.85,55,19.0012,2011,7,17,19,379
3,0,1,1,33.62,37.12,41,0.0,2011,8,1,9,166
2,0,1,2,24.6,29.545,73,7.0015,2011,5,2,21,232
4,0,1,1,13.94,17.425,93,6.0032,2012,12,3,5,38
1,0,1,3,16.4,20.455,0,15.0013,2011,3,10,9,24
3,0,1,1,31.98,37.12,62,0.0,2011,7,7,10,101
3,0,0,2,35.26,39.395,44,19.0012,2012,9,1,15,563
3,0,1,1,28.7,33.335,74,0.0,2011,8,9,4,7
1,0,0,3,13.94,16.665,81,11.0014,2011,1,2,15,74
1,0,1,1,18.04,21.97,26,35.0008,2012,3,9,18,470
4,0,1,1,13.94,17.425,71,6.0032,2012,11,9,19,361
3,0,0,1,29.52,34.85,74,16.9979,2012,8,5,4,14
3,0,1,1,32.8,37.88,55,12.998,2011,8,9,18,585
2,0,1,1,22.96,26.515,52,7.0015,2012,6,5,22,193
3,0,0,2,30.34,34.85,70,0.0,2012,9,2,11,489
3,0,1,2,28.7,32.575,70,19.0012,2012,7,3,21,196
4,0,0,1,12.3,15.15,56,8.9981,2012,11,4,8,149
2,0,1,2,29.52,35.605,84,11.0014,2011,6,9,2,6
4,0,0,1,10.66,15.15,81,0.0,2011,12,4,5,4
4,0,1,2,13.12,15.91,45,12.998,2011,12,16,20,152
3,0,1,2,30.34,34.09,58,12.998,2012,8,15,11,235
4,0,0,2,21.32,25.0,29,27.9993,2011,11,13,13,339
3,0,0,2,31.16,35.605,62,6.0032,2012,7,14,13,591
1,0,1,1,8.2,11.365,64,6.0032,2011,2,11,22,43
4,0,0,2,14.76,17.425,66,12.998,2011,11,13,1,71
2,0,1,2,22.96,26.515,88,7.0015,2012,5,9,6,126
2,0,0,1,25.42,29.545,78,8.9981,2011,6,5,23,86
1,0,1,1,14.76,17.425,50,15.0013,2012,3,1,23,85
4,0,1,1,18.04,21.97,67,12.998,2011,11,3,11,120
3,0,1,1,36.9,38.635,25,12.998,2012,7,3,14,310
3,0,0,1,33.62,39.395,56,16.9979,2011,7,3,14,375
3,0,0,2,35.26,39.395,44,11.0014,2012,9,1,14,514
2,0,0,2,29.52,32.575,37,15.0013,2012,6,16,18,571
3,0,0,3,27.88,31.82,83,8.9981,2012,9,2,22,166
1,0,1,1,11.48,13.635,38,15.0013,2011,3,7,21,54
2,0,1,1,22.96,26.515,28,27.9993,2012,5,11,12,348
1,0,1,2,21.32,25.0,42,6.0032,2011,3,17,13,111
4,0,1,1,10.66,13.635,60,8.9981,2012,11,5,23,53
2,0,1,1,18.86,22.725,41,30.0026,2012,4,12,12,259
1,0,1,1,5.74,6.06,59,19.0012,2011,1,13,0,7
4,0,1,2,18.04,21.97,88,8.9981,2011,12,5,22,106
2,0,1,1,23.78,27.275,83,8.9981,2011,6,7,4,5
1,0,0,1,9.84,14.395,65,0.0,2011,2,6,23,30
2,0,1,1,15.58,19.695,46,27.9993,2011,4,5,16,130
4,0,0,2,11.48,13.635,56,15.0013,2011,12,17,2,58
1,0,0,1,18.04,21.97,51,19.9995,2012,1,1,23,29
1,0,0,2,17.22,21.21,100,15.0013,2011,3,6,11,62
4,0,1,1,13.94,18.18,87,0.0,2011,11,2,9,228
4,0,1,1,24.6,31.06,56,6.0032,2012,10,4,23,155
2,0,1,1,22.14,25.76,83,12.998,2011,5,12,22,172
1,0,0,1,10.66,13.635,60,8.9981,2011,3,12,0,34
4,0,1,2,13.12,15.15,45,19.0012,2011,12,16,17,365
1,0,1,1,8.2,9.09,40,19.0012,2011,1,13,17,162
3,0,1,2,27.88,31.82,89,11.0014,2012,8,8,5,43
2,0,1,1,27.06,30.305,78,0.0,2011,6,8,1,23
3,0,0,2,21.32,25.0,72,12.998,2011,9,17,15,354
3,0,1,3,22.14,25.76,88,19.9995,2011,9,6,20,163
4,0,0,1,11.48,14.395,61,7.0015,2012,11,4,3,11
3,0,0,1,23.78,27.275,73,7.0015,2011,7,2,5,14
4,0,0,2,13.94,15.91,49,16.9979,2012,11,3,3,28
4,0,1,1,13.12,15.91,45,12.998,2011,12,8,16,208
3,0,1,1,31.16,36.365,66,15.0013,2011,7,5,22,155
3,0,0,3,25.42,28.03,88,11.0014,2012,8,18,2,43
1,0,0,1,9.84,12.88,65,7.0015,2011,2,6,8,23
4,0,1,2,20.5,24.24,72,11.0014,2012,10,9,19,514
4,0,0,1,17.22,21.21,47,19.0012,2011,11,12,21,122
2,0,1,1,31.98,37.12,59,12.998,2011,6,10,19,306
3,0,1,2,22.14,25.76,88,26.0027,2011,9,6,17,291
4,1,0,2,29.52,32.575,42,7.0015,2011,10,10,15,384
2,0,1,2,27.06,31.06,61,16.9979,2011,6,16,10,121
1,0,0,1,11.48,13.635,36,16.9979,2011,1,16,14,91
2,0,1,1,18.86,22.725,24,19.0012,2012,4,6,20,252
2,0,0,3,17.22,21.21,100,0.0,2011,4,16,22,24
2,0,1,1,21.32,25.0,94,8.9981,2011,5,16,1,14
3,0,1,2,28.7,33.335,74,12.998,2011,8,4,21,211
2,0,1,1,23.78,27.275,88,11.0014,2011,6,7,5,32
2,0,1,1,22.96,26.515,88,15.0013,2012,5,4,3,14
4,0,1,2,24.6,29.545,73,11.0014,2011,10,11,16,320
1,0,0,1,20.5,24.24,34,31.0009,2011,3,19,13,301
3,0,1,2,28.7,32.575,70,7.0015,2011,9,14,19,381
1,0,1,1,11.48,14.395,45,8.9981,2012,2,13,21,147
2,0,1,2,22.14,25.76,68,8.9981,2011,4,12,5,16
4,0,0,1,20.5,24.24,48,6.0032,2012,11,11,12,585
2,0,1,2,22.96,26.515,88,0.0,2011,5,17,0,31
2,0,1,1,31.98,34.85,46,19.0012,2011,6,7,18,551
1,0,1,1,9.02,11.365,41,11.0014,2011,1,14,17,159
4,0,1,1,7.38,12.12,74,0.0,2011,12,12,3,2
4,0,1,1,12.3,15.91,93,6.0032,2011,12,5,6,90
3,0,1,2,20.5,24.24,77,12.998,2011,9,19,5,28
3,0,1,1,31.16,34.09,40,6.0032,2012,8,16,20,514
3,0,1,1,29.52,32.575,42,12.998,2011,7,14,18,578
3,1,0,1,27.06,31.06,69,0.0,2012,7,4,5,19
3,0,0,1,30.34,35.605,74,0.0,2012,9,2,18,500
4,0,1,2,14.76,18.18,57,7.0015,2011,12,14,17,396
3,0,1,2,22.14,25.76,42,0.0,2011,9,16,13,223
4,0,0,1,9.02,10.605,69,16.9979,2011,12,17,20,106
4,0,1,1,16.4,20.455,82,7.0015,2011,10,4,6,112
1,0,0,2,12.3,15.91,81,7.0015,2011,3,5,1,25
2,0,1,2,18.86,22.725,88,16.9979,2012,5,3,4,2
3,0,1,1,31.16,36.365,70,16.9979,2012,9,5,16,430
1,0,1,2,6.56,9.09,74,8.9981,2011,3,4,5,7
4,0,1,2,13.12,15.15,49,22.0028,2012,11,7,20,256
4,0,0,1,10.66,12.88,65,11.0014,2011,12,3,2,50
4,0,1,2,14.76,18.18,93,7.0015,2012,12,7,21,171
3,0,1,1,29.52,35.605,84,11.0014,2012,9,5,20,412
2,0,1,1,22.96,26.515,35,16.9979,2012,5,11,11,291
2,0,1,1,13.94,17.425,76,7.0015,2011,4,14,6,70
1,0,1,2,27.88,31.82,39,23.9994,2011,3,18,15,173
2,0,0,1,14.76,15.91,50,32.9975,2011,4,3,9,142
2,0,0,1,22.96,26.515,43,0.0,2011,5,7,11,347
4,0,1,1,15.58,19.695,82,7.0015,2011,11,7,21,139
1,0,1,1,13.94,18.18,34,0.0,2011,3,1,15,64
2,0,1,2,19.68,23.485,82,15.0013,2012,5,3,0,90
4,0,1,2,18.86,22.725,94,6.0032,2011,11,16,6,56
2,0,0,1,32.8,34.85,29,11.0014,2012,6,9,19,360
3,0,1,1,31.98,34.85,43,8.9981,2012,7,2,19,581
4,0,0,1,13.12,16.665,81,7.0015,2012,11,11,4,11
3,0,0,2,25.42,30.305,69,6.0032,2012,8,19,2,119
2,0,1,1,33.62,39.395,56,19.9995,2011,6,10,16,285
2,0,1,1,24.6,31.06,46,8.9981,2012,5,18,10,255
2,0,1,1,24.6,31.06,38,26.0027,2011,5,6,15,260
3,0,0,1,29.52,33.335,51,11.0014,2011,7,2,22,201
1,0,0,2,16.4,20.455,30,19.9995,2011,2,13,15,162
2,0,1,2,17.22,21.21,77,0.0,2012,4,18,23,70
3,1,0,1,33.62,39.395,56,15.0013,2012,7,4,22,502
2,0,0,2,18.86,22.725,82,6.0032,2011,5,1,18,159
3,0,0,1,24.6,28.03,83,8.9981,2011,9,11,5,39
1,0,0,2,16.4,20.455,30,23.9994,2012,3,4,0,72
1,0,1,1,8.2,11.365,29,6.0032,2011,3,3,11,50
2,0,1,1,28.7,31.82,34,16.9979,2011,6,2,7,304
1,0,1,1,19.68,23.485,55,22.0028,2011,2,17,19,175
2,0,1,2,23.78,27.275,81,8.9981,2012,5,2,11,184
2,0,0,2,18.86,22.725,31,0.0,2011,4,3,18,172
3,0,1,1,30.34,34.85,66,16.9979,2011,8,18,10,129
3,0,0,2,33.62,38.635,52,6.0032,2012,9,1,13,504
1,0,0,1,10.66,12.88,93,11.0014,2012,1,1,7,7
2,0,1,1,25.42,31.06,38,0.0,2012,6,6,12,315
1,0,1,3,14.76,17.425,93,8.9981,2012,1,12,6,89
2,0,1,1,31.16,33.335,29,19.0012,2012,6,8,15,397
2,0,1,1,17.22,21.21,67,16.9979,2011,5,4,18,396
3,0,1,1,28.7,32.575,65,8.9981,2012,7,3,3,2
2,0,1,1,17.22,21.21,50,16.9979,2012,5,11,7,351
1,0,1,1,13.94,15.91,53,15.0013,2011,2,17,1,6
4,0,0,1,13.94,15.91,66,15.0013,2011,11,13,7,43
4,0,1,1,23.78,27.275,64,0.0,2012,10,5,8,785
4,0,1,1,20.5,24.24,77,6.0032,2012,10,19,22,190
3,0,1,1,30.34,34.85,70,16.9979,2012,9,4,20,385
2,0,0,1,21.32,25.0,48,0.0,2012,5,12,8,178
2,0,0,1,22.96,26.515,56,0.0,2012,6,16,1,95
4,0,1,3,22.14,25.76,70,32.9975,2011,10,19,8,210
2,0,1,1,31.16,34.85,52,12.998,2011,6,17,14,215
4,1,0,3,17.22,21.21,58,12.998,2012,10,8,16,377
3,0,1,1,27.06,31.06,65,6.0032,2012,8,13,1,14
3,0,1,1,32.8,37.88,55,19.0012,2012,8,1,16,479
2,0,1,1,25.42,31.06,43,8.9981,2012,6,6,17,724
4,0,1,1,20.5,24.24,45,12.998,2011,10,14,21,178
1,0,1,1,8.2,9.85,51,16.9979,2011,1,7,8,210
1,0,1,1,14.76,16.665,34,19.0012,2012,3,6,17,446
2,0,1,1,26.24,31.06,41,0.0,2011,5,11,15,179
4,0,1,2,22.96,26.515,68,19.9995,2012,10,18,19,513
1,0,0,1,13.94,18.18,66,0.0,2011,3,13,6,2
2,0,1,1,19.68,23.485,82,12.998,2011,5,12,8,421
3,0,1,3,25.42,27.275,94,7.0015,2011,9,7,15,58
4,0,0,1,22.14,25.76,52,31.0009,2011,10,16,20,178
3,0,1,1,29.52,32.575,42,15.0013,2011,8,12,20,287
3,0,1,1,34.44,37.12,36,12.998,2012,7,2,15,234
4,0,1,2,22.14,25.76,88,12.998,2012,10,2,3,5
2,0,1,1,17.22,21.21,35,12.998,2012,4,12,22,158
4,0,1,3,25.42,28.79,83,16.9979,2011,10,13,18,268
3,0,1,1,21.32,25.0,77,0.0,2012,9,17,7,492
2,0,1,1,22.96,26.515,60,7.0015,2011,4,19,17,411
3,0,1,1,25.42,29.545,73,19.0012,2011,8,16,5,30
1,0,1,1,8.2,7.575,47,35.0008,2011,1,12,18,137
3,0,1,1,29.52,33.335,48,15.0013,2012,7,12,21,373
2,0,1,1,25.42,31.06,53,6.0032,2011,5,11,14,177
3,0,1,1,35.26,12.12,34,27.9993,2012,8,17,14,328
4,0,1,1,21.32,25.0,55,22.0028,2012,12,5,1,11
3,0,1,1,28.7,33.335,79,12.998,2011,9,9,18,410
4,0,1,2,22.14,25.76,100,12.998,2011,10,13,3,6
1,0,0,1,10.66,12.88,100,12.998,2011,2,5,21,56
3,0,1,1,27.06,31.06,74,7.0015,2011,8,4,23,132
3,0,1,1,30.34,34.09,62,0.0,2012,8,14,11,196
3,0,0,1,35.26,40.15,47,8.9981,2012,7,15,15,489
3,0,1,1,23.78,27.275,56,8.9981,2012,9,11,20,461
4,0,0,2,13.94,18.18,87,0.0,2012,12,16,4,11
2,0,1,2,25.42,29.545,73,15.0013,2012,5,14,13,176
1,0,1,1,16.4,20.455,28,35.0008,2011,3,2,19,150
4,0,1,2,20.5,24.24,77,11.0014,2012,10,18,9,387
1,0,1,1,22.96,26.515,56,8.9981,2012,3,13,23,87
2,0,0,1,24.6,31.06,56,11.0014,2012,5,19,23,239
3,1,0,1,27.88,31.82,65,0.0,2012,7,4,7,72
2,0,0,1,20.5,24.24,63,7.0015,2012,4,15,7,46
4,1,0,1,18.86,22.725,88,0.0,2011,10,10,7,114
3,0,1,1,30.34,34.09,58,12.998,2011,7,13,5,26
1,0,1,1,10.66,12.88,38,11.0014,2011,1,6,16,86
2,0,1,1,27.88,31.82,83,7.0015,2012,6,12,21,274
2,0,0,2,28.7,32.575,65,6.0032,2011,6,19,1,76
2,0,0,1,28.7,31.82,42,16.9979,2012,4,15,19,379
3,0,1,2,27.88,31.82,89,0.0,2011,8,4,5,20
3,0,1,1,23.78,27.275,73,7.0015,2012,9,13,23,170
2,0,0,1,26.24,31.06,47,0.0,2012,5,19,22,338
4,0,0,1,11.48,13.635,45,12.998,2011,12,18,18,138
1,0,1,1,8.2,9.09,32,26.0027,2011,2,8,18,152
4,0,0,1,15.58,19.695,50,6.0032,2012,12,15,12,453
2,0,1,1,18.86,22.725,41,19.9995,2011,4,6,23,40
4,0,1,3,21.32,25.0,94,16.9979,2011,10,19,11,149
3,0,1,1,29.52,33.335,51,12.998,2011,7,15,16,361
3,1,0,1,30.34,34.85,70,15.0013,2012,9,3,15,449
2,0,1,1,37.72,42.425,35,15.0013,2011,6,8,17,506
4,0,1,2,18.86,22.725,88,8.9981,2011,12,5,23,62
3,0,0,1,28.7,33.335,84,8.9981,2011,8,7,4,6
1,0,0,1,18.86,22.725,88,12.998,2012,3,18,0,107
2,0,1,2,14.76,17.425,76,12.998,2011,4,8,9,185
3,0,0,1,25.42,28.03,88,12.998,2012,8,18,3,30
2,0,0,2,12.3,14.395,93,12.998,2011,4,9,6,13
4,0,1,1,18.86,22.725,82,16.9979,2012,10,18,8,834
4,0,0,1,20.5,24.24,77,0.0,2011,10,8,9,217
2,0,0,1,29.52,32.575,30,7.0015,2012,5,19,15,672
3,0,1,2,28.7,32.575,58,11.0014,2012,8,9,21,336
4,0,0,1,25.42,31.06,35,26.0027,2011,10,16,15,412
1,1,0,2,7.38,8.335,55,16.9979,2011,1,17,18,92
4,0,1,1,14.76,17.425,34,11.0014,2012,12,13,14,242
2,0,0,1,20.5,24.24,68,11.0014,2012,4,15,5,10
1,0,1,1,16.4,20.455,76,7.0015,2012,2,2,14,141
3,0,1,2,31.16,35.605,58,19.0012,2012,7,19,9,318
4,0,0,1,13.94,17.425,66,6.0032,2011,11,13,8,79
4,0,1,2,14.76,17.425,66,15.0013,2012,11,19,3,2
3,1,0,1,37.72,42.425,35,19.9995,2012,7,4,15,454
2,0,1,1,28.7,31.82,42,16.9979,2012,6,15,13,393
4,0,1,2,15.58,19.695,94,7.0015,2012,12,10,4,12
3,0,0,2,20.5,24.24,68,19.0012,2011,9,17,10,249
4,0,0,2,14.76,16.665,66,16.9979,2012,11,18,22,74
1,0,1,1,25.42,31.06,35,30.0026,2012,3,12,16,332
4,0,1,2,21.32,25.0,59,19.0012,2011,12,15,17,324
4,0,1,2,12.3,14.395,56,15.0013,2012,12,12,19,402
2,0,0,2,22.14,25.76,56,12.998,2012,4,15,0,124
2,0,1,1,33.62,40.15,59,8.9981,2011,6,8,19,384
1,0,0,1,16.4,20.455,37,19.0012,2012,1,8,15,330
2,0,1,1,24.6,31.06,33,19.9995,2011,4,18,20,165
4,0,0,1,18.04,21.97,44,11.0014,2012,10,13,19,332
4,0,1,1,16.4,20.455,54,15.0013,2012,12,19,11,200
1,0,0,1,12.3,14.395,39,19.0012,2011,1,15,14,118
3,0,1,1,32.8,35.605,38,12.998,2012,7,11,16,411
2,0,1,1,13.94,15.15,46,22.0028,2011,4,1,18,241
4,0,0,1,17.22,21.21,54,19.0012,2012,11,18,15,407
2,0,1,3,27.06,29.545,94,15.0013,2012,6,12,23,89
3,0,1,2,28.7,32.575,61,7.0015,2011,9,2,14,283
1,0,0,1,6.56,11.365,59,0.0,2011,1,15,5,1
4,0,1,1,29.52,32.575,42,11.0014,2012,10,5,12,468
3,0,1,1,26.24,31.06,57,19.9995,2011,7,14,2,10
2,0,0,1,16.4,20.455,30,12.998,2012,4,8,8,84
4,0,0,2,15.58,19.695,66,16.9979,2011,10,2,11,292
2,0,0,2,29.52,32.575,30,8.9981,2011,6,4,16,440
1,0,1,1,20.5,24.24,59,0.0,2012,3,15,2,19
2,0,1,1,17.22,21.21,67,12.998,2012,4,10,9,319
4,0,1,1,18.86,22.725,82,0.0,2011,10,6,22,148
3,0,1,1,31.16,34.85,55,15.0013,2011,8,17,19,347
3,0,1,2,30.34,34.09,55,7.0015,2012,7,9,20,447
4,0,1,1,16.4,20.455,87,7.0015,2011,10,7,4,5
4,0,1,3,11.48,13.635,61,15.0013,2012,11,8,0,15
4,0,1,1,18.86,22.725,82,7.0015,2012,10,10,7,507
1,0,1,1,11.48,15.91,41,0.0,2012,2,13,23,36
2,0,1,1,13.94,17.425,76,6.0032,2011,4,14,5,14
3,1,0,1,29.52,34.85,74,12.998,2012,9,3,19,374
1,0,1,1,10.66,12.12,30,16.9979,2011,1,3,15,72
1,0,1,2,16.4,20.455,71,7.0015,2011,3,16,12,88
1,0,0,2,6.56,6.82,47,26.0027,2012,1,15,4,6
4,0,1,1,11.48,13.635,65,15.0013,2011,12,8,2,4
2,0,0,1,27.06,31.06,65,7.0015,2011,6,5,13,367
2,0,0,2,21.32,25.0,100,8.9981,2011,5,15,6,17
2,0,0,2,13.94,17.425,87,7.0015,2011,4,9,9,98
2,0,1,1,29.52,33.335,51,15.0013,2012,5,16,18,846
1,0,1,2,8.2,10.605,37,11.0014,2011,1,7,16,87
1,0,1,1,7.38,8.335,43,16.9979,2011,2,3,3,1
1,0,0,3,9.02,11.365,93,8.9981,2012,2,11,8,78
2,0,0,1,20.5,24.24,48,7.0015,2012,5,19,3,33
2,0,0,1,13.94,16.665,76,11.0014,2012,4,14,6,21
2,0,1,2,20.5,24.24,68,8.9981,2011,4,19,8,351
3,0,1,1,29.52,34.09,66,11.0014,2012,8,14,23,167
2,0,1,3,25.42,27.275,94,16.9979,2012,6,1,20,39
4,0,1,1,22.14,25.76,39,19.0012,2012,10,16,16,446
2,0,1,1,18.86,22.725,55,7.0015,2012,5,11,0,64
1,0,1,1,12.3,16.665,61,0.0,2012,2,15,2,4
4,0,1,2,22.14,25.76,68,11.0014,2011,11,15,7,319
3,0,1,1,28.7,31.82,45,12.998,2011,7,1,21,218
1,0,1,1,18.04,21.97,94,0.0,2012,3,19,5,31
4,0,1,1,19.68,23.485,77,8.9981,2011,10,4,23,66
2,0,1,1,13.12,15.15,66,19.0012,2011,4,1,10,75
4,1,0,1,21.32,25.0,72,11.0014,2012,11,12,11,367
3,0,1,1,32.8,36.365,46,12.998,2012,7,10,11,249
3,0,1,1,21.32,25.0,72,7.0015,2012,9,12,1,21
4,0,0,1,24.6,31.06,33,11.0014,2012,11,11,14,654
4,0,1,1,9.84,12.12,65,11.0014,2012,12,6,22,133
4,0,1,2,24.6,31.06,53,16.9979,2012,10,18,12,377
3,0,0,1,28.7,32.575,65,0.0,2011,9,11,10,334
3,0,0,1,31.16,36.365,70,8.9981,2012,7,8,21,207
4,0,1,2,16.4,20.455,82,0.0,2011,10,3,21,138
4,0,1,1,18.86,22.725,36,0.0,2012,10,11,11,251
4,0,0,1,20.5,24.24,36,19.9995,2011,11,12,14,435
3,0,1,2,29.52,34.85,74,16.9979,2011,7,8,8,457
2,0,0,2,18.86,22.725,33,0.0,2011,4,3,15,292
1,0,1,1,15.58,19.695,40,8.9981,2012,2,3,18,385
3,0,0,1,31.16,34.09,45,15.0013,2011,7,16,17,475
4,0,1,1,22.96,26.515,64,19.9995,2012,10,15,16,447
3,0,1,2,24.6,28.03,83,11.0014,2011,9,2,3,8
4,0,1,1,13.12,15.91,53,11.0014,2012,11,14,18,567
4,0,1,1,21.32,25.0,48,32.9975,2012,10,10,20,392
3,0,1,1,24.6,28.79,78,11.0014,2011,7,15,2,38
3,0,1,1,36.9,42.425,42,23.9994,2011,7,12,15,148
3,0,1,1,31.98,37.12,62,31.0009,2012,8,2,15,270
1,0,0,2,5.74,5.305,39,26.0027,2012,2,11,22,46
3,0,1,1,28.7,33.335,84,6.0032,2012,8,9,2,14
4,0,0,1,27.06,31.06,50,8.9981,2011,10,9,16,470
1,0,1,3,5.74,7.575,80,8.9981,2011,2,10,2,3
4,0,1,2,23.78,27.275,56,15.0013,2012,12,4,14,270
2,0,1,2,20.5,24.24,88,12.998,2011,5,13,8,387
1,0,0,2,13.12,15.15,36,19.0012,2011,1,15,17,83
2,0,1,1,26.24,31.06,57,11.0014,2012,6,15,10,216
2,0,1,3,17.22,21.21,82,16.9979,2011,4,13,12,95
2,0,0,1,27.88,31.82,44,23.9994,2012,4,15,22,134
1,1,0,1,10.66,11.365,44,23.9994,2012,1,16,16,180
2,0,1,1,26.24,30.305,25,19.9995,2012,4,17,17,781
3,1,0,1,31.16,34.85,52,0.0,2012,7,4,9,293
1,0,1,1,5.74,6.06,59,19.0012,2012,1,3,6,85
4,0,1,1,13.12,15.15,49,19.0012,2012,11,5,10,142
1,0,1,1,4.92,7.575,74,7.0015,2011,1,4,6,36
4,0,0,2,9.84,14.395,81,0.0,2012,12,15,3,23
3,0,1,1,27.06,30.305,83,6.0032,2012,8,2,2,11
4,0,0,1,13.94,16.665,49,12.998,2012,11,4,10,360
2,0,1,2,20.5,24.24,77,19.0012,2011,5,12,9,212
2,0,1,1,27.06,31.06,39,19.0012,2011,6,13,19,423
1,0,0,2,22.96,26.515,43,15.0013,2011,3,19,2,25
1,0,1,1,18.04,21.97,44,19.0012,2012,2,1,2,7
2,0,0,2,21.32,25.0,83,11.0014,2012,5,6,9,191
1,0,0,1,21.32,25.0,34,27.9993,2011,3,19,5,2
3,0,1,1,32.8,34.85,33,15.0013,2012,7,12,13,277
4,0,1,2,14.76,18.94,81,0.0,2012,10,17,5,41
2,0,1,1,24.6,30.305,64,12.998,2011,6,16,5,25
2,0,1,1,20.5,24.24,68,16.9979,2011,6,15,3,1
3,0,1,1,36.9,38.635,25,19.0012,2011,8,2,16,274
3,1,0,1,26.24,28.79,89,11.0014,2011,7,4,6,16
4,0,1,2,19.68,23.485,67,22.0028,2011,11,14,9,233
4,0,0,1,19.68,23.485,72,0.0,2011,10,8,0,89
4,0,1,1,18.86,22.725,82,12.998,2012,12,4,10,156
2,0,0,2,22.14,25.76,94,12.998,2011,5,14,16,295
2,0,0,2,30.34,33.335,51,0.0,2011,6,19,13,363
2,0,0,2,18.86,22.725,31,12.998,2011,4,3,16,303
4,0,1,2,18.86,22.725,88,0.0,2012,10,10,1,8
4,0,1,2,20.5,24.24,63,15.0013,2012,12,4,20,306
2,0,1,1,20.5,24.24,31,0.0,2012,4,13,12,322
1,0,1,1,14.76,17.425,71,12.998,2011,3,18,3,5
1,0,1,1,15.58,19.695,40,15.0013,2011,2,16,23,33
2,0,0,2,21.32,25.0,72,11.0014,2011,4,10,16,288
4,0,1,2,12.3,15.91,65,6.0032,2012,11,16,1,21
4,0,1,2,13.94,17.425,81,6.0032,2011,11,3,8,402
4,0,1,3,19.68,23.485,55,26.0027,2012,12,5,6,124
4,0,1,1,24.6,31.06,53,19.9995,2011,11,14,19,302
3,0,1,1,32.8,37.12,49,0.0,2011,8,19,16,327
1,0,1,1,18.04,21.97,35,12.998,2012,2,7,17,509
2,0,1,1,22.96,26.515,24,8.9981,2012,4,3,20,379
3,0,0,1,30.34,34.85,70,19.9995,2012,8,5,2,73
4,0,1,1,18.86,22.725,67,12.998,2011,10,6,2,10
1,0,0,1,17.22,21.21,44,31.0009,2011,3,19,9,76
3,0,0,2,28.7,33.335,84,15.0013,2012,9,2,19,292
3,0,0,1,28.7,33.335,74,15.0013,2011,8,13,18,292
3,0,0,1,29.52,34.85,74,16.9979,2011,9,4,21,207
4,0,0,1,22.14,25.76,68,8.9981,2011,10,8,19,248
2,0,1,1,22.96,26.515,94,19.9995,2011,5,18,12,54
3,0,1,1,27.88,31.82,65,7.0015,2012,8,15,23,138
4,0,0,1,22.14,25.76,45,16.9979,2011,10,16,10,347
1,0,0,1,5.74,3.79,39,43.0006,2012,2,12,12,140
1,0,1,1,9.84,10.605,35,22.0028,2011,3,3,18,167
1,0,1,2,23.78,27.275,32,19.9995,2011,2,17,17,274
4,0,1,1,17.22,21.21,41,6.0032,2011,12,2,15,199
1,0,1,2,22.96,26.515,49,15.0013,2012,3,12,19,446
3,0,1,2,31.16,34.85,55,16.9979,2012,7,9,13,255
1,0,1,2,9.02,11.365,60,8.9981,2012,1,9,6,88
4,0,1,1,19.68,23.485,48,11.0014,2011,11,2,13,161
2,0,1,1,28.7,31.82,37,27.9993,2011,6,13,16,326
3,0,1,1,21.32,25.0,59,15.0013,2012,9,19,8,797
4,0,0,1,6.56,7.575,59,15.0013,2011,12,11,1,62
4,0,0,1,9.84,11.365,70,12.998,2012,11,17,7,78
4,0,0,1,18.04,21.97,35,0.0,2012,10,13,12,573
3,0,0,1,24.6,29.545,73,6.0032,2011,7,16,4,16
3,0,0,1,27.06,30.305,83,8.9981,2011,9,4,1,75
2,0,1,1,25.42,31.06,43,19.0012,2012,6,4,9,282
2,0,1,2,17.22,21.21,77,0.0,2012,4,19,3,4
1,0,0,2,18.04,21.97,88,6.0032,2012,3,17,9,321
3,0,0,1,32.8,40.15,66,8.9981,2011,8,7,10,266
3,0,0,1,29.52,35.605,84,8.9981,2011,8,7,20,183
2,0,1,2,16.4,20.455,82,7.0015,2012,4,19,6,120
3,0,1,1,30.34,34.85,66,7.0015,2012,7,16,8,667
1,0,0,2,9.84,12.12,87,8.9981,2012,2,4,7,28
1,0,1,1,18.86,22.725,67,16.9979,2011,2,18,3,8
3,0,0,3,26.24,28.03,94,12.998,2011,8,14,4,3
2,0,1,1,24.6,31.06,40,12.998,2012,5,17,20,446
1,0,1,1,6.56,6.82,43,26.0027,2011,1,3,9,88
3,0,0,2,29.52,34.85,74,16.9979,2011,8,13,17,269
1,0,0,2,14.76,16.665,40,26.0027,2012,2,18,23,74
2,0,1,1,22.96,26.515,43,6.0032,2011,4,7,14,157
4,0,1,2,18.86,22.725,94,7.0015,2011,11,16,3,5
2,0,1,1,22.96,26.515,83,11.0014,2012,6,15,7,430
3,0,1,1,31.16,35.605,58,6.0032,2011,8,8,21,186
1,0,1,1,12.3,15.15,65,8.9981,2012,2,6,22,87
4,0,1,1,9.02,11.365,44,12.998,2011,11,18,8,375
3,0,1,2,27.06,29.545,89,6.0032,2012,9,4,3,10
1,1,0,1,10.66,11.365,48,22.0028,2012,1,16,17,193
4,0,1,2,10.66,12.88,65,11.0014,2012,12,12,8,688
4,0,1,2,18.04,21.97,88,6.0032,2011,12,5,21,176
1,0,1,1,19.68,23.485,67,6.0032,2012,3,14,4,5
1,0,1,1,4.1,5.305,36,15.0013,2012,1,3,21,68
1,0,1,1,9.84,10.605,27,19.0012,2011,2,15,10,52
2,0,1,2,22.14,25.76,77,12.998,2011,5,12,23,103
4,0,1,1,17.22,21.21,35,19.0012,2012,11,16,16,383
2,0,1,1,24.6,28.79,78,22.0028,2012,5,4,0,89
3,0,0,1,32.8,37.88,55,7.0015,2012,7,14,14,632
4,0,1,2,15.58,19.695,94,0.0,2012,12,17,2,5
4,0,1,1,20.5,24.24,48,16.9979,2011,11,1,14,150
3,0,0,1,26.24,31.06,53,0.0,2011,7,2,3,26
2,0,1,2,21.32,25.0,88,26.0027,2011,5,13,13,226
3,0,1,1,30.34,34.09,58,11.0014,2012,8,13,19,555
1,0,1,2,7.38,9.09,64,12.998,2011,3,4,2,2
2,0,0,1,22.96,26.515,60,6.0032,2012,6,16,3,27
2,0,0,1,30.34,34.09,58,12.998,2011,6,11,8,143
3,0,1,1,29.52,34.85,79,0.0,2012,9,5,22,219
2,0,1,2,18.86,22.725,72,12.998,2011,4,19,5,18
4,0,0,1,16.4,20.455,62,8.9981,2011,10,16,7,48
1,0,1,3,18.86,22.725,82,7.0015,2012,3,16,15,107
4,0,0,2,10.66,13.635,81,7.0015,2011,12,10,0,77
3,0,1,1,31.16,35.605,62,6.0032,2012,7,16,22,284
3,1,0,2,27.88,31.82,74,19.9995,2011,9,5,3,16
4,0,0,1,21.32,25.0,77,7.0015,2011,10,8,20,202
1,0,0,1,6.56,9.85,69,6.0032,2011,2,12,0,30
3,0,1,1,27.88,31.82,51,0.0,2011,8,12,22,231
4,0,0,1,9.84,12.12,56,11.0014,2011,11,19,2,46
1,0,1,2,14.76,16.665,50,16.9979,2011,3,4,17,228
4,0,1,2,13.12,15.91,61,11.0014,2012,11,15,23,125
3,0,1,1,27.88,31.82,47,6.0032,2011,7,1,23,140
4,1,0,1,11.48,13.635,45,16.9979,2011,11,11,7,121
4,0,0,2,16.4,20.455,62,22.0028,2012,11,18,16,372
1,0,0,2,13.12,15.91,45,12.998,2012,2,19,14,237
1,0,0,2,9.84,12.12,87,8.9981,2012,2,5,4,9
3,0,1,3,31.16,34.85,55,16.9979,2011,8,18,18,274
4,0,1,2,13.94,16.665,66,11.0014,2011,12,14,21,154
2,0,1,1,22.14,25.76,49,12.998,2011,5,9,20,239
1,0,1,1,13.12,17.425,53,0.0,2011,3,14,23,19
4,0,1,1,10.66,12.12,56,16.9979,2011,12,1,5,24
4,0,1,2,15.58,19.695,66,0.0,2012,12,7,17,568
1,0,1,2,22.96,26.515,73,11.0014,2012,3,19,22,148
3,0,1,1,24.6,27.275,88,8.9981,2011,8,19,22,122
1,0,1,1,22.96,26.515,37,27.9993,2012,3,7,16,288
3,0,1,1,26.24,28.79,83,7.0015,2012,8,1,2,13
4,0,1,1,12.3,15.91,65,6.0032,2012,12,19,1,15
2,0,0,1,30.34,32.575,35,16.9979,2012,6,16,15,583
3,0,1,2,31.16,35.605,62,8.9981,2012,7,18,18,643
2,0,1,3,26.24,28.79,89,16.9979,2012,6,12,14,60
2,0,1,2,18.04,21.97,72,19.0012,2011,4,13,15,81
1,0,0,3,9.02,11.365,100,11.0014,2011,2,5,12,52
3,0,1,1,32.8,37.12,52,0.0,2012,8,7,15,306
2,0,1,3,27.06,30.305,83,23.9994,2012,6,12,11,65
4,0,1,1,24.6,31.06,46,0.0,2011,10,7,13,305
1,0,1,1,7.38,10.605,51,7.0015,2012,3,6,6,102
3,0,1,1,26.24,30.305,69,11.0014,2011,8,16,1,16
3,0,1,1,26.24,28.79,89,0.0,2012,7,11,2,5
4,0,1,1,18.04,21.97,77,0.0,2012,10,1,5,36
2,0,0,2,25.42,31.06,33,16.9979,2012,4,14,17,560
3,0,1,1,32.8,34.09,24,16.9979,2011,7,1,18,422
4,0,0,1,14.76,18.94,62,0.0,2011,12,3,17,232
1,0,1,2,25.42,31.06,41,43.0006,2012,3,8,16,342
4,0,1,2,12.3,15.91,100,6.0032,2011,11,7,8,410
3,0,0,2,23.78,27.275,56,8.9981,2011,9,18,14,311
2,0,1,3,15.58,19.695,94,22.0028,2011,5,4,4,3
4,0,1,2,13.94,15.91,87,19.0012,2012,11,13,5,18
3,0,1,2,32.8,39.395,63,23.9994,2011,7,8,14,216
3,0,1,1,24.6,29.545,73,11.0014,2011,7,15,4,10
3,0,1,1,25.42,28.79,83,12.998,2012,9,14,22,229
2,0,1,1,21.32,25.0,45,11.0014,2011,4,14,11,115
3,0,1,1,26.24,31.06,44,11.0014,2011,8,12,7,264
3,0,0,1,30.34,34.85,66,11.0014,2011,8,14,18,347
4,0,0,1,14.76,17.425,66,15.0013,2012,11,18,23,59
2,0,0,2,20.5,24.24,68,7.0015,2011,5,1,14,238
3,0,1,2,25.42,27.275,94,8.9981,2011,9,9,5,14
3,0,1,1,27.88,31.82,61,0.0,2011,8,10,6,119
2,0,1,2,20.5,24.24,39,19.0012,2012,4,18,5,34
4,0,1,1,17.22,21.21,82,7.0015,2012,12,4,1,25
4,0,1,3,18.86,22.725,100,11.0014,2011,12,6,23,53
1,0,1,1,13.12,15.15,45,19.9995,2012,2,7,6,100
3,0,1,1,30.34,34.85,66,12.998,2012,8,8,20,500
4,0,1,2,11.48,12.88,52,22.0028,2012,11,7,5,27
1,0,1,1,10.66,14.395,35,0.0,2011,1,6,12,84
1,0,0,2,12.3,15.91,70,6.0032,2012,2,4,12,300
3,0,1,1,29.52,33.335,54,7.0015,2011,9,12,13,163
4,0,1,1,22.96,26.515,40,6.0032,2011,10,17,12,205
2,1,0,1,22.14,25.76,77,15.0013,2012,4,16,4,6
3,0,1,1,26.24,30.305,73,11.0014,2011,8,17,1,14
1,0,1,1,20.5,24.24,59,19.0012,2011,2,17,22,76
4,0,0,1,16.4,20.455,71,16.9979,2012,10,14,0,111
2,0,1,1,23.78,27.275,49,19.9995,2012,6,4,23,86
1,0,0,2,16.4,20.455,76,15.0013,2011,3,5,11,159
2,0,1,1,27.06,31.06,39,31.0009,2012,6,4,16,448
2,0,1,1,36.9,40.91,37,16.9979,2011,6,9,17,409
3,0,1,1,36.08,39.395,35,16.9979,2012,7,17,19,547
1,0,0,2,13.12,15.15,39,15.0013,2011,1,15,21,57
1,0,1,1,14.76,17.425,57,12.998,2011,2,17,9,179
1,0,1,1,4.92,8.335,54,6.0032,2012,2,13,4,2
1,0,0,1,6.56,9.85,43,6.0032,2012,1,15,23,29
2,0,0,2,21.32,25.0,100,8.9981,2011,5,15,2,50
1,0,1,1,15.58,19.695,32,22.0028,2011,2,16,12,86
2,0,1,1,20.5,24.24,31,7.0015,2012,4,5,18,698
2,0,0,3,27.88,31.82,74,7.0015,2011,6,19,8,84
1,0,1,1,6.56,9.85,74,6.0032,2011,1,5,2,2
4,0,0,1,18.86,22.725,82,0.0,2011,10,8,2,45
3,0,1,3,24.6,25.76,94,0.0,2011,9,7,11,10
3,0,0,1,30.34,34.09,58,19.0012,2011,7,9,9,247
2,0,1,1,31.98,34.09,33,19.0012,2011,6,6,17,579
4,0,0,1,22.14,25.76,45,7.0015,2012,11,11,13,686
3,0,1,1,29.52,33.335,71,19.9995,2011,8,4,10,113
2,0,1,1,22.96,26.515,56,11.0014,2012,6,8,0,77
1,0,1,1,12.3,16.665,70,0.0,2012,3,2,5,24
4,0,1,1,13.94,15.15,53,19.9995,2012,11,2,23,119
2,0,1,2,29.52,34.09,62,7.0015,2012,5,4,15,343
1,0,1,1,13.94,16.665,46,11.0014,2012,2,7,10,116
2,0,1,1,19.68,23.485,51,27.9993,2011,5,4,15,129
4,0,0,1,10.66,12.12,60,16.9979,2011,11,5,6,23
2,0,0,1,24.6,27.275,88,6.0032,2011,6,18,3,20
2,0,1,2,30.34,35.605,74,15.0013,2011,6,1,9,207
4,0,0,1,8.2,11.365,75,0.0,2011,12,17,23,69
2,0,0,2,25.42,30.305,61,7.0015,2011,6,5,6,21
1,0,1,2,7.38,9.09,64,12.998,2011,3,4,1,4
1,0,1,1,11.48,13.635,70,16.9979,2011,3,11,8,259
2,0,1,1,24.6,29.545,73,15.0013,2011,5,18,18,489
1,0,1,2,12.3,15.91,81,6.0032,2011,1,19,12,70
1,0,1,1,13.94,14.395,29,31.0009,2011,3,2,21,71
3,0,0,1,22.14,25.76,68,7.0015,2012,9,16,23,94
3,0,1,2,35.26,39.395,44,16.9979,2012,8,3,14,331
4,0,1,1,9.84,11.365,67,12.998,2011,12,19,10,108
1,1,0,1,4.1,6.06,58,11.0014,2012,1,16,8,78
1,0,0,1,6.56,11.365,47,0.0,2012,1,14,10,149
2,0,1,1,25.42,31.06,41,11.0014,2012,5,18,20,337
1,0,0,1,14.76,18.18,50,7.0015,2012,1,7,2,38
2,0,1,2,24.6,28.79,78,11.0014,2012,6,19,8,673
1,0,1,1,13.94,15.91,46,15.0013,2011,3,14,20,129
1,0,0,1,4.92,6.82,54,12.998,2012,1,15,9,90
3,0,1,2,26.24,28.79,83,8.9981,2012,7,10,22,139
2,0,1,1,18.86,22.725,82,6.0032,2011,5,9,0,53
3,0,0,1,21.32,25.0,68,15.0013,2011,9,18,11,317
3,0,0,2,31.98,37.12,62,19.0012,2011,9,4,13,419
2,0,1,1,18.04,21.97,54,12.998,2011,5,10,3,4
3,0,1,2,21.32,25.0,72,8.9981,2011,9,19,2,13
1,0,1,2,17.22,21.21,54,19.9995,2011,3,16,20,121
2,0,1,1,21.32,25.0,100,8.9981,2011,5,18,6,101
3,0,1,1,28.7,31.82,42,0.0,2011,7,1,22,222
3,0,1,2,28.7,33.335,84,0.0,2012,9,6,1,18
2,0,1,3,21.32,25.0,94,19.9995,2011,5,18,4,3
4,0,1,1,21.32,25.0,45,0.0,2011,11,7,16,295
4,0,1,1,9.02,10.605,55,19.0012,2011,12,8,8,429
1,0,0,2,11.48,13.635,61,11.0014,2012,2,5,13,274
1,0,0,1,13.94,18.18,25,0.0,2012,3,10,19,184
2,0,1,2,24.6,31.06,46,11.0014,2012,6,5,13,267
2,0,0,1,21.32,25.0,19,27.9993,2012,4,7,15,626
3,0,1,1,25.42,31.06,35,0.0,2012,9,19,15,311
2,0,0,1,22.96,26.515,83,0.0,2011,5,15,22,117
1,0,1,1,12.3,14.395,49,15.0013,2011,3,8,22,55
1,0,1,1,10.66,12.88,93,11.0014,2011,2,8,4,3
4,0,0,1,17.22,21.21,94,8.9981,2011,10,8,4,10
2,0,1,2,22.96,26.515,88,8.9981,2012,5,15,2,4
1,0,1,1,6.56,7.575,64,15.0013,2011,1,4,9,100
2,0,0,2,27.06,31.06,50,27.9993,2012,5,13,19,339
3,0,0,1,33.62,36.365,38,0.0,2011,7,9,16,416
4,0,0,1,19.68,23.485,41,26.0027,2011,11,13,22,89
3,0,1,1,24.6,31.06,43,16.9979,2012,9,19,11,247
4,0,1,2,13.12,15.15,53,19.9995,2012,11,7,15,198
1,0,0,1,13.12,14.395,45,26.0027,2012,3,4,11,256
3,0,0,1,24.6,31.06,56,7.0015,2012,9,16,21,191
3,0,0,1,29.52,34.85,74,8.9981,2012,9,1,1,79
2,0,1,1,24.6,31.06,53,19.9995,2012,6,14,0,48
1,1,0,1,9.02,10.605,44,16.9979,2012,1,2,23,34
1,0,0,1,9.84,12.88,81,6.0032,2012,2,4,4,6
3,0,1,1,26.24,31.06,61,12.998,2011,8,11,5,25
4,0,1,1,15.58,19.695,46,12.998,2011,12,19,17,378
2,0,1,2,26.24,31.06,47,12.998,2011,6,14,14,159
4,0,0,1,12.3,16.665,70,0.0,2012,12,15,0,94
3,0,0,1,36.08,40.15,39,15.0013,2012,7,1,11,377
2,0,1,3,31.16,34.09,40,12.998,2011,6,17,17,552
4,0,1,1,8.2,12.88,80,0.0,2011,12,13,2,2
3,0,1,1,27.06,31.06,69,6.0032,2011,8,17,0,24
3,0,1,1,31.98,37.12,62,7.0015,2012,7,18,8,679
2,0,1,2,22.14,25.76,49,22.0028,2011,5,6,10,127
1,0,1,2,6.56,7.575,55,12.998,2011,1,11,2,3
2,0,1,3,18.04,21.97,77,15.0013,2011,4,12,18,224
2,0,1,1,26.24,29.545,78,0.0,2012,6,13,1,28
3,0,1,1,20.5,24.24,72,7.0015,2012,9,11,7,596
3,0,1,1,26.24,29.545,78,22.0028,2011,8,15,8,355
2,0,1,1,19.68,23.485,63,0.0,2011,5,10,0,18
3,0,1,1,31.16,36.365,66,19.0012,2011,7,6,14,163
4,0,1,1,12.3,14.395,61,15.0013,2012,11,6,20,228
2,0,1,1,13.94,15.15,49,22.0028,2011,4,1,19,136
3,0,1,2,28.7,33.335,74,12.998,2012,7,16,1,11
2,0,1,2,15.58,19.695,94,15.0013,2011,4,13,9,65
4,0,1,2,12.3,16.665,61,0.0,2011,12,14,9,239
2,0,1,1,25.42,30.305,69,15.0013,2011,5,12,18,527
4,0,1,2,17.22,21.21,94,8.9981,2012,12,17,21,120
2,0,1,2,22.14,25.76,88,6.0032,2011,5,19,9,216
4,0,1,2,24.6,29.545,73,26.0027,2012,10,15,10,168
1,0,1,1,14.76,17.425,50,8.9981,2012,2,7,20,212
1,0,1,1,5.74,7.575,69,8.9981,2011,1,12,7,54
4,0,0,1,21.32,25.0,39,0.0,2012,11,10,13,651
3,0,0,2,27.06,29.545,89,0.0,2012,9,2,6,15
3,0,1,3,22.14,25.76,94,16.9979,2011,9,6,23,58
2,0,1,1,19.68,23.485,77,16.9979,2011,5,11,8,442
2,0,1,1,22.14,25.76,28,47.9988,2012,4,9,12,280
4,0,0,1,23.78,27.275,56,0.0,2011,10,8,11,397
2,0,1,3,22.14,25.76,52,23.9994,2011,5,6,19,292
2,0,1,2,22.96,26.515,78,16.9979,2011,5,3,2,5
4,0,1,1,14.76,17.425,50,11.0014,2012,10,11,6,159
1,0,1,1,13.94,17.425,53,6.0032,2012,2,15,23,58
4,0,1,1,13.12,15.15,53,16.9979,2012,11,9,2,12
1,0,0,1,13.12,15.91,49,11.0014,2012,2,18,1,45
4,0,1,1,19.68,23.485,77,0.0,2011,10,7,9,241
1,0,1,2,8.2,9.85,40,15.0013,2011,1,10,15,45
3,0,1,1,30.34,34.09,62,15.0013,2012,8,13,20,432
3,0,1,1,20.5,24.24,72,6.0032,2012,9,12,6,205
1,0,1,1,13.94,15.15,46,19.9995,2012,3,6,19,287
4,1,0,1,22.96,26.515,64,11.0014,2012,11,12,16,434
1,0,1,1,27.06,31.06,34,23.9994,2011,2,18,17,327
4,1,0,2,26.24,31.06,53,0.0,2011,10,10,18,473
1,0,1,1,18.86,22.725,33,19.0012,2012,1,6,19,272
2,0,1,1,22.14,25.76,56,22.0028,2011,6,14,5,26
1,0,1,1,6.56,11.365,64,0.0,2011,1,6,2,2
3,0,1,1,31.16,35.605,58,23.9994,2012,8,10,14,307
1,0,0,3,10.66,13.635,87,8.9981,2012,2,4,19,80
3,0,1,1,31.98,34.85,43,8.9981,2012,7,2,20,395
3,0,1,1,27.06,30.305,83,16.9979,2012,8,3,4,12
2,0,1,1,21.32,25.0,36,22.0028,2012,5,11,10,210
1,0,0,2,9.84,12.88,75,6.0032,2011,1,1,5,1
4,0,1,2,13.12,15.15,45,15.0013,2011,12,16,16,224
3,1,0,2,27.06,29.545,94,0.0,2012,9,3,0,104
4,0,1,2,22.14,25.76,88,22.0028,2011,10,12,5,22
1,0,1,1,13.12,16.665,39,6.0032,2011,3,8,20,76
2,0,1,1,27.06,31.06,44,11.0014,2011,6,15,20,330
3,0,1,1,30.34,33.335,48,15.0013,2012,7,12,19,629
3,0,1,1,22.14,25.76,77,6.0032,2012,9,13,1,28
3,0,1,3,22.14,25.76,88,19.0012,2011,9,6,14,24
3,0,1,1,30.34,33.335,51,15.0013,2011,8,16,11,150
2,0,1,1,20.5,24.24,27,32.9975,2012,4,9,10,178
1,0,1,1,18.86,22.725,88,8.9981,2012,3,19,6,120
1,0,1,2,9.02,13.635,64,0.0,2012,1,9,9,197
2,0,1,2,17.22,21.21,82,19.0012,2011,4,12,19,130
2,0,1,1,17.22,21.21,62,7.0015,2011,4,18,3,7
4,0,1,1,16.4,20.455,47,19.9995,2012,11,9,11,251
3,0,1,1,22.14,25.76,60,16.9979,2012,9,19,9,362
3,0,1,1,26.24,28.03,94,6.0032,2011,9,9,20,210
4,0,1,2,13.94,18.18,93,0.0,2012,12,3,7,396
2,0,1,2,21.32,25.0,55,0.0,2011,4,19,7,188
4,0,1,1,6.56,9.85,86,6.0032,2011,12,19,3,3
3,0,0,2,28.7,32.575,61,11.0014,2011,7,3,1,78
2,0,1,1,29.52,34.85,74,16.9979,2011,6,10,22,185
1,0,0,1,18.86,22.725,82,8.9981,2012,3,18,1,113
2,0,1,2,17.22,21.21,38,15.0013,2012,4,5,11,268
2,0,1,1,27.06,31.06,74,8.9981,2012,6,11,8,651
4,0,0,1,15.58,19.695,87,8.9981,2012,10,7,22,79
4,0,1,1,17.22,21.21,94,0.0,2011,10,7,7,242
1,0,1,3,14.76,17.425,81,15.0013,2012,3,2,17,128
3,0,1,1,26.24,31.06,61,6.0032,2012,9,13,10,212
1,0,1,1,5.74,7.575,59,11.0014,2011,1,10,23,18
3,0,1,1,36.9,40.91,35,19.9995,2012,7,5,11,244
2,0,1,3,22.14,25.76,88,16.9979,2012,5,14,10,59
4,0,1,1,22.14,25.76,39,31.0009,2012,10,12,12,387
1,0,1,1,4.1,5.305,54,15.0013,2012,2,13,6,72
3,0,1,1,31.16,35.605,58,35.0008,2011,8,19,18,425
1,0,0,1,9.84,14.395,70,0.0,2012,2,18,6,9
4,0,0,1,10.66,15.15,81,0.0,2011,11,6,2,29
1,0,1,1,9.02,12.88,44,6.0032,2011,1,6,11,59
2,0,1,1,27.06,31.06,27,11.0014,2012,5,17,18,868
1,0,1,1,15.58,19.695,43,11.0014,2012,2,15,19,311
1,0,1,1,25.42,31.06,46,7.0015,2011,3,18,21,113
2,0,1,1,18.04,21.97,72,16.9979,2011,5,9,6,89
4,0,1,2,13.94,16.665,61,8.9981,2012,11,15,19,386
4,0,1,1,13.94,15.91,49,19.0012,2012,11,13,18,559
1,0,0,1,9.02,11.365,41,12.998,2012,1,14,18,143
3,0,0,1,30.34,34.85,70,8.9981,2012,7,1,1,93
3,0,0,1,31.16,34.85,55,19.0012,2011,7,17,12,420
4,0,1,1,13.12,16.665,45,8.9981,2012,11,6,11,216
2,0,1,1,18.86,22.725,33,30.0026,2012,4,5,2,18
4,0,1,2,12.3,13.635,56,19.9995,2012,11,7,19,319
2,0,0,1,20.5,24.24,51,7.0015,2012,5,19,2,69
3,0,1,1,29.52,34.85,74,7.0015,2011,8,9,7,343
3,0,0,1,34.44,37.12,39,8.9981,2012,7,1,21,258
4,0,0,1,10.66,15.15,81,0.0,2012,12,1,0,108
1,0,1,2,10.66,11.365,48,19.9995,2012,1,19,19,234
1,0,1,1,18.04,21.97,77,26.0027,2012,3,8,8,585
3,0,1,1,31.98,34.85,46,7.0015,2011,7,5,11,172
1,0,1,1,20.5,24.24,23,19.0012,2011,3,2,17,268
2,0,1,1,22.14,25.76,42,8.9981,2011,4,14,12,145
4,0,1,3,18.04,21.97,100,8.9981,2011,12,7,12,33
4,0,1,3,17.22,21.21,94,12.998,2011,12,7,16,31
4,0,0,1,16.4,20.455,37,12.998,2011,11,5,15,343
2,0,1,3,18.04,21.97,82,7.0015,2012,4,2,0,17
1,0,0,1,9.84,11.365,38,15.0013,2011,1,16,16,99
2,0,0,1,24.6,28.79,78,15.0013,2011,5,15,11,322
2,0,1,1,29.52,34.85,79,8.9981,2012,6,19,23,125
3,0,0,1,36.9,42.425,42,31.0009,2012,8,5,14,526
1,0,1,1,7.38,8.335,43,16.9979,2011,1,3,10,44
1,0,1,3,5.74,6.06,86,16.9979,2011,2,9,19,88
1,0,1,1,4.1,6.06,54,11.0014,2011,1,14,1,5
1,0,1,3,12.3,14.395,81,19.0012,2012,1,17,8,93
1,0,1,1,17.22,21.21,58,19.0012,2011,3,18,0,29
4,0,0,1,23.78,27.275,49,31.0009,2011,10,16,17,405
3,0,1,2,27.88,31.82,65,12.998,2011,9,2,18,355
4,0,1,1,23.78,27.275,56,22.0028,2011,10,4,16,309
3,0,1,1,27.06,30.305,83,11.0014,2011,7,8,20,250
1,0,1,1,22.14,25.76,42,23.9994,2012,3,7,19,361
4,0,1,2,9.02,12.12,69,7.0015,2011,12,12,10,105
4,0,0,3,16.4,20.455,94,7.0015,2012,12,9,6,6
2,0,0,1,16.4,20.455,30,16.9979,2012,4,7,9,276
2,0,1,2,20.5,24.24,63,8.9981,2012,5,1,1,21
4,0,1,2,22.96,26.515,64,22.0028,2012,10,18,18,788
2,0,1,1,25.42,31.06,53,0.0,2011,6,15,23,107
2,0,1,2,33.62,37.12,41,22.0028,2011,6,7,15,183
1,0,1,2,9.84,12.12,70,8.9981,2011,2,4,23,31
1,0,1,2,14.76,18.94,87,0.0,2012,3,2,22,75
2,0,1,1,18.04,21.97,24,12.998,2012,4,9,5,32
1,0,1,2,25.42,31.06,50,8.9981,2012,3,15,12,265
3,0,1,1,30.34,33.335,51,19.0012,2011,9,13,13,184
4,0,1,1,21.32,25.0,63,7.0015,2012,12,3,17,708
1,0,0,1,20.5,24.24,39,16.9979,2012,1,7,20,170
4,0,0,1,13.12,17.425,76,0.0,2012,11,10,8,146
2,0,1,2,29.52,33.335,58,12.998,2012,6,11,21,250
2,0,1,3,23.78,27.275,88,8.9981,2012,5,14,19,304
1,0,1,1,27.06,31.06,50,15.0013,2012,3,19,16,385
1,0,1,1,3.28,8.335,73,0.0,2011,2,11,7,74
4,0,1,1,22.96,26.515,46,6.0032,2011,10,6,13,191
1,0,1,1,4.1,6.82,49,7.0015,2011,2,11,0,14
3,0,0,1,27.06,30.305,78,12.998,2011,8,6,0,133
2,0,1,1,22.14,25.76,30,39.0007,2011,5,5,13,192
3,0,0,1,27.06,31.06,74,12.998,2012,7,14,9,282
4,0,1,2,16.4,20.455,76,0.0,2012,10,17,8,817
3,0,0,1,27.06,29.545,89,0.0,2012,9,2,4,22
2,0,0,1,30.34,32.575,30,7.0015,2012,5,19,16,642
1,0,1,1,18.04,21.97,38,16.9979,2012,2,7,13,184
1,0,1,2,11.48,15.15,65,6.0032,2012,2,10,0,43
1,0,1,3,12.3,15.91,70,6.0032,2012,2,16,4,3
2,0,0,3,27.06,31.06,74,12.998,2012,5,5,15,541
2,0,1,1,26.24,31.06,38,0.0,2012,6,6,15,300
1,0,1,1,12.3,12.12,42,51.9987,2011,2,15,1,5
1,0,1,2,13.12,16.665,87,8.9981,2012,2,16,20,216
2,0,1,1,17.22,21.21,77,16.9979,2011,5,6,8,450
3,0,0,2,24.6,25.0,97,7.0015,2011,9,10,2,64
1,0,1,1,14.76,16.665,62,27.9993,2012,2,17,11,142
4,0,1,2,21.32,25.0,88,0.0,2011,10,11,5,20
1,0,0,1,13.12,16.665,57,6.0032,2012,1,7,4,10
2,0,1,1,25.42,28.79,83,7.0015,2012,6,11,6,144
4,0,1,1,26.24,31.06,41,15.0013,2011,10,5,13,219
1,0,0,2,9.84,12.12,87,8.9981,2012,2,5,0,61
3,0,1,3,26.24,28.79,89,0.0,2011,8,19,1,20
3,0,1,1,28.7,33.335,79,12.998,2011,7,6,22,186
1,1,0,1,11.48,12.88,45,22.0028,2012,1,2,4,4
3,0,0,1,30.34,34.85,70,12.998,2011,8,14,14,370
1,0,0,3,10.66,12.88,65,11.0014,2012,2,19,21,36
1,0,1,2,8.2,9.85,59,12.998,2011,1,6,23,23
2,0,1,1,14.76,16.665,46,22.0028,2012,4,11,20,235
4,0,1,3,17.22,21.21,88,15.0013,2011,11,16,22,46
2,0,1,1,24.6,29.545,69,19.9995,2011,5,17,18,480
2,0,0,1,23.78,27.275,46,19.0012,2012,6,2,11,536
3,0,1,1,29.52,33.335,61,19.0012,2011,8,2,7,335
4,0,1,2,22.14,25.76,68,7.0015,2011,11,15,8,480
4,0,0,1,10.66,13.635,87,7.0015,2011,11,6,7,28
4,0,1,3,18.86,22.725,100,11.0014,2011,12,7,5,3
4,0,1,2,13.12,14.395,53,23.9994,2012,11,7,14,161
2,0,1,1,20.5,24.24,59,6.0032,2012,5,18,1,49
4,0,0,1,27.88,31.82,47,11.0014,2011,10,9,14,500
2,0,1,2,10.66,12.12,87,16.9979,2011,4,1,8,206
2,0,1,1,14.76,17.425,71,8.9981,2012,4,10,2,2
4,0,1,3,23.78,27.275,83,7.0015,2012,10,2,7,260
2,0,0,1,20.5,24.24,22,12.998,2012,4,7,13,643
2,0,1,1,26.24,30.305,65,27.9993,2012,6,14,10,179
1,0,1,2,12.3,15.15,70,8.9981,2012,2,16,7,288
4,0,1,1,18.86,22.725,72,0.0,2012,10,1,2,12
4,0,1,1,13.12,16.665,70,7.0015,2012,12,19,10,164
2,0,1,1,19.68,23.485,27,22.0028,2012,4,5,1,13
4,0,1,1,16.4,20.455,71,0.0,2011,11,1,20,209
4,0,1,1,18.86,22.725,59,0.0,2011,11,7,19,300
2,0,1,1,20.5,24.24,36,30.0026,2012,4,9,20,276
1,0,1,1,15.58,19.695,66,16.9979,2011,3,17,0,23
3,0,1,1,33.62,36.365,38,19.9995,2011,8,10,12,240
3,0,1,2,27.88,31.82,83,6.0032,2011,7,6,4,6
4,0,1,1,18.86,22.725,63,7.0015,2011,11,9,17,485
1,0,1,1,13.94,14.395,31,32.9975,2012,3,9,22,107
4,0,0,2,14.76,16.665,46,19.9995,2012,11,3,17,410
4,0,1,2,22.14,25.76,68,0.0,2011,11,15,12,176
2,0,0,1,33.62,34.85,23,12.998,2012,6,9,14,593
3,0,1,1,31.16,35.605,62,0.0,2012,7,18,21,319
3,0,1,1,31.98,34.09,35,8.9981,2012,7,12,12,292
1,0,1,2,12.3,14.395,75,16.9979,2011,3,9,10,57
4,0,1,1,25.42,28.79,83,19.0012,2011,10,13,20,181
1,0,1,1,11.48,13.635,24,16.9979,2011,2,15,12,71
3,0,0,2,28.7,33.335,74,19.9995,2012,8,11,18,300
1,0,1,3,6.56,9.09,93,7.0015,2011,1,11,18,95
4,0,1,1,14.76,16.665,50,16.9979,2012,10,11,7,478
2,0,1,2,20.5,24.24,59,12.998,2012,5,1,0,35
3,0,1,1,29.52,32.575,34,8.9981,2011,8,12,9,205
4,0,1,1,15.58,19.695,40,22.0028,2012,11,2,16,421
4,0,1,1,13.12,15.15,53,19.9995,2011,12,1,10,93
4,0,1,1,16.4,20.455,71,6.0032,2011,11,2,10,133
1,0,0,1,14.76,17.425,50,11.0014,2012,1,7,0,79
2,0,1,1,26.24,29.545,78,8.9981,2012,6,11,4,7
1,0,0,2,8.2,10.605,69,11.0014,2011,2,13,4,2
4,0,1,2,22.14,25.76,64,11.0014,2012,12,4,13,272
2,0,1,1,18.04,21.97,88,0.0,2011,5,12,6,112
1,0,1,1,9.02,13.635,75,0.0,2012,2,6,2,3
1,0,1,1,13.94,17.425,53,7.0015,2012,3,12,7,268
2,0,1,3,21.32,25.0,77,7.0015,2012,5,1,6,26
4,0,1,1,18.04,21.97,67,15.0013,2011,10,6,3,5
4,0,0,1,18.86,22.725,40,27.9993,2011,11,13,11,295
4,0,1,2,13.12,16.665,66,7.0015,2012,11,15,21,224
2,0,0,1,25.42,31.06,57,16.9979,2012,4,15,21,229
2,0,1,1,22.14,25.76,32,15.0013,2012,4,17,23,82
2,0,1,1,21.32,25.0,32,30.0026,2011,4,6,17,356
1,0,0,1,12.3,14.395,52,16.9979,2012,2,5,18,181
4,0,1,2,22.96,26.515,73,19.0012,2012,10,15,5,40
2,0,1,1,17.22,21.21,67,8.9981,2011,5,10,6,112
3,0,1,2,31.16,35.605,58,15.0013,2012,7,2,0,43
1,0,1,2,9.02,13.635,87,0.0,2011,1,18,20,83
1,1,0,2,7.38,9.85,47,8.9981,2011,1,17,12,80
4,0,1,1,11.48,12.88,56,19.9995,2012,11,14,8,691
4,0,1,2,12.3,15.15,70,11.0014,2012,11,16,2,9
2,0,1,1,16.4,20.455,71,8.9981,2011,4,13,23,62
4,0,1,2,14.76,16.665,66,16.9979,2012,11,19,2,5
4,0,0,1,13.94,15.91,61,19.0012,2011,11,12,10,232
4,0,1,1,12.3,15.15,52,11.0014,2012,11,14,19,396
2,0,0,1,25.42,30.305,25,22.0028,2012,4,8,18,310
3,0,1,1,31.98,35.605,52,15.0013,2011,9,14,14,124
4,0,1,1,18.86,22.725,77,7.0015,2011,10,5,7,301
2,0,1,3,21.32,25.0,77,39.0007,2012,5,9,18,372
3,0,1,2,27.88,31.82,61,0.0,2012,7,12,0,56
2,0,1,1,22.14,25.76,88,12.998,2011,5,18,7,274
4,0,1,1,15.58,19.695,40,22.0028,2012,11,2,17,638
1,0,0,3,12.3,12.88,100,32.9975,2011,3,6,19,11
4,0,1,3,18.04,21.97,100,12.998,2011,12,7,14,25
2,0,1,2,24.6,30.305,64,26.0027,2012,5,8,11,217
2,0,1,2,21.32,25.0,63,19.9995,2012,5,8,2,16
3,0,1,1,29.52,33.335,51,11.0014,2012,8,16,22,254
3,0,1,2,31.98,37.88,66,19.0012,2011,7,8,13,229
1,0,0,1,13.12,17.425,76,0.0,2011,1,1,9,14
4,0,1,2,13.12,14.395,53,26.0027,2012,11,7,17,517
2,0,1,2,27.88,31.82,61,32.9975,2011,5,3,12,217
4,0,0,1,13.94,16.665,66,8.9981,2011,11,13,6,23
1,0,1,2,6.56,9.85,86,6.0032,2011,1,12,0,7
2,0,1,1,13.12,15.15,45,19.0012,2012,4,11,2,2
1,0,1,2,12.3,12.12,70,36.9974,2012,1,13,5,21
3,0,1,1,32.8,37.12,52,26.0027,2011,8,8,10,124
2,0,1,3,25.42,28.03,88,23.9994,2012,6,1,19,45
2,0,1,1,29.52,33.335,51,30.0026,2011,4,11,19,284
1,0,1,1,10.66,10.605,30,35.0008,2011,3,2,23,22
3,1,0,1,32.8,36.365,46,0.0,2011,7,4,17,436
2,0,0,1,25.42,31.06,57,0.0,2012,6,9,4,8
1,0,0,2,9.02,9.09,47,43.9989,2012,2,11,18,108
4,0,1,2,21.32,25.0,59,19.9995,2011,12,15,18,377
2,0,1,1,24.6,28.79,78,7.0015,2012,5,4,1,48
2,0,0,1,14.76,18.18,71,7.0015,2012,4,14,7,64
1,0,1,1,12.3,14.395,56,15.0013,2012,2,8,0,23
3,0,1,3,25.42,27.275,94,7.0015,2011,9,8,7,179
4,0,1,1,24.6,31.06,49,26.0027,2011,11,14,13,203
4,0,0,2,15.58,19.695,62,11.0014,2011,11,19,22,106
1,0,0,3,9.02,13.635,100,0.0,2011,2,5,15,60
2,0,1,1,17.22,21.21,50,12.998,2012,5,11,4,9
3,0,0,2,26.24,28.79,89,12.998,2011,7,3,7,25
3,1,0,2,27.06,29.545,94,19.9995,2011,9,5,21,60
2,0,1,1,17.22,21.21,47,30.0026,2012,4,2,11,209
3,0,1,1,25.42,30.305,61,8.9981,2012,9,12,10,205
4,0,1,2,18.86,22.725,88,0.0,2011,10,18,5,21
1,0,1,1,4.1,6.82,54,6.0032,2011,2,11,1,7
2,0,1,2,22.96,26.515,88,8.9981,2012,5,15,0,32
3,0,1,1,38.54,41.665,29,16.9979,2012,7,17,14,214
4,0,1,1,13.12,17.425,87,0.0,2011,12,5,1,12
2,0,0,1,10.66,13.635,70,7.0015,2011,4,2,6,12
2,0,0,2,24.6,31.06,40,11.0014,2012,4,14,19,459
4,0,0,3,15.58,19.695,94,6.0032,2012,12,9,19,122
3,0,1,1,28.7,33.335,74,7.0015,2012,8,3,7,421
3,0,1,1,32.8,34.09,24,0.0,2011,7,1,13,292
3,0,1,1,35.26,38.635,39,19.0012,2011,8,8,16,282
2,0,1,1,26.24,31.06,53,8.9981,2012,6,15,22,321
4,0,1,2,27.06,31.06,74,0.0,2012,10,3,21,209
3,0,1,1,26.24,28.79,83,0.0,2011,8,19,6,93
4,0,1,1,10.66,12.12,56,19.0012,2012,11,14,0,24
1,0,1,2,7.38,9.85,93,11.0014,2012,1,10,9,195
3,0,1,1,34.44,36.365,34,22.0028,2011,8,10,14,178
1,0,1,1,13.94,16.665,71,12.998,2011,3,17,4,3
1,0,1,2,10.66,13.635,65,7.0015,2012,2,14,4,2
3,0,0,1,25.42,31.06,50,8.9981,2012,9,16,19,403
4,0,1,2,12.3,15.15,49,11.0014,2011,12,16,22,106
4,0,1,1,20.5,24.24,72,12.998,2011,10,6,0,40
4,0,1,1,13.12,14.395,39,27.9993,2011,11,17,16,195
2,0,1,3,20.5,24.24,82,19.0012,2011,5,4,2,4
1,0,0,2,10.66,12.12,52,16.9979,2012,2,19,10,191
4,0,1,1,13.12,15.15,45,19.0012,2012,12,13,10,167
2,0,0,2,22.14,25.76,94,11.0014,2011,5,14,15,294
1,0,1,1,9.02,12.88,55,6.0032,2011,1,6,19,112
4,0,0,1,15.58,19.695,46,0.0,2011,12,3,15,337
1,0,1,1,8.2,8.335,27,31.0009,2011,3,3,3,1
1,0,1,2,22.14,25.76,42,19.0012,2011,2,17,18,222
2,0,1,3,22.96,26.515,88,8.9981,2012,5,15,1,19
2,0,0,2,15.58,19.695,82,0.0,2011,4,9,16,191
1,0,1,2,12.3,16.665,70,0.0,2011,3,15,9,157
1,0,1,2,5.74,8.335,63,7.0015,2011,2,4,3,1
4,0,1,1,13.94,17.425,71,7.0015,2012,11,9,22,163
1,0,1,2,13.94,14.395,42,35.0008,2012,3,9,8,501
3,0,0,1,28.7,32.575,65,19.0012,2011,7,16,22,201
4,0,1,1,12.3,14.395,33,19.0012,2012,11,8,8,668
4,0,1,2,25.42,28.79,83,12.998,2012,10,3,9,362
3,0,0,1,27.06,29.545,89,6.0032,2012,9,1,23,145
3,0,1,1,33.62,37.88,46,12.998,2012,8,2,16,406
1,0,1,3,21.32,25.0,72,19.9995,2012,3,13,2,1
3,0,0,1,27.06,31.06,36,16.9979,2012,9,9,18,560
3,1,0,2,28.7,33.335,74,11.0014,2011,9,5,11,308
4,0,0,2,11.48,13.635,89,11.0014,2012,12,1,10,256
4,0,1,2,22.14,25.76,68,22.0028,2011,11,15,3,4
4,0,1,1,14.76,16.665,53,19.0012,2011,11,10,22,89
4,0,0,1,22.14,25.76,83,7.0015,2011,10,9,21,173
4,0,1,1,13.12,15.15,65,12.998,2012,12,14,11,211
3,0,1,2,31.16,34.09,40,0.0,2012,8,13,10,199
4,0,1,1,22.14,25.76,49,0.0,2011,10,6,11,144
4,0,1,1,13.12,15.91,70,11.0014,2011,12,14,23,51
3,0,0,1,34.44,37.12,36,15.0013,2011,7,10,17,363
1,0,0,1,20.5,24.24,31,19.0012,2012,3,11,19,258
2,0,1,2,19.68,23.485,77,15.0013,2011,5,2,8,371
3,0,1,1,24.6,28.03,83,8.9981,2011,8,15,4,5
2,0,1,2,25.42,30.305,65,22.0028,2012,5,8,12,263
3,0,1,1,31.16,37.12,75,12.998,2011,7,19,19,388
4,0,1,2,14.76,16.665,46,27.9993,2012,11,2,20,221
3,0,1,1,25.42,31.06,57,8.9981,2012,9,12,20,470
2,0,1,3,10.66,12.88,100,11.0014,2011,4,1,1,4
4,0,1,2,24.6,28.79,78,16.9979,2011,10,11,17,604
2,0,1,1,25.42,30.305,25,12.998,2012,5,11,15,439
3,0,0,1,31.16,36.365,66,19.9995,2012,8,4,23,222
4,0,1,1,22.96,26.515,64,16.9979,2012,10,15,17,766
3,0,0,1,35.26,39.395,40,23.9994,2012,8,4,12,547
4,0,1,1,14.76,17.425,46,15.0013,2012,11,16,19,332
4,0,0,1,10.66,14.395,81,6.0032,2012,11,4,1,165
4,0,1,2,28.7,33.335,74,7.0015,2012,10,3,13,279
1,0,1,1,9.02,12.88,75,6.0032,2012,1,6,0,25
1,0,1,1,5.74,7.575,50,8.9981,2012,2,13,10,71
2,0,0,2,15.58,19.695,87,8.9981,2011,4,10,1,37
3,0,0,1,25.42,31.06,41,26.0027,2012,9,15,10,442
2,0,0,2,30.34,34.09,55,7.0015,2011,6,19,15,362
4,0,1,1,16.4,20.455,47,11.0014,2012,12,14,15,309
1,0,0,2,9.84,10.605,52,19.0012,2012,2,19,7,14
1,0,1,1,13.12,15.15,53,22.0028,2011,3,14,9,140
4,0,1,2,15.58,19.695,54,7.0015,2011,12,14,15,167
2,0,0,2,15.58,19.695,87,8.9981,2011,4,10,3,16
2,0,1,1,14.76,16.665,57,23.9994,2012,4,12,9,287
2,0,1,1,28.7,31.82,39,22.0028,2011,6,13,17,601
1,0,1,2,7.38,9.09,74,12.998,2011,3,4,4,1
2,0,1,2,20.5,24.24,72,6.0032,2012,5,1,2,8
1,0,0,1,25.42,31.06,57,19.9995,2012,3,17,18,560
4,0,1,1,22.96,26.515,64,23.9994,2011,11,15,0,22
2,0,0,1,21.32,25.0,52,16.9979,2012,4,1,16,511
2,0,1,2,25.42,31.06,53,19.0012,2012,6,14,3,5
4,0,1,3,22.14,25.76,94,22.0028,2011,10,12,11,120
3,0,1,2,27.88,31.82,89,12.998,2012,8,14,5,36
4,0,1,1,14.76,16.665,46,27.9993,2011,12,16,8,459
2,0,1,1,28.7,32.575,51,8.9981,2012,5,4,19,452
3,0,1,1,24.6,30.305,60,8.9981,2012,9,12,21,306
4,0,1,1,15.58,19.695,94,6.0032,2011,11,10,3,11
1,0,1,1,17.22,21.21,28,40.9973,2012,3,9,19,244
4,0,1,2,13.12,16.665,70,8.9981,2011,12,15,3,3
4,0,1,1,9.02,13.635,80,0.0,2011,12,9,3,6
2,0,1,1,25.42,31.06,41,22.0028,2012,6,7,21,313
2,0,1,3,23.78,27.275,83,12.998,2011,5,16,18,453
1,0,1,1,13.94,17.425,31,7.0015,2011,3,8,19,150
1,0,0,1,16.4,20.455,50,19.9995,2011,3,13,8,34
3,0,1,2,26.24,30.305,76,11.0014,2011,9,2,10,140
2,0,1,1,18.86,22.725,77,11.0014,2012,5,18,4,11
1,0,0,1,17.22,21.21,38,15.0013,2012,1,7,23,119
2,0,1,1,21.32,25.0,34,12.998,2012,4,18,1,14
4,0,1,3,20.5,24.24,100,7.0015,2011,10,19,5,3
2,0,1,1,22.96,26.515,83,6.0032,2012,5,2,3,6
4,0,1,1,16.4,20.455,40,15.0013,2011,12,1,14,150
3,0,0,2,32.8,40.15,66,15.0013,2012,7,8,16,291
4,0,1,2,16.4,20.455,94,6.0032,2012,12,17,18,507
4,0,0,1,10.66,11.365,48,22.0028,2011,11,19,4,8
3,1,0,2,31.16,34.85,55,7.0015,2011,7,4,20,386
1,0,0,2,8.2,10.605,69,8.9981,2011,2,13,6,5
4,0,1,1,17.22,21.21,41,23.9994,2012,11,2,12,292
2,0,0,1,25.42,28.03,88,11.0014,2011,6,12,4,14
4,0,1,3,25.42,28.79,83,16.9979,2011,10,13,17,479
4,0,1,1,21.32,25.0,77,11.0014,2011,10,5,20,246
2,0,0,1,22.14,25.76,64,7.0015,2012,6,17,3,28
4,0,1,1,15.58,19.695,87,6.0032,2012,12,18,5,36
1,1,0,3,6.56,6.82,86,19.0012,2011,1,17,23,4
2,0,1,1,24.6,30.305,26,16.9979,2012,4,17,19,537
4,0,1,1,12.3,14.395,52,15.0013,2012,12,11,23,64
4,0,1,3,21.32,25.0,83,16.9979,2011,10,19,6,31
2,0,0,1,15.58,19.695,54,12.998,2011,4,2,18,179
4,0,0,1,13.94,17.425,53,6.0032,2012,11,17,19,253
3,0,1,2,32.8,37.12,52,0.0,2012,8,8,12,280
1,0,1,1,16.4,20.455,43,31.0009,2012,2,2,18,410
4,0,1,1,10.66,11.365,56,19.9995,2011,12,1,2,9
3,0,0,1,29.52,34.09,66,0.0,2011,7,10,8,92
1,0,1,2,7.38,9.85,93,11.0014,2012,1,10,8,471
3,0,1,3,26.24,28.79,89,6.0032,2011,9,7,21,38
3,0,0,1,26.24,30.305,73,6.0032,2011,8,13,6,22
2,0,0,2,23.78,27.275,78,12.998,2012,5,5,22,217
2,0,0,2,20.5,24.24,59,11.0014,2012,4,1,21,134
4,0,1,1,18.86,22.725,63,26.0027,2012,10,16,0,48
2,0,1,1,20.5,24.24,93,12.998,2011,5,16,5,21
4,0,1,2,18.86,22.725,100,19.0012,2011,12,6,18,304
4,0,1,2,14.76,18.18,87,6.0032,2011,12,5,11,123
2,0,1,2,22.96,26.515,83,19.0012,2011,4,11,9,165
4,0,0,3,14.76,16.665,93,19.9995,2011,10,2,0,47
1,0,1,2,13.12,15.15,57,19.9995,2011,3,11,10,78
3,0,1,2,28.7,32.575,65,11.0014,2011,7,5,0,55
3,0,1,1,35.26,40.15,47,15.0013,2011,7,12,13,136
2,0,0,1,25.42,28.03,88,7.0015,2011,6,12,6,14
1,0,0,1,13.12,15.91,53,11.0014,2012,2,5,17,306
3,0,0,3,27.06,29.545,89,27.9993,2012,8,11,20,160
2,1,0,1,27.88,31.82,51,16.9979,2012,4,16,21,271
1,0,0,1,17.22,21.21,28,22.0028,2011,2,13,17,125
2,0,1,1,26.24,30.305,73,12.998,2012,5,15,12,264
2,0,0,1,29.52,32.575,42,16.9979,2012,5,13,16,564
1,0,1,2,9.02,12.88,93,6.0032,2011,1,19,5,7
4,1,0,2,16.4,20.455,76,15.0013,2012,10,8,21,151
1,0,0,1,9.02,10.605,44,19.0012,2012,1,14,13,220
2,0,1,1,24.6,31.06,40,0.0,2012,5,18,21,258
1,0,1,1,19.68,23.485,59,22.0028,2011,2,17,20,139
3,0,0,1,27.06,30.305,78,11.0014,2011,8,6,1,67
3,0,1,2,22.14,25.76,45,15.0013,2011,9,16,15,203
3,0,1,1,31.16,36.365,66,11.0014,2012,8,9,9,353
3,0,0,1,38.54,43.94,38,12.998,2012,7,7,11,367
1,0,1,2,10.66,13.635,93,8.9981,2011,1,19,10,47
4,0,0,1,16.4,20.455,43,0.0,2012,10,13,10,347
1,0,0,2,18.04,21.97,82,11.0014,2012,3,18,11,368
3,0,1,1,27.06,31.06,69,0.0,2012,8,16,0,76
2,0,1,2,21.32,25.0,88,8.9981,2011,5,13,16,300
3,0,1,1,27.88,31.82,65,0.0,2012,8,15,2,8
3,0,1,1,32.8,35.605,41,26.0027,2011,8,10,11,149
1,0,1,1,10.66,11.365,38,19.9995,2012,1,13,18,301
4,0,1,1,13.94,17.425,87,7.0015,2011,10,3,4,8
4,0,1,1,22.96,26.515,73,23.9994,2011,10,14,13,132
2,0,0,1,22.14,25.76,68,19.0012,2012,6,2,4,13
1,0,1,1,11.48,13.635,61,12.998,2011,3,8,23,41
3,0,1,1,24.6,28.03,83,0.0,2011,9,14,2,5
1,0,1,1,13.94,17.425,34,6.0032,2012,1,5,19,265
2,0,1,1,28.7,31.82,34,26.0027,2012,6,13,19,671
4,0,0,1,12.3,13.635,49,19.9995,2011,12,18,13,228
1,0,0,1,6.56,9.09,47,7.0015,2012,1,14,0,44
3,0,0,1,28.7,32.575,58,15.0013,2011,7,3,0,144
4,0,0,1,17.22,21.21,62,8.9981,2011,12,4,14,323
3,0,0,1,21.32,25.0,72,15.0013,2011,9,17,17,359
4,0,1,1,18.04,21.97,47,12.998,2012,10,11,1,11
2,0,1,1,30.34,35.605,79,7.0015,2011,6,9,1,16
2,0,1,1,15.58,19.695,46,15.0013,2012,4,3,1,11
4,0,1,2,11.48,12.88,52,19.9995,2012,11,7,4,9
2,0,0,2,15.58,19.695,87,19.0012,2011,4,16,5,4
1,0,1,1,22.14,25.76,10,16.9979,2011,2,18,22,107
1,0,0,1,18.04,21.97,33,19.9995,2012,2,18,21,114
3,0,0,2,27.06,29.545,89,6.0032,2012,9,2,0,99
1,0,1,1,18.04,21.97,44,12.998,2012,2,1,3,3
3,0,1,3,31.16,36.365,66,39.0007,2012,7,16,16,386
3,0,1,1,26.24,28.79,89,7.0015,2011,7,7,5,32
4,0,0,1,10.66,11.365,60,22.0028,2011,11,5,5,2
4,0,1,2,22.14,25.76,73,8.9981,2012,10,1,21,218
3,0,1,1,26.24,28.79,89,8.9981,2012,9,7,0,96
4,0,0,1,20.5,24.24,31,12.998,2012,10,13,16,637
2,0,0,1,33.62,38.635,49,7.0015,2011,6,11,15,374
2,0,1,1,14.76,17.425,62,8.9981,2012,4,6,1,38
2,0,1,2,19.68,23.485,82,7.0015,2012,5,7,7,385
3,0,1,1,35.26,39.395,41,16.9979,2011,7,7,15,166
1,0,1,1,22.14,25.76,49,8.9981,2012,3,15,0,60
1,0,1,3,16.4,20.455,54,11.0014,2012,2,1,6,67
4,0,1,2,21.32,25.0,83,19.0012,2012,11,13,0,23
4,0,1,1,22.96,26.515,46,6.0032,2011,10,17,13,205
4,0,1,2,22.14,25.76,83,12.998,2012,10,18,22,229
2,0,1,3,25.42,30.305,69,22.0028,2012,5,8,14,71
4,0,0,1,16.4,20.455,54,6.0032,2012,10,13,20,255
1,0,1,1,14.76,16.665,50,19.9995,2012,3,7,10,147
2,0,0,1,27.88,31.82,74,8.9981,2011,6,11,5,16
1,0,1,2,22.96,26.515,52,12.998,2012,3,13,0,26
2,0,1,1,20.5,24.24,94,11.0014,2011,5,16,3,4
4,0,0,1,9.84,12.88,65,7.0015,2011,12,10,6,11
4,0,1,1,10.66,12.88,60,12.998,2012,12,6,19,373
3,0,0,2,25.42,27.275,94,6.0032,2011,7,3,6,3
2,0,1,2,30.34,33.335,48,16.9979,2012,5,1,14,204
3,0,1,1,26.24,30.305,69,7.0015,2011,8,16,0,31
2,1,0,2,16.4,20.455,76,19.9995,2011,4,15,21,102
4,0,0,1,18.86,22.725,88,0.0,2011,10,9,2,55
3,0,1,1,29.52,34.85,74,12.998,2011,8,1,1,17
2,0,1,2,24.6,28.79,78,7.0015,2012,6,19,3,8
2,0,1,1,13.94,16.665,71,8.9981,2012,4,10,4,2
1,0,1,2,6.56,11.365,100,0.0,2011,2,7,8,230
4,0,0,1,18.04,21.97,62,8.9981,2012,10,6,23,179
4,0,0,2,17.22,21.21,71,19.0012,2011,10,1,15,195
3,0,1,1,28.7,32.575,65,6.0032,2011,8,9,5,30
2,0,1,2,22.14,25.76,45,15.0013,2012,5,7,21,247
3,0,0,1,27.88,31.82,83,7.0015,2011,9,3,22,162
1,0,0,1,13.12,15.15,49,16.9979,2011,2,6,11,117
4,0,1,1,5.74,7.575,86,8.9981,2011,12,12,7,235
2,0,1,2,23.78,27.275,46,11.0014,2012,6,5,14,276
1,0,1,2,9.84,12.12,48,11.0014,2011,2,4,12,86
1,0,1,2,13.94,15.15,76,19.9995,2011,3,9,14,71
2,1,0,1,14.76,18.18,81,6.0032,2011,4,15,6,47
3,0,1,1,26.24,28.79,89,11.0014,2012,9,6,21,272
2,0,0,1,22.14,25.76,49,19.0012,2011,5,7,9,218
4,0,1,1,19.68,23.485,67,8.9981,2012,12,5,3,7
1,0,0,1,16.4,20.455,50,30.0026,2011,3,12,14,166
3,0,1,1,26.24,28.79,89,7.0015,2011,7,7,4,4
1,0,0,1,9.84,12.88,70,6.0032,2012,2,4,2,44
3,0,0,2,39.36,43.18,31,16.9979,2012,7,7,13,360
3,0,1,1,32.8,36.365,46,6.0032,2012,8,14,13,286
4,0,1,2,18.04,21.97,94,15.0013,2012,12,10,10,133
4,0,1,1,13.94,18.18,61,0.0,2011,12,9,19,199
1,0,1,1,18.04,21.97,72,15.0013,2011,2,18,1,8
3,0,0,1,41.0,43.18,19,11.0014,2012,7,7,16,294
4,1,0,1,13.12,14.395,57,19.0012,2011,11,11,2,11
4,0,0,2,16.4,20.455,87,7.0015,2012,12,9,3,48
4,0,1,2,13.94,16.665,71,12.998,2012,12,7,12,240
1,0,1,2,8.2,9.85,37,16.9979,2011,2,9,16,79
4,0,1,1,18.04,21.97,94,6.0032,2011,10,18,2,5
2,0,0,2,19.68,23.485,55,15.0013,2012,4,1,14,561
2,0,1,1,24.6,28.03,83,8.9981,2012,6,13,4,10
2,0,1,1,15.58,19.695,46,11.0014,2012,4,13,8,563
2,0,0,1,24.6,29.545,18,30.0026,2012,4,8,14,503
4,0,1,1,23.78,27.275,56,19.0012,2011,10,4,15,194
2,0,1,1,12.3,14.395,49,15.0013,2012,4,11,3,2
3,0,1,2,28.7,33.335,84,6.0032,2012,9,6,0,65
1,0,0,1,11.48,12.12,33,30.0026,2011,2,19,23,29
4,0,1,2,18.86,22.725,94,7.0015,2011,11,15,23,80
4,0,1,2,20.5,24.24,55,23.9994,2011,12,15,13,164
4,0,0,1,12.3,16.665,26,0.0,2011,12,11,16,206
1,0,0,1,9.84,14.395,75,0.0,2011,1,1,4,1
3,0,0,1,24.6,29.545,69,7.0015,2011,7,16,1,75
1,0,1,2,13.94,15.91,87,19.0012,2012,1,12,7,220
3,0,1,1,29.52,34.09,70,11.0014,2011,7,19,2,13
2,0,0,2,30.34,34.09,58,11.0014,2011,6,11,17,337
3,0,0,1,29.52,33.335,58,19.0012,2011,9,11,14,342
4,0,0,1,9.84,12.12,70,8.9981,2011,11,12,3,17
4,0,1,1,14.76,18.18,81,6.0032,2012,10,17,4,4
2,0,0,1,17.22,21.21,67,6.0032,2012,5,12,6,33
1,0,1,1,6.56,9.09,55,8.9981,2012,3,6,7,275
1,0,0,1,13.12,16.665,57,8.9981,2012,2,18,11,286
1,0,0,1,13.94,15.91,53,19.0012,2011,3,12,12,158
1,0,1,1,8.2,12.88,80,0.0,2011,2,7,2,3
3,0,1,3,24.6,25.0,100,12.998,2011,9,8,0,14
4,0,1,1,21.32,25.0,68,15.0013,2011,10,4,19,345
1,0,0,1,19.68,23.485,12,32.9975,2011,2,19,0,29
4,0,1,1,13.12,15.91,57,11.0014,2012,11,9,8,693
1,0,1,1,14.76,15.91,46,35.0008,2012,2,2,20,213
3,0,1,1,22.14,25.76,77,0.0,2012,9,13,7,571
1,0,1,2,22.14,25.76,56,15.0013,2012,3,12,21,205
1,0,1,1,6.56,9.09,86,8.9981,2012,2,6,8,444
3,0,1,1,28.7,33.335,79,19.0012,2012,9,5,4,5
4,0,1,3,21.32,25.0,88,32.9975,2011,10,19,9,202
3,0,0,1,33.62,37.12,43,8.9981,2012,7,1,22,151
1,0,1,1,28.7,31.82,23,22.0028,2012,3,14,14,224
2,0,1,1,31.98,34.09,31,8.9981,2011,6,6,14,145
4,0,0,1,9.02,11.365,75,11.0014,2011,11,12,6,7
2,0,1,2,26.24,30.305,69,39.0007,2012,6,13,9,352
3,0,1,1,29.52,34.85,74,27.9993,2011,7,11,20,236
1,0,1,2,10.66,13.635,56,7.0015,2012,1,9,12,103
2,0,0,1,24.6,30.305,23,26.0027,2012,4,8,19,276
3,0,0,1,36.08,40.91,44,31.0009,2012,8,5,13,523
2,0,1,2,28.7,32.575,58,30.0026,2011,5,3,15,154
1,0,0,2,12.3,14.395,56,16.9979,2012,2,5,15,272
1,0,0,3,9.02,11.365,100,11.0014,2011,2,5,13,72
3,0,1,1,31.16,36.365,66,7.0015,2011,7,5,20,284
1,1,0,1,11.48,12.88,52,22.0028,2012,1,16,21,49
1,0,0,2,12.3,16.665,52,0.0,2012,1,8,7,24
2,0,1,3,17.22,21.21,77,12.998,2012,4,18,15,98
2,0,0,1,23.78,27.275,83,6.0032,2012,5,5,8,197
2,0,1,3,22.14,25.76,88,19.0012,2012,5,14,9,110
2,0,0,1,26.24,31.06,57,15.0013,2012,6,17,17,593
1,0,1,2,8.2,9.85,47,12.998,2011,2,16,3,1
2,0,1,2,30.34,32.575,27,32.9975,2011,4,4,14,123
1,0,1,2,8.2,12.88,37,0.0,2011,1,7,17,187
2,0,1,2,23.78,27.275,46,8.9981,2012,6,5,15,272
3,0,1,1,25.42,31.06,53,16.9979,2011,7,14,7,334
2,0,0,2,14.76,17.425,87,15.0013,2011,4,16,4,5
3,0,0,1,18.86,22.725,72,15.0013,2011,9,18,7,44
2,0,1,3,20.5,24.24,77,11.0014,2012,5,10,0,33
3,0,0,3,23.78,27.275,78,6.0032,2011,9,11,23,45
3,0,0,1,32.8,34.85,33,15.0013,2011,7,2,19,305
2,0,1,1,20.5,24.24,36,12.998,2011,5,5,21,180
1,0,0,2,18.04,21.97,62,19.9995,2012,1,1,20,83
1,0,0,1,10.66,15.15,60,0.0,2011,2,6,21,27
1,0,1,1,18.86,22.725,88,0.0,2012,3,16,20,235
1,0,1,1,4.92,7.575,54,7.0015,2012,1,19,3,4
2,0,1,1,26.24,30.305,69,15.0013,2011,5,2,14,181
4,1,0,1,22.14,25.76,73,19.0012,2012,11,12,19,353
3,0,0,1,33.62,39.395,56,8.9981,2012,7,8,0,147
3,0,1,1,28.7,31.82,45,11.0014,2011,8,11,8,390
3,0,1,1,34.44,37.88,44,19.9995,2011,8,8,13,151
4,0,1,1,10.66,14.395,75,6.0032,2012,12,19,5,31
1,0,1,2,12.3,15.15,42,8.9981,2012,2,10,12,176
3,0,1,1,33.62,37.12,43,7.0015,2011,7,12,21,258
1,0,0,2,12.3,13.635,100,19.9995,2011,3,5,7,15
4,0,1,1,24.6,31.06,53,0.0,2012,12,3,14,260
1,0,0,1,3.28,4.545,53,12.998,2011,1,9,5,1
3,0,1,1,20.5,24.24,72,6.0032,2012,9,12,4,5
4,0,1,2,18.86,22.725,87,12.998,2011,12,6,2,3
1,0,0,1,12.3,13.635,28,22.0028,2011,2,12,11,114
4,0,0,2,16.4,20.455,94,7.0015,2012,12,9,4,12
1,0,1,1,9.02,9.09,47,36.9974,2011,2,8,10,48
1,0,1,1,4.92,6.82,50,12.998,2011,1,14,0,14
3,0,1,1,30.34,32.575,33,7.0015,2011,8,12,10,130
4,0,1,3,14.76,16.665,76,19.0012,2012,12,11,3,3
1,0,1,1,14.76,17.425,27,15.0013,2011,3,8,17,248
3,0,0,2,29.52,34.85,74,15.0013,2011,8,13,10,260
1,0,1,1,10.66,13.635,52,8.9981,2011,3,9,2,2
2,0,1,3,22.96,26.515,88,8.9981,2011,5,18,19,331
3,0,0,1,27.06,31.06,44,11.0014,2012,9,16,12,656
2,0,0,1,22.96,26.515,88,7.0015,2012,5,5,4,9
3,0,1,1,32.8,37.12,49,11.0014,2012,7,3,9,272
2,0,0,1,21.32,25.0,52,11.0014,2012,5,19,8,195
4,0,0,1,18.04,21.97,54,0.0,2011,11,6,12,346
2,0,0,1,27.06,31.06,36,0.0,2012,5,19,12,642
3,0,1,2,34.44,12.12,32,30.0026,2012,8,17,16,488
2,0,1,2,28.7,31.82,45,26.0027,2012,6,13,13,255
1,0,0,1,14.76,17.425,46,15.0013,2012,1,8,11,256
3,0,1,1,31.16,36.365,70,27.9993,2012,9,4,16,458
2,0,1,1,16.4,20.455,37,32.9975,2012,4,10,22,127
4,0,1,3,17.22,21.21,88,8.9981,2011,11,16,23,31
1,0,1,1,8.2,10.605,40,8.9981,2011,1,10,16,74
3,0,1,1,35.26,38.635,39,19.9995,2011,8,9,16,285
1,0,1,1,21.32,25.0,52,11.0014,2012,2,1,20,264
3,0,1,1,28.7,33.335,84,0.0,2012,8,7,3,6
3,0,0,1,27.88,31.82,57,0.0,2011,8,13,2,74
2,0,0,3,17.22,21.21,94,30.0026,2011,4,16,11,31
2,0,1,1,18.86,22.725,31,0.0,2012,4,5,13,291
1,0,1,1,9.84,12.12,52,8.9981,2011,3,8,2,1
3,0,0,2,27.06,29.545,89,11.0014,2011,8,13,12,421
2,0,1,1,28.7,31.82,42,11.0014,2012,6,15,19,467
3,0,1,2,30.34,34.85,70,19.0012,2012,9,4,11,198
4,0,1,1,9.84,12.12,75,8.9981,2012,12,19,4,7
4,0,1,2,17.22,21.21,94,7.0015,2011,11,10,9,211
4,0,1,3,21.32,25.0,88,32.9975,2011,10,19,10,123
1,0,1,2,14.76,16.665,57,19.0012,2011,3,15,13,97
1,0,1,1,13.12,15.91,57,11.0014,2012,2,6,21,154
4,0,1,2,17.22,21.21,80,12.998,2012,10,9,8,713
3,0,0,1,18.86,22.725,72,8.9981,2011,9,17,4,5
4,0,1,1,13.12,14.395,42,26.0027,2011,11,17,17,399
3,0,1,2,24.6,27.275,88,12.998,2012,9,18,21,207
4,0,1,3,21.32,25.0,77,16.9979,2011,10,19,7,68
2,0,0,1,22.14,25.76,19,26.0027,2012,4,7,16,615
1,0,1,1,18.04,21.97,72,8.9981,2012,1,12,15,188
3,0,1,2,27.06,30.305,83,11.0014,2012,7,9,9,363
1,0,1,1,6.56,9.09,80,8.9981,2011,3,4,7,83
3,0,1,2,30.34,35.605,74,16.9979,2011,7,8,11,165
4,0,0,1,22.96,26.515,49,30.0026,2011,10,16,18,328
4,0,1,1,9.84,10.605,65,23.9994,2011,12,1,7,276
3,0,1,1,31.16,34.85,55,12.998,2011,7,12,7,330
2,0,1,2,23.78,27.275,78,19.0012,2011,5,18,14,138
1,0,1,1,7.38,9.09,43,12.998,2011,1,5,7,88
4,0,1,2,10.66,12.12,56,19.0012,2012,12,13,3,2
2,0,1,1,26.24,31.06,41,19.0012,2011,6,14,11,143
3,0,1,2,28.7,32.575,54,0.0,2012,7,13,6,127
4,0,1,1,18.04,21.97,88,0.0,2011,10,7,0,67
4,0,1,1,24.6,29.545,73,19.0012,2012,10,5,22,264
1,0,1,1,10.66,12.88,60,11.0014,2012,1,5,22,71
2,0,1,1,22.96,26.515,35,6.0032,2011,4,14,14,137
4,0,1,1,19.68,23.485,55,16.9979,2012,10,16,9,355
1,0,1,2,12.3,15.15,45,11.0014,2012,2,14,11,112
1,0,0,1,16.4,20.455,43,19.0012,2012,2,18,13,384
4,0,1,2,22.14,25.76,94,19.0012,2011,10,19,13,106
1,0,0,1,17.22,21.21,54,11.0014,2011,3,12,18,145
2,0,1,1,30.34,34.85,70,19.0012,2011,6,1,21,190
4,0,1,3,21.32,25.0,83,6.0032,2012,10,15,19,239
3,0,1,1,27.06,31.06,74,0.0,2011,8,2,0,29
2,0,1,2,24.6,31.06,53,22.0028,2012,5,7,17,769
4,1,0,1,19.68,23.485,77,11.0014,2012,11,12,10,266
2,1,0,1,32.8,34.85,33,30.0026,2012,4,16,15,275
3,0,1,1,31.16,35.605,62,12.998,2011,7,18,10,130
4,0,1,1,20.5,24.24,45,11.0014,2011,11,2,14,172
1,0,0,1,14.76,17.425,66,8.9981,2012,1,1,1,93
2,0,1,1,18.86,22.725,88,8.9981,2011,5,12,7,297
3,0,1,1,25.42,28.03,88,7.0015,2012,9,7,1,29
3,0,1,1,35.26,38.635,39,16.9979,2012,8,9,16,417
4,0,1,1,18.86,22.725,88,16.9979,2012,12,10,20,300
1,0,1,1,6.56,6.82,59,22.0028,2011,1,12,9,81
4,0,0,1,17.22,21.21,67,22.0028,2011,10,1,6,19
1,0,1,2,14.76,17.425,34,12.998,2012,1,5,17,412
1,0,1,1,22.96,26.515,56,15.0013,2012,3,12,23,63
2,0,1,2,24.6,29.545,73,12.998,2012,6,18,17,723
3,0,0,1,28.7,33.335,79,12.998,2012,7,1,4,4
2,0,1,1,18.86,22.725,72,8.9981,2011,5,2,0,177
4,0,1,2,18.04,21.97,88,15.0013,2011,11,10,10,117
2,0,1,2,26.24,30.305,69,12.998,2011,6,7,7,334
1,0,1,2,16.4,20.455,87,15.0013,2012,3,16,5,32
1,0,0,2,6.56,6.82,48,26.0027,2012,1,15,3,25
2,0,0,1,24.6,31.06,49,8.9981,2011,5,8,13,390
3,0,1,1,32.8,36.365,46,8.9981,2011,7,12,22,194
3,0,0,1,29.52,35.605,84,12.998,2012,8,4,1,122
2,0,1,1,28.7,32.575,54,31.0009,2011,5,3,17,517
2,0,1,1,16.4,20.455,87,11.0014,2011,4,18,4,6
3,0,0,1,27.06,31.06,74,0.0,2011,7,10,5,17
3,0,0,1,31.98,37.12,62,11.0014,2012,7,8,19,250
2,0,1,1,26.24,31.06,38,15.0013,2011,5,9,16,304
4,0,1,3,25.42,27.275,94,6.0032,2012,10,2,18,687
1,0,0,1,12.3,13.635,36,23.9994,2012,3,10,0,77
2,0,0,1,14.76,18.18,66,6.0032,2012,4,14,3,32
3,0,1,1,28.7,33.335,74,8.9981,2011,7,6,1,15
1,0,1,1,7.38,9.09,26,12.998,2011,2,10,17,165
4,0,1,3,14.76,17.425,62,12.998,2012,11,1,11,170
2,0,0,1,31.98,37.12,59,19.0012,2011,6,12,13,373
4,1,0,1,25.42,30.305,69,6.0032,2011,10,10,11,322
3,0,1,1,27.88,31.82,36,8.9981,2012,9,12,12,352
3,0,1,1,28.7,33.335,79,8.9981,2012,8,9,1,28
1,0,0,1,9.84,12.88,70,6.0032,2012,2,18,5,1
2,0,0,1,21.32,25.0,52,12.998,2011,5,7,8,115
2,0,0,1,20.5,24.24,63,8.9981,2012,4,15,6,16
1,0,0,1,7.38,6.82,37,30.0026,2011,1,9,12,83
2,0,1,1,26.24,31.06,41,31.0009,2012,6,4,10,187
3,0,1,1,28.7,32.575,61,19.0012,2011,7,11,1,10
2,0,1,1,26.24,31.06,44,23.9994,2012,6,13,21,396
2,0,0,2,27.06,31.06,47,7.0015,2011,6,4,21,185
4,0,1,1,18.86,22.725,59,15.0013,2011,10,14,22,143
3,0,1,1,31.16,34.85,52,16.9979,2012,8,15,15,266
4,0,1,1,22.96,26.515,52,0.0,2011,10,7,19,294
1,0,0,1,7.38,7.575,37,26.0027,2011,1,9,17,62
3,0,1,1,26.24,30.305,69,19.9995,2011,8,16,4,5
4,0,1,1,13.94,15.91,31,15.0013,2011,11,18,13,177
1,0,1,1,13.94,16.665,36,11.0014,2012,1,5,18,383
4,0,1,1,18.86,22.725,88,16.9979,2012,10,17,22,215
1,1,0,1,6.56,7.575,59,16.9979,2012,1,16,11,179
2,0,0,1,17.22,21.21,67,15.0013,2011,4,17,1,31
4,0,1,1,15.58,19.695,46,19.0012,2011,12,9,14,187
4,0,1,1,11.48,15.15,61,6.0032,2011,12,12,19,241
1,0,1,2,16.4,20.455,50,23.9994,2012,3,9,6,85
4,0,1,2,11.48,12.88,52,19.0012,2012,12,13,1,23
1,0,1,1,4.92,7.575,54,7.0015,2012,1,19,4,1
3,0,0,1,37.72,41.665,33,16.9979,2012,7,1,13,420
1,0,0,1,18.86,22.725,14,27.9993,2011,2,19,1,31
4,0,1,2,18.86,22.725,67,26.0027,2011,11,10,11,108
4,0,1,1,13.94,16.665,53,11.0014,2012,11,16,18,505
1,0,0,1,9.02,10.605,41,16.9979,2011,2,12,10,84
3,0,0,2,29.52,34.85,74,19.0012,2011,9,4,22,155
2,0,1,1,14.76,17.425,76,8.9981,2011,4,14,2,3
2,0,1,1,24.6,29.545,73,16.9979,2012,5,2,17,729
2,0,1,2,23.78,27.275,68,22.0028,2012,5,14,3,2
3,0,1,1,26.24,29.545,78,0.0,2011,8,19,3,3
1,0,1,1,27.88,31.82,39,19.0012,2011,3,18,16,204
1,0,0,1,20.5,24.24,31,23.9994,2012,3,11,16,509
2,0,1,3,17.22,21.21,88,35.0008,2011,5,4,3,1
4,0,1,1,8.2,12.88,69,0.0,2011,12,12,2,4
3,0,1,3,26.24,28.79,89,0.0,2011,9,7,18,237
3,0,0,1,35.26,40.15,47,12.998,2011,8,7,14,322
2,0,1,2,13.94,16.665,86,8.9981,2011,4,8,4,1
2,0,1,2,27.06,31.06,54,30.0026,2012,6,13,11,246
2,0,1,1,17.22,21.21,62,16.9979,2011,5,10,4,2
1,0,1,1,5.74,10.605,39,0.0,2011,2,10,21,72
3,0,1,3,22.96,26.515,94,8.9981,2011,9,7,3,2
4,0,0,1,20.5,24.24,36,8.9981,2011,10,15,22,166
1,0,1,1,13.94,15.15,42,19.9995,2012,1,5,13,118
1,0,0,1,11.48,15.15,75,6.0032,2012,1,7,10,203
3,0,1,1,25.42,29.545,73,6.0032,2012,8,13,6,159
2,0,0,1,23.78,27.275,56,6.0032,2012,5,12,23,176
3,0,1,2,25.42,27.275,94,19.0012,2012,9,18,3,6
1,0,1,1,9.02,10.605,47,19.0012,2012,1,19,13,124
1,0,1,1,26.24,31.06,57,15.0013,2012,3,19,15,286
1,0,0,1,16.4,20.455,50,22.0028,2011,3,19,7,13
2,0,1,2,20.5,24.24,82,15.0013,2012,5,7,9,350
4,0,1,1,13.94,17.425,66,7.0015,2012,11,19,23,74
1,0,0,1,13.94,16.665,42,8.9981,2012,1,8,3,32
4,0,0,1,22.14,25.76,42,15.0013,2012,11,11,16,653
4,0,1,2,18.04,21.97,75,15.0013,2012,10,9,10,164
2,1,0,1,14.76,18.18,81,7.0015,2011,4,15,5,13
1,1,0,1,11.48,12.88,45,22.0028,2012,1,2,5,4
4,0,0,2,14.76,18.94,93,0.0,2012,12,16,21,106
4,0,1,2,17.22,21.21,94,16.9979,2012,12,17,20,200
3,0,1,3,25.42,29.545,73,7.0015,2011,9,2,1,32
3,0,1,1,26.24,31.06,53,0.0,2011,7,1,3,11
4,0,1,1,13.94,17.425,81,6.0032,2012,10,12,6,143
1,0,1,1,18.86,22.725,55,19.0012,2012,2,2,16,229
3,0,1,1,36.08,38.635,32,11.0014,2011,8,1,11,119
4,0,1,2,20.5,24.24,51,6.0032,2012,10,17,11,234
1,0,1,1,20.5,24.24,63,0.0,2012,3,15,3,7
1,0,1,1,15.58,19.695,27,11.0014,2011,3,8,16,108
4,0,0,1,10.66,14.395,81,6.0032,2011,11,6,6,16
3,0,1,1,27.06,31.06,74,7.0015,2011,8,5,0,54
2,1,0,2,16.4,20.455,76,22.0028,2011,4,15,20,118
2,0,1,1,18.04,21.97,33,0.0,2012,4,5,12,276
1,0,1,2,14.76,17.425,87,12.998,2012,3,2,20,100
2,0,1,2,23.78,27.275,78,7.0015,2012,5,14,23,75
2,0,1,1,19.68,23.485,63,15.0013,2011,4,19,3,3
1,0,1,1,11.48,14.395,61,8.9981,2012,2,7,1,14
4,0,1,3,19.68,23.485,100,27.9993,2011,12,7,6,18
3,0,1,1,27.88,31.82,83,8.9981,2012,8,7,4,9
2,0,1,2,21.32,25.0,59,15.0013,2012,5,8,1,9
3,0,1,1,27.06,31.06,69,11.0014,2011,7,5,4,5
1,0,0,1,17.22,21.21,16,39.0007,2011,2,19,10,106
2,0,1,1,28.7,31.82,34,19.0012,2012,6,7,19,602
2,0,1,1,21.32,25.0,52,19.0012,2011,4,7,17,343
2,0,1,2,14.76,16.665,46,26.0027,2012,4,11,12,182
2,0,0,2,22.14,25.76,88,0.0,2012,6,2,2,41
1,0,0,2,10.66,12.12,70,16.9979,2012,2,5,6,4
4,0,1,2,10.66,11.365,87,19.9995,2011,12,8,0,21
1,0,0,1,5.74,5.305,46,27.9993,2011,1,9,21,20
4,0,1,2,21.32,25.0,77,12.998,2011,10,19,1,16
2,0,0,1,17.22,21.21,28,16.9979,2012,4,7,10,363
3,0,0,2,25.42,29.545,73,0.0,2012,8,19,23,46
2,0,1,1,12.3,13.635,49,26.0027,2012,4,6,6,80
1,0,1,2,6.56,11.365,59,0.0,2011,2,4,1,7
2,0,1,1,20.5,24.24,77,12.998,2012,5,7,2,6
1,0,1,1,9.02,9.09,64,31.0009,2011,3,7,9,134
3,0,0,1,25.42,28.03,88,0.0,2011,9,11,0,108
2,0,1,3,21.32,25.0,94,15.0013,2012,6,18,7,145
4,0,0,1,15.58,19.695,71,0.0,2011,12,4,18,171
4,0,1,1,17.22,21.21,47,19.9995,2012,10,11,3,3
3,0,0,1,29.52,35.605,84,8.9981,2012,7,1,3,33
3,0,0,1,34.44,36.365,30,15.0013,2011,7,2,17,349
3,0,1,1,26.24,12.12,73,7.0015,2012,8,17,5,36
2,0,1,1,27.06,30.305,78,11.0014,2011,6,10,4,4
2,0,1,3,17.22,21.21,77,0.0,2012,4,19,0,25
3,0,1,1,26.24,28.79,83,7.0015,2011,7,18,6,105
3,0,1,1,26.24,28.79,89,0.0,2012,7,11,1,14
1,0,1,1,16.4,20.455,35,12.998,2012,2,17,20,171
3,0,1,1,28.7,33.335,74,15.0013,2011,7,18,1,25
1,0,1,1,10.66,13.635,56,7.0015,2012,2,13,22,102
4,0,0,2,18.04,21.97,67,7.0015,2012,12,2,16,443
3,0,1,1,26.24,29.545,78,19.9995,2011,8,18,7,308
1,0,1,1,23.78,27.275,43,12.998,2012,2,1,17,539
1,1,0,3,7.38,9.09,59,12.998,2011,1,17,19,60
1,0,0,1,20.5,24.24,77,11.0014,2012,3,17,23,185
1,0,1,2,8.2,11.365,64,6.0032,2012,1,9,5,21
4,0,1,1,8.2,12.88,80,0.0,2011,12,13,4,4
4,1,0,1,15.58,19.695,76,19.0012,2012,10,8,0,51
3,0,1,1,24.6,30.305,64,8.9981,2011,7,1,5,30
2,0,1,1,21.32,25.0,72,8.9981,2011,5,11,9,203
1,1,0,1,10.66,12.12,33,16.9979,2012,1,2,18,126
2,0,1,1,23.78,27.275,60,15.0013,2011,6,14,22,188
2,0,1,1,25.42,31.06,50,19.0012,2012,6,13,23,153
1,0,1,1,8.2,12.88,47,0.0,2011,1,3,19,110
2,0,1,1,24.6,30.305,64,12.998,2011,5,12,20,276
4,0,1,1,12.3,15.15,52,11.0014,2011,12,13,22,107
2,0,1,2,17.22,21.21,77,12.998,2012,4,18,17,488
3,0,0,1,28.7,33.335,84,15.0013,2012,8,4,5,17
3,0,1,1,37.72,43.18,37,8.9981,2012,7,18,12,202
1,0,1,3,18.86,22.725,94,7.0015,2012,3,1,1,12
4,0,1,3,22.14,25.76,60,15.0013,2011,11,15,13,153
4,0,1,2,19.68,23.485,88,12.998,2011,11,16,17,233
3,0,0,1,27.88,31.82,39,0.0,2012,9,9,13,729
1,0,1,1,10.66,11.365,70,23.9994,2011,3,1,1,3
3,0,1,1,34.44,40.15,53,0.0,2012,7,16,18,794
2,0,0,1,25.42,30.305,69,6.0032,2012,6,10,5,13
2,0,1,2,18.04,21.97,62,0.0,2012,4,4,7,366
2,0,0,1,24.6,31.06,56,7.0015,2012,6,9,5,19
1,0,1,2,10.66,12.88,55,19.9995,2012,3,5,13,120
2,0,1,1,21.32,25.0,68,6.0032,2012,6,8,6,139
1,0,0,3,11.48,12.12,100,27.9993,2011,3,6,20,11
3,0,1,2,25.42,29.545,73,8.9981,2012,9,17,20,340
2,0,1,1,22.14,25.76,73,23.9994,2012,5,17,6,159
1,0,0,2,17.22,21.21,77,19.9995,2011,3,5,22,63
4,0,1,1,10.66,13.635,65,8.9981,2012,11,9,7,341
4,0,1,2,21.32,25.0,94,8.9981,2011,10,11,2,5
1,0,0,2,7.38,9.85,51,11.0014,2011,1,8,0,25
1,0,1,2,13.94,17.425,87,6.0032,2012,1,11,15,79
2,0,1,1,27.06,31.06,41,19.9995,2012,4,4,17,744
4,1,0,1,13.94,15.91,76,15.0013,2012,10,8,5,19
2,0,1,1,24.6,28.03,83,15.0013,2012,6,13,6,194
3,0,0,2,25.42,29.545,78,6.0032,2011,9,11,3,45
4,0,0,2,15.58,19.695,82,7.0015,2012,12,16,15,338
1,0,1,3,8.2,9.09,100,22.0028,2011,3,7,1,2
3,0,0,1,27.88,31.82,61,15.0013,2011,7,16,23,168
2,0,1,2,22.14,25.76,77,15.0013,2012,5,14,4,6
3,0,1,1,26.24,30.305,73,8.9981,2011,9,15,8,391
2,0,1,3,23.78,27.275,60,0.0,2011,4,11,23,54
4,0,1,2,12.3,14.395,42,15.0013,2012,11,8,5,35
3,0,1,1,27.06,30.305,83,6.0032,2011,8,1,6,100
3,1,0,1,27.88,31.82,74,12.998,2012,7,4,3,32
1,0,1,1,13.12,15.15,22,15.0013,2011,2,15,17,206
4,0,1,1,6.56,9.09,80,7.0015,2012,12,14,6,113
4,0,0,3,17.22,21.21,58,11.0014,2012,10,7,7,35
2,0,0,1,14.76,18.18,71,7.0015,2012,4,14,4,14
1,0,1,1,5.74,5.305,26,31.0009,2012,1,3,17,245
1,0,1,2,12.3,16.665,70,0.0,2012,2,16,1,5
4,0,1,2,24.6,27.275,88,12.998,2012,10,2,12,104
2,0,1,3,16.4,20.455,43,27.9993,2012,4,11,18,585
2,0,1,1,26.24,28.79,83,15.0013,2011,6,16,18,325
2,0,0,1,22.96,26.515,49,6.0032,2012,5,12,10,411
4,0,0,1,19.68,23.485,55,8.9981,2012,11,11,19,277
3,0,1,1,31.16,34.09,45,8.9981,2012,7,12,18,825
4,1,0,1,22.96,26.515,64,16.9979,2012,11,12,15,382
4,0,1,1,9.02,10.605,55,19.0012,2012,12,6,5,32
3,0,1,2,32.8,37.88,55,19.0012,2012,8,8,17,858
4,0,0,2,16.4,20.455,87,7.0015,2012,12,9,5,8
4,0,0,1,10.66,13.635,52,8.9981,2011,12,18,19,135
3,0,1,1,32.8,37.12,52,30.0026,2012,8,10,15,324
3,0,1,1,23.78,27.275,83,0.0,2011,9,13,3,4
3,0,1,1,27.06,31.06,65,15.0013,2011,8,18,2,6
2,0,0,2,14.76,18.94,81,0.0,2011,4,9,13,222
1,0,1,1,21.32,25.0,42,16.9979,2011,3,17,15,125
2,0,0,1,26.24,31.06,38,16.9979,2012,6,2,15,702
2,0,1,1,16.4,20.455,62,11.0014,2011,5,6,1,32
4,0,1,1,13.12,17.425,93,0.0,2011,11,7,4,6
3,0,1,1,25.42,31.06,57,19.9995,2011,7,14,3,6
3,0,0,1,31.16,34.09,45,19.0012,2011,7,2,20,284
1,0,0,1,3.28,4.545,53,12.998,2011,1,9,4,1
4,0,1,1,13.94,16.665,57,11.0014,2012,11,1,23,120
3,0,1,1,29.52,34.85,74,12.998,2012,9,5,8,725
3,0,0,1,28.7,33.335,74,16.9979,2011,7,3,9,181
2,0,1,1,17.22,21.21,94,8.9981,2011,5,12,5,29
2,0,1,1,24.6,30.305,64,6.0032,2012,6,7,10,210
2,0,1,1,26.24,31.06,41,23.9994,2011,6,14,12,169
3,0,0,1,27.06,31.06,36,16.9979,2012,9,9,19,496
3,0,1,2,34.44,39.395,49,19.0012,2012,8,3,11,263
1,0,0,1,20.5,24.24,25,16.9979,2012,3,3,18,303
3,0,1,1,30.34,32.575,37,6.0032,2011,8,10,23,108
4,0,1,1,15.58,19.695,71,8.9981,2011,11,2,21,168
1,0,1,1,10.66,14.395,65,6.0032,2011,3,14,1,1
1,0,0,1,13.12,13.635,33,40.9973,2012,3,4,18,184
4,0,0,1,16.4,20.455,66,15.0013,2011,12,4,13,357
4,0,1,2,14.76,16.665,62,19.0012,2011,12,15,9,280
2,0,1,2,29.52,34.85,79,8.9981,2011,6,9,7,314
2,0,0,1,20.5,24.24,20,12.998,2012,4,7,21,234
4,0,1,2,12.3,15.15,81,8.9981,2012,12,7,9,301
1,0,1,1,10.66,12.12,25,16.9979,2011,2,15,11,57
2,0,0,2,14.76,17.425,87,11.0014,2011,4,16,3,14
3,0,0,1,32.8,38.635,59,7.0015,2012,7,8,3,35
1,0,0,1,18.04,21.97,44,12.998,2012,1,7,13,445
4,0,0,1,22.96,26.515,35,19.0012,2011,10,16,11,377
1,0,1,2,9.84,11.365,93,15.0013,2011,2,2,12,64
1,0,1,2,11.48,14.395,93,7.0015,2012,2,17,7,226
1,0,0,1,6.56,8.335,47,11.0014,2012,1,14,2,38
4,0,0,1,11.48,12.88,61,19.0012,2011,12,10,9,149
4,0,0,1,11.48,13.635,48,16.9979,2011,12,18,16,234
1,0,0,1,15.58,19.695,17,35.0008,2011,2,19,7,22
2,0,1,2,22.14,25.76,88,12.998,2012,5,2,7,358
